symbol,date,entry_price,fwd_return,win,rsi,dist_from_ema200,atr_pct,momentum_5d,in_optimal_zone,prev_weekly_red,prev_weekly_return,prev_weekly_bottom_wick_pct,prev_weekly_large_bottom_wick,daily_bottom_wick_pct,daily_large_bottom_wick,strong_recent_support,prev_weekly_atr_change,prev_atr_declining,prev_atr_declining_2w,prev_atr_contracting,vol_vs_20,vol_above_20,vol_spike,vol_climax,prev_weekly_vol_increasing,sector
META,2022-11-04 04:00:00,90.79,2.5116202224914637,True,25.45335985588869,4.056704853627668,7.489803417309098,-8.477822580645157,False,True,2.5639002840012415,36.855135928515494,True,68.48484848484827,True,True,-0.917089319316855,True,True,True,0.8880795029428068,False,False,False,False,Tech
WMT,2022-05-18 04:00:00,40.81,0.22445479049252626,True,17.284923321055253,-15.184012356304608,3.858219537794387,-17.064139639520626,False,True,-2.242105861751842,19.19642857142854,False,13.352917612498496,False,True,0.9671349989523792,False,False,False,3.3077362159866226,True,True,True,True,Staples
WMT,2022-05-19 04:00:00,39.69,0.2479213907785338,True,15.908384446186348,-17.367740438524446,3.9134924439154464,-19.263628966639544,False,True,-2.242105861751842,19.19642857142854,False,14.73713909526944,False,False,0.9671349989523792,False,False,False,2.0787044050403045,True,True,False,True,Staples
WMT,2022-05-20 04:00:00,39.7333,0.24421329212524512,True,16.186285803153474,-17.135134123808765,3.8439234601833667,-19.486727456940223,False,True,-2.242105861751842,19.19642857142854,False,54.05882352941157,True,True,0.9671349989523792,False,False,False,1.3873592480334163,True,False,False,True,Staples
WMT,2022-05-23 04:00:00,40.8667,0.20415888730922727,True,23.328786683215963,-14.645945330511559,3.7366310682336006,-17.279412508880988,False,True,-1.0095620550695683,27.44396551724158,False,1.5344483658127261,False,False,1.176319902613998,False,False,False,1.1849863300516672,True,False,False,True,Staples
WMT,2022-05-24 04:00:00,41.3767,0.17747427900243373,True,26.369426983123265,-13.46382299085051,3.6266255290509726,-5.496616289772582,False,True,-1.0095620550695683,27.44396551724158,False,3.7350855957114724,False,False,1.176319902613998,False,False,False,0.9192412748899226,False,False,False,True,Staples
WMT,2022-05-25 04:00:00,41.1233,0.1868381185362069,True,25.821484423161756,-13.873866066337847,3.5081803726536736,0.7677039941190733,False,True,-1.0095620550695683,27.44396551724158,False,37.1884057971014,True,False,1.176319902613998,False,False,False,0.71177644051031,False,False,False,True,Staples
WMT,2022-06-09 04:00:00,40.34,0.2733440753594447,True,29.84869543362986,-14.491388618151277,2.9783238639893566,-5.089722445080735,False,False,7.785409215947325,0.6849315068494217,False,0.8928571428575961,False,False,1.3388998486814074,False,False,False,0.4974133203615059,False,False,False,False,Staples
WMT,2022-06-13 04:00:00,39.8033,0.3137101697597937,True,28.994161393774167,-15.380641298510866,2.947644763762649,-4.3725509510298295,False,True,-2.4596805264005983,17.773469058006082,False,14.875802400223318,False,False,-2.1938084181103212,True,False,False,0.618947585341973,False,False,False,False,Staples
WMT,2022-06-14 04:00:00,39.82,0.32035911602209954,True,29.129981819105037,-15.215682700546484,2.845371770702375,-3.1692495495254547,False,True,-2.4596805264005983,17.773469058006082,False,52.45901639344272,True,True,-2.1938084181103212,True,False,False,0.5355169441786932,False,False,False,False,Staples
WMT,2022-06-15 04:00:00,39.7933,0.30281479545551626,True,29.03435873709195,-15.143579576730984,2.7939110187999896,-2.3877331253204126,False,True,-2.4596805264005983,17.773469058006082,False,58.90869929400535,True,True,-2.1938084181103212,True,False,False,0.742951395720125,False,False,False,False,Staples
WMT,2022-06-17 04:00:00,39.43,0.3057747907684505,True,29.608226814907,-15.666226385439035,2.8048868246499747,-2.802051929291749,False,True,-2.4596805264005983,17.773469058006082,False,10.999999999999648,False,False,-2.1938084181103212,True,False,False,1.2490378089359124,True,False,False,False,Staples
V,2022-03-04 05:00:00,200.29,0.11423436017774224,True,29.055128501683008,-8.620853244284904,3.347186319728329,-8.655994892142116,False,True,-0.8901152699274606,10.572139303482526,False,36.06729758149297,True,False,-2.680790011799161,True,True,False,1.2355441466718373,True,False,False,False,Finance
V,2022-03-07 05:00:00,190.7,0.16512847404299946,True,23.477815581364474,-12.883484603668578,3.6481396822679724,-11.76198408291691,False,True,-1.535767210022898,77.85058977719532,True,6.462752836704489,False,False,5.910651739591821,False,False,False,1.496568607363596,True,False,False,False,Finance
V,2022-03-08 05:00:00,191.71,0.14761879922800047,True,25.10832460773633,-12.313708619004775,3.7329832583107403,-8.259558788342824,False,True,-1.535767210022898,77.85058977719532,True,34.25641025641029,True,True,5.910651739591821,False,False,False,1.2012185319354238,True,False,False,False,Finance
V,2022-09-21 04:00:00,187.02,0.2569778633301252,True,27.857243229351464,-10.671559630359848,2.4899309457985717,-6.213329321498417,False,False,3.762135922330101,15.007053315058098,False,0.3284072249591169,False,False,-1.2996486197977997,True,True,True,1.2645655660129234,True,False,False,False,Finance
V,2022-09-22 04:00:00,185.79,0.25604176758706076,True,26.7947023372577,-11.159529834943834,2.4254225243870717,-4.903516404770447,False,False,3.762135922330101,15.007053315058098,False,44.31372549019571,True,False,-1.2996486197977997,True,True,True,1.2182085305700168,True,False,False,False,Finance
V,2022-09-23 04:00:00,183.96,0.2483692106979778,True,25.251491670332328,-11.92913100558551,2.4128111159554724,-4.8318675633729935,False,False,3.762135922330101,15.007053315058098,False,52.765957446808386,True,True,-1.2996486197977997,True,True,True,1.8755640283476218,True,False,False,False,Finance
V,2022-09-26 04:00:00,180.59,0.2708344869594108,True,22.662944360549666,-13.425858959291926,2.4642202651567455,-6.493035779008949,False,True,-5.799220272904471,26.77912493410655,False,14.999999999999968,False,True,4.092947602704511,False,False,True,1.6586825330504353,True,False,False,True,Finance
V,2022-09-27 04:00:00,177.87,0.3024118738404453,True,20.808814712782368,-14.60465636843146,2.637598884378051,-7.393137918467218,False,True,-5.799220272904471,26.77912493410655,False,10.846574362642386,False,True,4.092947602704511,False,False,True,1.5691995163386272,True,False,False,True,Finance
V,2022-09-28 04:00:00,179.18,0.2836812144212524,True,24.032400584533473,-13.855932069625029,2.6413766987451606,-4.1920650197839855,False,True,-5.799220272904471,26.77912493410655,False,46.110056925995956,True,False,4.092947602704511,False,False,True,1.492090353849315,True,False,False,True,Finance
V,2022-09-29 04:00:00,180.06,0.2844051982672442,True,26.205513900376978,-13.316995218309952,2.5801575663092677,-3.0841272404327436,False,True,-5.799220272904471,26.77912493410655,False,2.9871977240403345,False,False,4.092947602704511,False,False,True,1.3666487957450926,True,False,False,True,Finance
V,2022-09-30 04:00:00,177.65,0.28798198705319455,True,24.166644632374474,-14.353822814592403,2.6424676241668634,-3.4300934985866505,False,True,-5.799220272904471,26.77912493410655,False,1.0328638497653884,False,False,4.092947602704511,False,False,True,1.3816822632646775,True,False,False,True,Finance
JPM,2022-03-01 05:00:00,136.45,0.03385855624770984,True,29.124362705542804,-12.51678549364795,3.5109369443394773,-10.153420688746962,False,True,-1.156444906444909,31.513956625505596,True,41.59420289855051,True,False,-2.11824740480705,True,True,False,2.2626640708355965,True,True,False,False,Finance
JPM,2022-03-07 05:00:00,129.21,0.066480922529216,True,26.016952361348814,-16.72483810033916,3.7058276156750605,-8.878702397743298,False,True,-2.7408965426580667,60.576923076923016,True,6.919517479337871,False,True,4.859987393520737,False,False,False,1.5573101675331735,True,False,False,False,Finance
JPM,2022-03-08 05:00:00,128.3,0.015900233826968035,True,25.376304534434137,-17.168649612863167,3.717175047810862,-5.9728838402345,False,True,-2.7408965426580667,60.576923076923016,True,22.787610619469387,False,True,4.859987393520737,False,False,False,1.0653849591578506,True,False,False,False,Finance
JPM,2022-04-27 04:00:00,121.42,0.13852742546532704,True,29.36683850214102,-18.240983928881043,2.8655099837444262,-7.721538227694191,False,True,-5.521012809948312,11.133603238866472,False,8.547008547008655,False,True,0.8405756635139205,False,False,False,1.1405735959377743,True,False,False,True,Finance
JPM,2022-04-29 04:00:00,119.36,0.16387399463806962,True,29.678337164545116,-19.335881899980397,2.9347509658756543,-5.874930999132566,False,True,-5.521012809948312,11.133603238866472,False,9.766454352441494,False,True,0.8405756635139205,False,False,False,0.9789776621870402,False,False,False,True,Finance
JPM,2022-09-27 04:00:00,105.85,0.39433160132262657,True,29.925660033878753,-17.315423003924355,2.994973912630763,-8.616075282741953,False,True,-1.7537970965847083,32.9835082458771,True,34.0909090909088,True,True,-0.749872872497781,True,False,True,1.119583486909903,True,False,False,True,Finance
XOM,2022-09-26 04:00:00,83.98,0.43129316503929505,True,29.587911623416417,-0.7424778119673273,3.450119357535627,-9.892703862660944,False,True,-3.4093264248704735,16.828929068150128,False,3.862660944206158,False,False,0.2153754514671924,False,False,False,1.1211763642261354,True,False,False,True,Energy
PG,2022-09-27 04:00:00,131.98,0.10880436429762086,True,29.774795030988194,-9.423705775196753,1.9563715868768174,-4.014545454545459,False,True,-1.2003429551300404,31.782945736434243,True,5.162523900573276,False,True,-1.784910057791278,True,True,True,1.1486626108169216,True,False,False,True,Staples
PG,2022-09-28 04:00:00,131.98,0.10516744961357793,True,29.774795030988194,-9.338694285619889,1.9156717394778602,-2.762837987180433,False,True,-1.2003429551300404,31.782945736434243,True,43.169398907103094,True,True,-1.784910057791278,True,True,True,1.4967165593659904,True,False,False,True,Staples
PG,2022-09-29 04:00:00,128.7,0.12812742812742828,True,24.680078413637634,-11.489742596038592,2.0306330504449686,-5.513545260994068,False,True,-1.2003429551300404,31.782945736434243,True,12.18836565096942,False,False,-1.784910057791278,True,True,True,1.0299093304497744,True,False,False,True,Staples
PG,2022-09-30 04:00:00,126.25,0.15239603960396053,True,21.694080963756768,-13.060699988080515,2.082292592192066,-6.881545950730206,False,True,-1.2003429551300404,31.782945736434243,True,1.4134275618376777,False,False,-1.784910057791278,True,True,True,1.3434435542694572,True,False,False,True,Staples
PG,2022-10-06 04:00:00,126.48,0.13345983554712215,True,29.583022905738147,-12.508914085734052,2.0554416403466207,-1.7249417249417087,False,True,-1.9525600231414475,36.141906873614566,True,4.7970479704800475,False,True,-2.374738625634143,True,True,True,0.8047447100945165,False,False,False,False,Staples
PG,2022-10-07 04:00:00,124.27,0.16504385611973937,True,26.67016297131255,-13.91741760174007,2.1046565443467147,-1.5683168316831697,False,True,-1.9525600231414475,36.141906873614566,True,18.085106382978445,False,True,-2.374738625634143,True,True,True,0.8890946561378217,False,False,False,False,Staples
PG,2022-10-10 04:00:00,123.76,0.15546218487394947,True,26.033124109474695,-14.14879156010145,2.08300263987762,-3.69621041164111,False,True,-6.881545950730206,0.37278657968318957,False,57.48792270531409,True,True,4.477193270158253,False,False,True,1.000853170011824,True,False,False,True,Staples
PG,2022-10-11 04:00:00,124.23,0.1536665861708122,True,27.74595615946859,-13.704065436427152,2.047642786563118,-4.511913912375087,False,True,-6.881545950730206,0.37278657968318957,False,4.28571428571443,False,True,4.477193270158253,False,False,True,0.803060594524487,False,False,False,True,Staples
PG,2022-10-12 04:00:00,124.43,0.16282247046532183,True,28.504659618389226,-13.448311715301639,1.9890257424550635,-3.6919504643962764,False,True,-6.881545950730206,0.37278657968318957,False,1.4285714285721536,False,False,4.477193270158253,False,False,True,0.9877048827069206,False,False,False,True,Staples
NVDA,2022-01-21 05:00:00,23.374,-0.175793616839223,False,29.294687012628383,3.3180031525316247,6.234940652723461,-12.045155221072434,False,True,-7.357791302573869,5.199781061850063,False,7.1153846153844365,False,False,2.915833106499499,False,False,False,1.6433759608340108,True,False,False,False,Tech
NVDA,2022-01-24 05:00:00,23.372,-0.17324148553825092,False,29.288945825069135,3.275157328127328,6.55167824936388,-13.250686660233091,False,False,-1.119389290564099,31.756573597180832,True,57.86516853932577,True,False,0.7510014019989963,False,False,False,1.9646146882705815,True,False,False,True,Tech
NVDA,2022-01-25 05:00:00,22.324,-0.11297258555814382,False,26.372341388064296,-1.3423901493345398,6.80828996523192,-13.816932401652304,False,False,-1.119389290564099,31.756573597180832,True,34.358430540827264,True,True,0.7510014019989963,False,False,False,1.3868681432580487,True,False,False,True,Tech
NVDA,2022-01-26 05:00:00,22.772,-0.1056999824345688,False,29.599717697873135,0.6310963522631363,6.748724772872343,-9.155463358200034,False,False,-1.119389290564099,31.756573597180832,True,26.86397268070565,False,True,0.7510014019989963,False,False,False,1.523968740968581,True,False,False,True,Tech
NVDA,2022-01-27 05:00:00,21.944,-0.12677725118483418,False,27.224489362150774,-2.9986699968306825,7.25829867865618,-9.134575569358173,False,False,-1.119389290564099,31.756573597180832,True,11.594827586206824,False,False,0.7510014019989963,False,False,False,1.1293724757844035,True,False,False,True,Tech
NVDA,2022-04-27 04:00:00,18.415,0.5068693999456964,True,29.737946564922783,-20.586692464218867,7.025821169862952,-14.277069174192347,True,True,-8.049656126995119,5.885997521685181,False,14.253135689851728,False,False,-2.617778603730936,True,False,False,0.9063008881125101,False,False,False,False,Tech
NVDA,2022-09-01 04:00:00,13.937,2.483389538638158,True,29.845576543092463,-29.18277107973184,6.501149243596727,-22.196170379054326,True,True,-4.596718157036717,5.667144906743222,False,60.0828978194268,True,True,-2.8952919424809265,True,True,True,2.0562855752511946,True,True,False,False,Tech
NVDA,2022-09-02 04:00:00,13.647,2.448450208837107,True,28.740041883473204,-30.444158583558036,6.468636336107876,-16.07011070110702,True,True,-4.596718157036717,5.667144906743222,False,9.655172413793265,False,True,-2.8952919424809265,True,True,True,1.2558563118091417,True,False,False,False,Tech
NVDA,2022-09-06 04:00:00,13.465,2.434162643891571,True,28.03810333173946,-31.156875073474595,6.314822773461537,-14.783874438326695,True,True,-8.902459521541816,1.3450292397662706,False,26.635514018691413,False,True,-1.7770741604864804,True,True,True,0.9426233117098105,False,False,False,True,Tech
NVDA,2022-09-26 04:00:00,12.228,2.473012757605496,True,28.88381330987975,-34.74091065596255,5.53923315867978,-8.623524136900318,True,True,-8.264405365955374,30.103626943005164,True,3.146067415730188,False,False,-0.9103953313584823,True,True,True,0.8736711103966923,False,False,False,True,Tech
AVGO,2022-01-21 05:00:00,53.323,0.09714382161543789,True,23.674955549631804,0.6916180816485354,3.3983235513211465,-10.710159245801165,False,True,-6.952104717392283,1.2842943826080973,False,7.855361596009981,False,False,6.279231487706594,False,False,False,1.5878930438382355,True,False,False,True,Tech
AVGO,2022-01-24 05:00:00,54.158,0.08142841316149041,True,28.045448468084626,2.245299027064696,3.504052280170015,-9.18724952630079,False,True,-3.6792376645400915,11.208002051808112,False,58.087014280969704,True,False,2.022310736467503,False,False,False,2.1284262201851045,True,True,False,True,Tech
AVGO,2022-01-25 05:00:00,53.414,0.12064252817613341,True,26.58472925982847,0.8322610313865737,3.582316599798367,-7.55464788244864,False,True,-3.6792376645400915,11.208002051808112,False,17.847025495750696,False,True,2.022310736467503,False,False,False,1.440606250925636,True,False,False,True,Tech
AVGO,2022-09-29 04:00:00,45.013,0.8549085819652102,True,28.705631708427276,-15.710768512172235,3.270933532469728,-5.75364837419653,False,True,-3.809341500765695,30.531400966183643,True,31.837477258944713,True,True,0.8034874051540353,False,False,True,1.464203987148401,True,False,False,True,Tech
AVGO,2022-09-30 04:00:00,44.401,0.835161370239409,True,27.124117076390625,-16.717081332564867,3.307340092503995,-5.26371938209439,False,True,-3.809341500765695,30.531400966183643,True,2.6438240270728617,False,False,0.8034874051540353,False,False,True,1.004517136553411,True,False,False,True,Tech
HD,2022-02-22 05:00:00,316.17,-0.0533257424803113,False,22.00185589574701,-9.64298128895915,3.276016418382252,-10.06656047331892,False,True,-2.607946172880693,9.137388984746385,False,15.694330320460137,False,False,0.26283860446645324,False,False,False,4.132854399407498,True,True,True,False,Consumer
HD,2022-02-23 05:00:00,308.45,-0.03822337493921202,False,20.019198737655124,-11.745195597213037,3.426143492346273,-12.6847081469739,False,True,-2.607946172880693,9.137388984746385,False,10.150375939849402,False,False,0.26283860446645324,False,False,False,2.1816513698477467,True,True,False,False,Consumer
HD,2022-02-24 05:00:00,313.24,-0.05500574639254252,False,24.56158200315815,-10.28204758557081,3.455417909312964,-10.525864777628602,False,True,-2.607946172880693,9.137388984746385,False,5.017916080654028,False,False,0.26283860446645324,False,False,False,1.6281212552357969,True,False,False,False,Consumer
HD,2022-02-25 05:00:00,316.65,-0.06350860571609018,False,27.709217950645325,-9.221305526468745,3.3969065387362143,-8.99292981548544,False,True,-2.607946172880693,9.137388984746385,False,56.83486006376845,True,False,0.26283860446645324,False,False,False,1.2288967639042445,True,False,False,False,Consumer
HD,2022-02-28 05:00:00,315.83,-0.07928315866130498,False,27.413012635553127,-9.371111134524474,3.3021145917968266,-8.948597457260654,False,True,-0.9763338947729072,20.79579579579567,False,44.51462113507843,True,True,-1.9355789417476843,True,False,False,1.0702486384509726,True,False,False,False,Consumer
HD,2022-09-15 04:00:00,271.54,0.16837298372247167,True,29.248015715388323,-12.877083398055984,2.851473894078649,-9.456485495165046,False,True,-2.079838980208004,39.30197268588748,True,13.386880856760428,False,False,-2.161265355895148,True,False,True,1.1668043532004744,True,False,False,False,Consumer
HD,2023-10-27 04:00:00,276.46,0.429031324603921,True,22.267475975675,-9.934296215210201,1.8086836373051376,-3.474040710869053,False,False,-0.3073560549142762,5.550581915846049,False,40.66543438077594,True,True,-0.8285603991799673,True,False,True,1.0714678274273495,True,False,False,False,Consumer
TSLA,2022-05-12 04:00:00,242.6667,-0.31449185240496536,False,29.977887799461477,-18.89472212638675,8.629378421150916,-16.63610945356695,False,True,-13.361542872340394,26.246455036135824,False,26.36207175755932,False,True,4.655219400067878,False,False,True,1.65237182512102,True,False,False,True,Consumer
TSLA,2022-05-24 04:00:00,209.3867,-0.11899848462199358,False,29.20258214426166,-28.839283281857842,9.419744559756653,-17.52207822901486,True,True,-11.096863628487274,54.09038217714175,True,22.758757173956067,False,True,4.094748319879971,False,False,False,0.9646148151000182,False,False,False,True,Consumer
TSLA,2022-10-07 04:00:00,223.07,0.18178150356390366,True,26.998155690031396,-20.13821275704212,6.129347570774127,-15.90197926484449,True,True,-9.236855117850684,6.124938994631503,False,8.36553399992021,False,True,1.8959636187073192,False,False,True,1.1758812527916116,True,False,False,True,Consumer
TSLA,2022-10-10 04:00:00,222.96,0.17953893074991023,True,26.969999388746384,-20.01701058991936,5.970877644280716,-8.019801980198016,True,True,-3.661061271928223,10.478703354692708,False,53.31217127366248,True,True,-1.4001047735740624,True,False,True,0.9390463045101037,False,False,False,True,Consumer
TSLA,2022-10-11 04:00:00,216.5,0.19570438799076206,True,25.301189149253894,-22.161439271771325,6.064490080631728,-13.205580500320712,True,True,-3.661061271928223,10.478703354692708,False,13.953488372093023,False,True,-1.4001047735740624,True,False,True,1.058361996318436,True,False,False,True,Consumer
TSLA,2022-10-12 04:00:00,217.24,0.15595654575584605,True,25.867064920522566,-21.724852204088474,5.868262005135203,-9.787799509987128,True,True,-3.661061271928223,10.478703354692708,False,49.037856711896346,True,True,-1.4001047735740624,True,False,True,0.9205779300901946,False,False,False,True,Consumer
TSLA,2022-10-13 04:00:00,221.72,0.14522821576763478,True,29.356159102284582,-19.950450659209988,5.879254430923956,-6.891193885692692,False,True,-3.661061271928223,10.478703354692708,False,12.403100775193865,False,True,-1.4001047735740624,True,False,True,1.2392273202356148,True,False,False,True,Consumer
TSLA,2022-10-14 04:00:00,204.99,0.24323137714034826,True,24.683981708574564,-25.798737492954686,6.674934596641638,-8.105079123145199,True,True,-3.661061271928223,10.478703354692708,False,3.7556561085973423,False,False,-1.4001047735740624,True,False,True,1.26681409146603,True,False,False,True,Consumer
TSLA,2022-11-08 05:00:00,191.3,0.09764767381076833,True,28.643337390593263,-28.311636716755462,6.775743852532854,-16.030199280133427,True,False,6.565939190449543,20.53645698776675,False,53.84615384615405,True,True,0.6673222360685349,False,False,True,1.5668137005249083,True,False,False,False,Consumer
TSLA,2022-11-09 05:00:00,177.59,0.2086829213356609,True,24.475346604326297,-33.22712538146543,7.532437229760346,-17.392315564238526,True,False,6.565939190449543,20.53645698776675,False,2.503995737879592,False,False,0.6673222360685349,False,False,True,1.4902833077538393,True,False,False,False,Consumer
TSLA,2022-11-21 05:00:00,167.87,0.39518675165306494,True,28.310705370124445,-35.390317769430766,7.118341875365827,-12.086933752291174,True,True,-5.542970067961628,59.31403398363749,True,3.575297941495253,False,True,-0.17192260881339072,True,False,True,1.07036093656371,True,False,False,True,Consumer
TSLA,2022-11-22 05:00:00,169.91,0.38573362368312636,True,29.95424157232311,-34.37921201546229,6.729583165049395,-12.606727702911225,True,True,-5.542970067961628,59.31403398363749,True,51.63674762407605,True,True,-0.17192260881339072,True,False,True,0.9135826608913695,False,False,False,True,Consumer
TSLA,2022-12-16 05:00:00,150.23,0.7121746655128804,True,28.62406441037271,-38.91068303614369,6.756166757621031,-16.09606255235969,True,False,6.5623974625396375,5.999008428358992,False,1.7351598173515745,False,False,-2.495075064087704,True,True,True,1.3865565439192566,True,False,False,False,Consumer
TSLA,2022-12-19 05:00:00,149.87,0.6490291586041235,True,28.481051136497168,-38.819307882190536,6.73809020959417,-10.695983792158259,True,True,-8.113517397105618,44.97973885637103,True,42.948038176034025,True,False,-1.0456210402728483,True,True,True,1.3475683266009322,True,False,False,True,Consumer
TSLA,2022-12-20 05:00:00,137.8,0.8468795355587806,True,24.128322183510036,-43.50064886199734,7.437740273820455,-14.38334886610747,True,True,-8.113517397105618,44.97973885637103,True,1.2950971322850577,False,False,-1.0456210402728483,True,True,True,1.4938115131848708,True,False,False,True,Consumer
TSLA,2022-12-21 05:00:00,137.57,0.8357199970923894,True,24.052886286649247,-43.34921098004061,7.196838973676758,-12.264030612244914,True,True,-8.113517397105618,44.97973885637103,True,31.28491620111742,True,True,-1.0456210402728483,True,True,True,1.319948444618096,True,False,False,True,Consumer
TSLA,2022-12-22 05:00:00,125.35,1.0471479856402075,True,20.403045029637823,-48.13166169828796,8.206677753098896,-20.49850954525274,True,True,-8.113517397105618,44.97973885637103,True,21.50313152400829,False,False,-1.0456210402728483,True,True,True,1.8239330456178895,True,False,False,True,Consumer
TSLA,2022-12-23 05:00:00,123.15,1.1229395046691026,True,19.819941977054413,-48.79211123398892,8.197274944934925,-18.02569393596485,True,True,-8.113517397105618,44.97973885637103,True,28.036276045437308,False,True,-1.0456210402728483,True,True,True,1.3805725785372813,True,False,False,True,Consumer
TSLA,2022-12-27 05:00:00,109.1,1.3206232813932175,True,16.564142733747794,-54.386375757807734,9.534128141347106,-27.203576432908527,False,True,-16.09606255235969,0.6952067325283485,False,3.1164069660860614,False,False,-0.21456778086058614,True,True,True,1.6462696891633473,True,False,False,True,Consumer
TSLA,2022-12-28 05:00:00,112.71,1.2045958654955196,True,20.191736616770278,-52.627826728673774,9.078452883425605,-18.207547169811335,False,True,-16.09606255235969,0.6952067325283485,False,26.276463262764622,False,False,-0.21456778086058614,True,True,True,1.6534081686833022,True,False,False,True,Consumer
TSLA,2022-12-29 05:00:00,121.82,1.0392382203250699,True,28.625212634996046,-48.54905505022662,8.436347256128304,-11.448717016791454,True,True,-16.09606255235969,0.6952067325283485,False,47.572016460905445,True,True,-0.21456778086058614,True,True,True,1.5932659881098377,True,False,False,True,Consumer
TSLA,2022-12-30 05:00:00,123.18,0.9357850300373436,True,29.81753201908447,-47.725116800922414,8.02153973026706,-1.7311527722377207,True,True,-16.09606255235969,0.6952067325283485,False,4.228329809725214,False,True,-0.21456778086058614,True,True,True,1.1021037234954307,True,False,False,True,Consumer
TSLA,2023-01-03 05:00:00,108.1,1.201017576318224,True,24.858757971018196,-53.876336069571494,9.712708095457815,-12.220868859114908,False,True,-18.02569393596485,6.222611744084165,False,24.435028248587532,False,True,1.0496729507992741,False,False,True,1.5319820158623882,True,False,False,True,Consumer
TSLA,2023-01-04 05:00:00,113.64,1.0898451249560015,True,29.49750028129817,-51.262742623964655,9.023651560408098,4.161319890009163,False,True,-18.02569393596485,6.222611744084165,False,22.489391796322515,False,False,1.0496729507992741,False,False,True,1.1605343068294942,True,False,False,True,Consumer
TSLA,2023-01-05 05:00:00,110.34,1.1791734638390428,True,28.37385537511893,-52.428677695569945,9.049179758164433,-2.1027415491083223,False,True,-18.02569393596485,6.222611744084165,False,69.28037647879046,True,True,1.0496729507992741,False,False,True,0.9951351260581456,False,False,False,True,Consumer
TSLA,2023-04-26 04:00:00,153.75,0.09456910569105692,True,29.538573574001333,-24.74418135409583,5.307761304009746,-14.862395481477385,True,False,-0.03242191721604115,24.750235870393993,False,8.100929614874017,False,True,-3.022748924606755,True,False,True,1.1534384519209688,True,False,False,False,Consumer
TSLA,2023-08-17 04:00:00,219.22,0.015965696560532816,True,28.822402780097686,-1.3974811509226623,4.352569305895524,-10.646449824733029,False,True,-4.721513286293344,18.128025820333562,False,4.930467762325999,False,False,-1.757956046485487,True,True,False,1.1354510854090158,True,False,False,False,Consumer
TSLA,2023-08-18 04:00:00,215.49,0.026033690658499253,True,27.398658683569497,-3.045523268751097,4.339019100024336,-11.193076447558214,False,True,-4.721513286293344,18.128025820333562,False,33.71647509578528,True,False,-1.757956046485487,True,True,False,1.2965641167861954,True,False,False,False,Consumer
TSLA,2023-10-20 04:00:00,211.99,0.02820887777725356,True,27.334264687331963,-8.928342683327566,5.194918676071891,-15.582191780821919,False,False,4.120374070817667,10.438512869399407,False,18.600573418951477,False,False,-0.9548877143634615,True,True,False,1.1794556313888889,True,False,False,False,Consumer
TSLA,2023-10-23 04:00:00,212.08,0.0074028668427008615,True,27.413959226635185,-8.809015824306872,5.3091557538348875,-16.477630749842465,False,True,-3.6118681149963416,4.807692307692339,False,51.76226675881141,True,True,-1.5682345409998022,True,True,True,1.2617981879330094,True,False,False,False,Consumer
TSLA,2023-10-25 04:00:00,212.42,0.26725355427925823,True,29.77991410447322,-8.521789634426165,5.147417134090055,-12.469095104664586,False,True,-3.6118681149963416,4.807692307692339,False,2.7848101265822622,False,True,-1.5682345409998022,True,True,True,0.9028447370200623,False,False,False,False,Consumer
TSLA,2023-10-26 04:00:00,205.76,0.27580676516329716,True,27.300710563488842,-11.28936625745917,5.278822247522886,-6.519467538957802,False,True,-3.6118681149963416,4.807692307692339,False,8.870967741935424,False,False,-1.5682345409998022,True,True,True,0.9715074523160586,False,False,False,False,Consumer
TSLA,2023-10-27 04:00:00,207.3,0.2519054510371441,True,28.777228700317192,-10.530824377535,5.094485581095038,-2.2123685079484923,False,True,-3.6118681149963416,4.807692307692339,False,23.04216867469886,False,False,-1.5682345409998022,True,True,True,0.8110558064498707,False,False,False,False,Consumer
TSLA,2023-10-30 04:00:00,197.36,0.3049756789623024,True,25.217183259270755,-14.695056012872193,5.696308845508214,-6.940777065258397,False,True,-15.582191780821919,3.357355173962367,False,30.398009950248834,True,False,7.004545600512713,False,False,False,1.1621996949285613,True,False,False,True,Consumer
TSLA,2023-10-31 04:00:00,200.84,0.24402509460266875,True,28.54981608046,-13.076806035083838,5.508260192457222,-7.241825235544064,False,True,-15.582191780821919,3.357355173962367,False,23.482245131729748,False,True,7.004545600512713,False,False,False,0.9985941626239067,False,False,False,True,Consumer
TSLA,2024-01-18 05:00:00,211.88,1.0014630923164054,True,28.79238462038071,-9.236388695316373,3.935080083348667,-9.42976831666239,False,True,-4.422891178364452,15.840463856048059,False,36.0505166475315,True,True,-2.0325698184132657,True,True,True,1.0377305973816853,True,False,False,False,Consumer
TSLA,2024-01-19 05:00:00,212.19,0.9563127385833452,True,29.19170153264634,-9.021181795148731,3.838184775362681,-6.614734618431473,False,True,-4.422891178364452,15.840463856048059,False,43.16163410301969,True,True,-2.0325698184132657,True,True,True,0.9783029540562608,False,False,False,False,Consumer
TSLA,2024-01-22 05:00:00,208.8,0.9749999999999999,True,27.383280986415542,-10.381276196457325,4.016323740180177,-4.609621270958009,False,True,-7.831908711945779,7.21953203125315,False,21.942758022549878,False,True,0.5460345360150276,False,False,True,1.1338561967521787,True,False,False,True,Consumer
TSLA,2024-01-23 05:00:00,209.14,0.9440566127952568,True,27.865944284092095,-10.143832000084531,3.993138280695459,-4.897458051020875,False,True,-7.831908711945779,7.21953203125315,False,17.57824369492541,False,True,0.5460345360150276,False,False,True,1.0256319713596025,True,False,False,True,Consumer
TSLA,2024-01-24 05:00:00,207.83,0.9109368233652502,True,27.118045042389593,-10.611439061466674,3.9361236932384385,-3.5815356065877935,False,True,-7.831908711945779,7.21953203125315,False,17.78523489932896,False,False,0.5460345360150276,False,False,True,1.1700199931543664,True,False,False,True,Consumer
TSLA,2024-01-25 05:00:00,182.63,1.1797623610578767,True,17.42792812480077,-21.28205505876543,5.2454140820060395,-13.804983953181049,True,True,-7.831908711945779,7.21953203125315,False,19.860896445131328,False,False,0.5460345360150276,False,False,True,1.7843456481364592,True,False,False,True,Consumer
TSLA,2024-01-26 05:00:00,183.25,1.123328785811733,True,18.202367110421743,-20.849313859023137,5.036682775037193,-13.638720015080818,True,True,-7.831908711945779,7.21953203125315,False,24.572649572649656,False,False,0.5460345360150276,False,False,True,0.9677356379518963,False,False,False,True,Consumer
TSLA,2024-01-29 05:00:00,190.93,1.096475147959985,True,27.29840346656003,-17.387996131729206,4.796685973480316,-8.558429118773947,False,True,-3.060898168029602,29.064657878217158,False,25.09603072983364,False,False,-2.088111217124755,True,False,True,1.120378598415484,True,False,False,False,Consumer
TSLA,2024-01-30 05:00:00,191.59,1.1118012422360248,True,28.03899048933371,-16.961115823387555,4.653067296949496,-8.391508080711475,False,True,-3.060898168029602,29.064657878217158,False,17.045553371714707,False,False,-2.088111217124755,True,False,True,0.9819388855986665,False,False,False,False,Consumer
TSLA,2024-01-31 05:00:00,187.29,1.0485877516151425,True,26.168641977331884,-18.672484710744726,4.729741167056895,-9.883077515276916,False,True,-3.060898168029602,29.064657878217158,False,14.144335987986418,False,False,-2.088111217124755,True,False,True,0.9223048307513309,False,False,False,False,Consumer
TSLA,2024-02-01 05:00:00,188.86,1.076723498888065,True,28.055645732095286,-17.843668801176264,4.567189566464621,3.411268685320046,False,True,-3.060898168029602,29.064657878217158,False,75.35714285714292,True,True,-2.088111217124755,True,False,True,0.8315005288232649,False,False,False,False,Consumer
TSLA,2024-02-02 05:00:00,187.91,1.0125059869086268,True,27.596038050139377,-18.108164501099242,4.523165527491357,2.5429740791268696,False,True,-3.060898168029602,29.064657878217158,False,45.44095665171888,True,True,-2.088111217124755,True,False,True,0.9978177893065773,False,False,False,False,Consumer
TSLA,2024-02-05 05:00:00,181.06,1.0673809786811002,True,24.48173512003946,-20.92745725204007,4.8678908513048995,-5.1694338239145265,True,True,-13.638720015080818,8.452570217276092,False,62.56463288521201,True,True,5.087806491508107,False,False,True,1.186119936664143,True,False,False,True,Consumer
TSLA,2024-02-06 05:00:00,185.1,0.953646677471637,True,29.532731244096432,-19.008675628075792,4.783493141925001,-3.3874419332950656,False,True,-13.638720015080818,8.452570217276092,False,1.0660980810233942,False,True,5.087806491508107,False,False,True,1.067753052029222,True,False,False,True,Consumer
TSLA,2024-03-14 04:00:00,162.5,0.38652307692307697,True,27.69259799195939,-25.892903189377662,5.138748014912639,-9.040022390148339,True,False,5.55816012918684,2.1323529411764133,False,18.667917448405344,False,True,-2.590930667189495,True,True,True,1.2285967562224258,True,False,False,True,Consumer
TSLA,2024-03-15 04:00:00,163.57,0.4419514580913373,True,29.02872409881565,-25.215893127940276,4.933691639884607,-6.712672521957341,True,False,5.55816012918684,2.1323529411764133,False,54.243417335291966,True,True,-2.590930667189495,True,True,True,0.9548793899007736,False,False,False,True,Consumer
TSLA,2024-04-22 04:00:00,142.05,0.826891939457937,True,27.83527846153709,-31.49488242566373,5.179751145366066,-12.032449838989335,True,False,3.7295330503335444,13.56080489938767,False,31.175166297117457,True,True,-2.1089163684991585,True,True,True,1.1177714683653115,True,False,False,True,Consumer
AAPL,2022-09-30 04:00:00,138.2,0.2474674384949349,True,28.534191048174172,-10.845268313337517,3.536239593417572,-8.130027255201766,False,True,-4.23841901251828,14.663310258023825,False,3.9215686274507617,False,True,4.994186383199972,False,False,True,1.2437568337055431,True,False,False,True,Tech
AAPL,2022-12-28 05:00:00,126.04,0.527530942557918,True,29.714333029033284,-15.676537241692426,3.5069013053425335,-4.73167044595616,False,True,-5.381260551491285,4.803192275481555,False,3.2961706253029908,False,True,3.7340419645196965,False,False,True,1.0463496404811359,True,False,False,True,Tech
ABBV,2022-06-13 04:00:00,139.42,-0.022880504949074676,False,29.645531085728514,0.17217644818363853,2.666816013842094,-4.852248686275862,False,True,-1.8866666666666698,71.4046822742473,True,19.482496194824567,False,False,-0.943752740430881,True,True,False,0.9691238443914478,False,False,False,False,Health
ABBV,2022-06-14 04:00:00,137.62,-0.01257084726057267,False,27.566499192732742,-1.1100779483510772,2.7340800508897383,-7.724285905860251,False,True,-1.8866666666666698,71.4046822742473,True,29.98618148318741,False,True,-0.943752740430881,True,True,False,0.9526985295551108,False,False,False,False,Health
ABBV,2022-06-15 04:00:00,138.09,0.003982909696574666,True,28.96728068101363,-0.7647226652404255,2.678084301048383,-7.477386934673369,False,True,-1.8866666666666698,71.4046822742473,True,11.88811188811195,False,False,-0.943752740430881,True,True,False,0.9725963984673252,False,False,False,False,Health
ABBV,2022-08-05 04:00:00,138.04,0.08388872790495516,True,29.384766769540562,-2.6928814635238294,2.591793252471175,-3.8115810744895784,False,True,-3.3524280692618147,28.9920242349655,False,4.591836734694033,False,False,0.41284016803107004,False,False,True,0.8779973963979077,False,False,False,False,Health
ABBV,2022-08-31 04:00:00,134.46,0.10218652387327065,True,28.78914744142237,-4.96438584494182,1.937807528504267,-2.501631498803558,False,True,-0.525946704067326,48.79807692307699,True,15.493108238060655,False,True,-3.458690459210345,True,True,True,1.2829794554209406,True,False,False,False,Health
ABBV,2023-06-01 04:00:00,133.44,0.2004646282973621,True,22.73015131904747,-11.20102710915902,2.2648493140127264,-5.462274176408077,False,True,-1.386340468909275,54.77326968973754,True,56.250000000000135,True,True,1.5503937891923503,False,False,False,2.0725712083239873,True,True,False,False,Health
ABBV,2024-11-15 05:00:00,164.99,0.4116613128068367,True,22.499116244529617,-7.886167053329444,3.0460371185539032,-17.29824561403508,False,False,8.35773223316476,2.8787878787878465,False,5.498981670061312,False,False,13.147097732890312,False,False,True,1.5721250048791369,True,False,False,True,Health
AMZN,2022-01-21 05:00:00,142.643,-0.32474779694762457,False,21.168747063314505,-14.870412810922302,3.202407218957127,-11.519471013683669,False,True,-2.4970458921405814,6.518155302870303,False,6.485004983238134,False,False,0.5426600635205503,False,False,False,2.6698099573845773,True,True,False,True,Consumer
AMZN,2022-01-24 05:00:00,144.544,-0.32767876909453175,False,25.118589851107412,-13.617829442138667,3.4086074868641667,-10.851250169608607,False,False,-0.25591495749104354,40.48801248404036,True,38.02772855206922,True,False,1.3984007768677476,False,False,True,2.323890563264943,True,True,False,True,Consumer
AMZN,2022-01-25 05:00:00,139.986,-0.2912148357692912,False,22.24109571477715,-16.205520850708695,3.5947058417866407,-11.91278493557978,False,False,-0.25591495749104354,40.48801248404036,True,33.74885426214455,True,True,1.3984007768677476,False,False,True,1.3199016830009236,True,False,False,True,Consumer
AMZN,2022-01-26 05:00:00,138.8725,-0.26378512664494413,False,21.59039633707693,-16.732262065457963,3.769305552929321,-11.149463528237547,False,False,-0.25591495749104354,40.48801248404036,True,19.755158079402044,False,True,1.3984007768677476,False,False,True,1.3504554069708454,True,False,False,True,Consumer
AMZN,2022-01-27 05:00:00,139.6375,-0.27992122459940916,False,23.251699443304425,-16.137774439737623,3.755636410700822,-7.931824550414557,False,False,-0.25591495749104354,40.48801248404036,True,5.875140492489901,False,False,1.3984007768677476,False,False,True,1.0636737356958526,True,False,False,True,Consumer
AMZN,2022-04-29 04:00:00,124.2815,-0.16616712865551186,False,29.345909145281315,-22.351075962475853,5.481255834063291,-13.902667128507106,True,True,-1.78298011465714,32.785992217898944,True,29.077276707530597,False,True,-3.1715959038543295,True,False,False,3.7195884013550806,True,True,True,False,Consumer
AMZN,2022-05-02 04:00:00,124.5,-0.16746987951807224,False,29.59420656133225,-22.042242810816777,5.441866356990695,-14.769226556402925,True,True,-4.849165988273418,4.364110624352092,False,63.97279646608289,True,True,2.401294172420987,False,False,False,1.9059047793649035,True,False,False,True,Consumer
AMZN,2022-05-03 04:00:00,124.2535,-0.16300144462731436,False,29.468388946858838,-22.0243746783302,5.258380591055175,-10.859739868427653,True,True,-4.849165988273418,4.364110624352092,False,36.180238551023336,True,True,2.401294172420987,False,False,False,0.9967228793589957,False,False,False,True,Consumer
AMZN,2022-05-05 04:00:00,116.407,-0.09086223337084542,False,26.67027765558303,-26.599996212453604,5.894185854339882,-19.49528515558814,True,True,-4.849165988273418,4.364110624352092,False,15.83694297751134,False,True,2.401294172420987,False,False,False,1.6905946294745404,True,False,False,True,Consumer
AMZN,2022-05-06 04:00:00,114.7725,-0.07103182382539364,False,25.92309530668062,-27.431109348590923,5.922609887074651,-7.651178976758411,True,True,-4.849165988273418,4.364110624352092,False,28.332104804663853,False,True,2.401294172420987,False,False,False,1.3967176778479176,True,False,False,True,Consumer
AMZN,2022-05-09 04:00:00,108.789,0.012878140253150594,True,23.344737875013468,-31.00007711066577,6.249539188202838,-12.619277108433735,True,True,-13.902667128507106,10.800317118289167,False,13.7679960284628,False,False,8.189905702085486,False,False,False,1.3904571906735403,True,False,False,True,Consumer
AMZN,2022-05-10 04:00:00,108.859,0.030507353549086513,True,23.440673916752555,-30.74235416751108,6.15842810010471,-12.389590635273862,True,True,-13.902667128507106,10.800317118289167,False,30.850772183130598,True,False,8.189905702085486,False,False,False,1.1105432253772873,True,False,False,True,Consumer
AMZN,2022-05-11 04:00:00,105.372,0.04638803477204578,True,21.965893738680382,-32.740242407380535,6.296030267691663,-16.323945731109323,True,True,-13.902667128507106,10.800317118289167,False,16.473155827149704,False,False,8.189905702085486,False,False,False,1.1194409828664762,True,False,False,True,Consumer
AMZN,2022-05-12 04:00:00,106.9305,0.03992780357334902,True,24.259530977741854,-31.529157587553446,6.320566641599436,-8.14083345503277,True,True,-13.902667128507106,10.800317118289167,False,4.1132854942509125,False,False,8.189905702085486,False,False,False,1.3006006645064612,True,False,False,True,Consumer
AMZN,2022-11-01 04:00:00,96.79,0.4264903399111477,True,28.20711096945744,-26.244998646514727,5.812897397517511,-19.742951907131,True,False,11.61833489242281,0.2105263157894318,False,8.568075117370942,False,False,0.8268451355742501,False,False,True,2.0476032016264063,True,True,False,False,Consumer
AMZN,2022-11-02 04:00:00,92.12,0.5045592705167172,True,25.238947738759013,-29.5947991101438,6.115621245870571,-20.352758084039422,True,False,11.61833489242281,0.2105263157894318,False,1.9197207678883006,False,False,0.8268451355742501,False,False,True,1.7120769686852564,True,False,False,False,Consumer
AMZN,2022-11-03 04:00:00,89.3,0.5648376259798433,True,23.622464207282995,-31.533761136334615,6.216464069112752,-19.52054794520548,True,False,11.61833489242281,0.2105263157894318,False,6.2500000000000195,False,False,0.8268451355742501,False,False,True,1.6268392050315643,True,False,False,False,Consumer
AMZN,2022-11-04 04:00:00,90.98,0.5685865025280281,True,26.637010231004957,-30.035145633955583,6.011284377911153,-12.020114108886947,True,False,11.61833489242281,0.2105263157894318,False,66.8181818181819,True,False,0.8268451355742501,False,False,True,1.4661357865602729,True,False,False,False,Consumer
AMZN,2022-11-07 05:00:00,90.53,0.569424500165691,True,26.337154029336975,-30.170105609064002,5.851088419884991,-11.626317844591949,True,True,-13.333892054978202,24.307551827927888,False,48.69281045751636,True,True,7.591490816111035,False,False,False,0.8661078319600547,False,False,False,True,Consumer
AMZN,2022-11-08 05:00:00,89.98,0.5625694598799731,True,25.952612281774915,-30.382414758717957,5.743409210362975,-7.035850811034194,True,True,-13.333892054978202,24.307551827927888,False,50.14326647564478,True,True,7.591490816111035,False,False,False,0.9632284251283141,False,False,False,True,Consumer
AMZN,2022-11-09 05:00:00,86.14,0.6665892732760623,True,23.385341987537462,-33.131505552220055,5.911718041833881,-6.491532783326104,True,True,-13.333892054978202,24.307551827927888,False,7.479224376731193,False,True,7.591490816111035,False,False,False,0.9731447010238272,False,False,False,True,Consumer
MA,2022-03-07 05:00:00,312.92,0.14735395628275594,True,24.774061429922387,-12.735602153659157,4.342669099217997,-13.275317332742077,False,False,-0.23246384646574692,71.76193982142154,True,4.578858111927656,False,False,2.9961763893966653,False,False,False,1.4387950249192003,True,False,False,False,Finance
MA,2022-03-08 05:00:00,314.33,0.12760474660388765,True,25.924402115069345,-12.234609085212215,4.4489876855658625,-8.75232234091966,False,False,-0.23246384646574692,71.76193982142154,True,30.24836601307173,True,True,2.9961763893966653,False,False,False,1.0535035580937229,True,False,False,False,Finance
MA,2022-09-21 04:00:00,304.5,0.3209195402298852,True,27.520624974244402,-11.427278023070073,2.5111487562707433,-6.5520945220193365,False,False,4.120163690476186,11.812936532037632,False,2.602230483271124,False,False,-1.684189521895041,True,True,True,0.9955851048745857,False,False,False,False,Finance
MA,2022-09-22 04:00:00,298.36,0.3490079099074943,True,24.679352272146417,-13.099023027483414,2.5691356443073894,-5.86824835941443,False,False,4.120163690476186,11.812936532037632,False,27.27272727272783,False,False,-1.684189521895041,True,True,True,1.310056610016782,True,False,False,False,Finance
MA,2022-09-23 04:00:00,293.58,0.34675386606717074,True,22.71336660991575,-14.367781666315018,2.622029293758379,-6.8384476247897785,False,False,4.120163690476186,11.812936532037632,False,66.74364896073895,True,True,-1.684189521895041,True,True,True,1.3111735446764796,True,False,False,False,Finance
MA,2022-09-26 04:00:00,290.11,0.3632070593912653,True,21.381758964150322,-15.250224765683523,2.6170072634519417,-7.617106645861849,False,True,-6.169420872413289,19.822192953572543,False,14.951768488746161,False,True,3.0982366587045895,False,False,True,1.4195642122475156,True,False,False,True,Finance
MA,2022-09-27 04:00:00,286.48,0.3943032672437865,True,20.057040886955868,-16.174611441979124,2.7874944407987976,-8.55172854087527,False,True,-6.169420872413289,19.822192953572543,False,12.824427480916114,False,True,3.0982366587045895,False,False,True,1.537522109002672,True,False,False,True,Finance
MA,2022-09-28 04:00:00,290.18,0.36436005238128066,True,25.14760066380392,-14.964276920922137,2.833290247481986,-4.702791461412148,False,True,-6.169420872413289,19.822192953572543,False,30.292294065544816,True,False,3.0982366587045895,False,False,True,2.0044967188511973,True,True,False,True,Finance
MA,2022-09-29 04:00:00,286.77,0.38037451616277873,True,23.65272897933313,-15.829862474639125,2.842156763804291,-3.884568977074687,False,True,-6.169420872413289,19.822192953572543,False,26.643598615916453,False,False,3.0982366587045895,False,False,True,1.2218878031072617,True,False,False,True,Finance
MA,2022-09-30 04:00:00,284.34,0.375325314764015,True,22.620795251572183,-16.405490936262673,2.8228501183266608,-3.1473533619456373,False,True,-6.169420872413289,19.822192953572543,False,0.0,False,False,3.0982366587045895,False,False,True,1.320636718978359,True,False,False,True,Finance
CVX,2022-06-23 04:00:00,142.43,0.08130309625781074,True,28.24660369200646,-0.5789166833425129,4.40718689227503,-13.289906246195049,False,True,-1.2387387387387316,20.0,False,25.110132158590364,False,False,-0.8281168570045128,True,True,False,1.232791113093091,True,False,False,False,Energy
CVX,2022-07-14 04:00:00,135.94,0.1287332646755921,True,29.976943397417937,-5.091285281390701,3.8776036995446614,-5.281493868450394,False,False,1.2019064723354234,34.89449305198161,True,48.89502762430961,True,True,-1.1404705064616882,True,False,False,0.8276353118270168,False,False,False,False,Energy
CVX,2022-09-26 04:00:00,140.96,0.213393870601589,True,29.151308628585898,-4.856733265145643,3.2181686515669736,-10.159337157425108,False,True,-2.2004125773582572,9.417040358744128,False,1.6826923076928169,False,False,-1.49680698746395,True,True,True,0.8633410065618476,False,False,False,True,Energy
CVX,2022-09-27 04:00:00,141.02,0.20968656928095308,True,29.272205101340408,-4.770598742358339,3.154684082614142,-9.764525211159448,False,True,-2.2004125773582572,9.417040358744128,False,16.918429003021203,False,False,-1.49680698746395,True,True,True,0.9182751264611022,False,False,False,True,Energy
CVX,2023-10-27 04:00:00,144.35,0.028888119154832026,True,23.7706223029168,-10.86325446052574,2.64056273545465,-13.474794701192838,False,True,1.1280281082413968,46.433203631647324,True,5.3497942386829465,False,True,0.9079196938721612,False,False,True,2.48466562061949,True,True,False,True,Energy
CVX,2023-10-30 04:00:00,146.09,0.013416387158600829,True,27.505345427569424,-9.700844731920819,2.5264015338966312,-9.080159322877767,False,False,1.6884066804827569,23.57594936708878,False,63.20754716981135,True,True,-0.6028949797167726,True,False,True,1.3562187731455482,True,False,False,False,Energy
CVX,2023-10-31 04:00:00,145.73,0.02120359569066088,True,27.208332130665983,-9.834333498030626,2.4638744846783514,-6.970954356846482,False,False,1.6884066804827569,23.57594936708878,False,65.56517178074995,True,True,-0.6028949797167726,True,False,True,1.34261071049491,True,False,False,False,Energy
CVX,2023-11-01 04:00:00,143.98,0.06313376857896924,True,25.75254087768079,-10.820214712750454,2.424585543864371,-7.628151664848925,False,False,1.6884066804827569,23.57594936708878,False,7.289293849658182,False,True,-0.6028949797167726,True,False,True,1.0130881031298866,True,False,False,False,Energy
CVX,2023-11-08 05:00:00,142.4,0.10203651685393256,True,29.281325738091727,-11.385404484627301,2.399727463549096,-1.0973746353660108,False,True,-13.474794701192838,1.9052271616999823,False,6.250000000000222,False,False,16.666659915979775,False,False,False,1.0971778407973203,True,False,False,True,Energy
CVX,2023-11-09 05:00:00,141.94,0.10257855431872631,True,28.834872141121274,-11.568959299610531,2.3427280543700997,-4.58456574347943,False,True,-13.474794701192838,1.9052271616999823,False,7.511737089201734,False,False,16.666659915979775,False,False,False,0.8868314365653152,False,False,False,True,Energy
NFLX,2022-01-07 05:00:00,54.106,-0.39463275791963925,False,22.68537158802436,-6.0612575214021245,3.0040117449551413,-10.188566496248585,False,False,4.66313295723757,6.65236051502142,False,18.682618985011725,False,False,-0.6155899977791202,True,True,False,1.1689185837682805,True,False,False,False,Comm
NFLX,2022-01-10 05:00:00,53.985,-0.39379457256645367,False,22.44332314456533,-6.212813021649997,3.0255173700936213,-9.62887322764786,False,True,-1.8971160579068225,2.1012931034483535,False,70.0633275762808,True,True,-3.4059944625400074,True,True,False,1.5048412744828814,True,False,False,False,Comm
NFLX,2022-01-11 05:00:00,54.084,-0.3895976628947564,False,23.165670702622204,-5.984311418862572,2.9870508546474714,-8.51053032225323,False,True,-1.8971160579068225,2.1012931034483535,False,50.0,True,True,-3.4059944625400074,True,True,False,1.0228298957538566,True,False,False,False,Comm
NFLX,2022-01-12 05:00:00,53.722,-0.3804772718811661,False,22.346099292175985,-6.55209076557078,2.9552558402460822,-5.339018889202141,False,True,-1.8971160579068225,2.1012931034483535,False,42.44897959183694,True,True,-3.4059944625400074,True,True,False,1.2420547214514117,True,False,False,False,Comm
NFLX,2022-01-13 05:00:00,51.92,-0.37168721109399083,False,18.78362161159104,-9.599487249234294,3.1493634509769155,-6.161325886967051,False,True,-1.8971160579068225,2.1012931034483535,False,4.172214824678259,False,True,-3.4059944625400074,True,True,False,1.429859196637811,True,False,False,False,Comm
NFLX,2022-01-14 05:00:00,52.569,-0.37923491030835665,False,23.51308805803965,-8.392279861691145,3.248240210650192,-2.840720068014635,False,True,-1.8971160579068225,2.1012931034483535,False,21.593053982634782,False,False,-3.4059944625400074,True,True,False,2.335710792086605,True,True,False,False,Comm
NFLX,2022-01-18 05:00:00,51.08,-0.3817932654659357,False,20.555538252602265,-10.889620212761953,3.342009194593508,-5.381124386403635,False,True,-10.188566496248585,3.9597614668672807,False,16.22035195103267,False,False,7.817227126743509,False,False,False,1.4294556749078091,True,False,False,True,Comm
NFLX,2022-01-19 05:00:00,51.586,-0.33606017136432365,False,24.051618728155123,-9.917193746314739,3.2487050550507504,-4.618741217365585,False,True,-10.188566496248585,3.9597614668672807,False,35.35433070866137,True,False,7.817227126743509,False,False,False,1.2671424469527879,True,False,False,True,Comm
NFLX,2022-01-20 05:00:00,50.825,-0.29676340383669464,False,22.451397606308294,-11.146672906686867,3.338823816468308,-5.3925765980417655,False,True,-10.188566496248585,3.9597614668672807,False,6.697108066971322,False,False,7.817227126743509,False,False,False,3.202643813150436,True,True,True,True,Comm
NFLX,2022-01-21 05:00:00,39.75,-0.0847044025157232,False,10.99078075003841,-30.296624728580284,6.268902724413339,-23.439907550077045,True,True,-10.188566496248585,3.9597614668672807,False,60.04801097393688,True,True,7.817227126743509,False,False,False,8.680414748036265,True,True,True,True,Comm
NFLX,2022-01-24 05:00:00,38.715,-0.049567351155882844,False,10.453727809587573,-31.893931764351485,6.826175684656359,-26.353934828511093,True,True,-2.840720068014635,42.636616239580164,True,90.64245810055863,True,True,-0.8810198158311522,True,False,False,3.893721729201035,True,True,True,True,Comm
NFLX,2022-01-25 05:00:00,36.642,-0.004230118443316444,False,9.456981306712883,-35.31191852179416,7.137360116043889,-28.26546593578699,True,True,-2.840720068014635,42.636616239580164,True,5.713020372010838,False,True,-0.8810198158311522,True,False,False,1.687944941386502,True,False,False,True,Comm
NFLX,2022-01-26 05:00:00,35.97,0.0029747011398386647,True,9.15233216387676,-36.26681489806249,7.268463683698802,-30.2717791648897,True,True,-2.840720068014635,42.636616239580164,True,11.827956989247308,False,True,-0.8810198158311522,True,False,False,1.3333075115905482,True,False,False,True,Comm
NFLX,2022-01-27 05:00:00,38.67,-0.08686320144815107,False,20.26628622262881,-31.267526591055745,6.926384984917057,-23.9153959665519,True,True,-2.840720068014635,42.636616239580164,True,23.712574850299525,False,False,-0.8810198158311522,True,False,False,2.2807859281203307,True,True,False,True,Comm
NFLX,2022-01-28 05:00:00,38.436,-0.07935269018628366,False,20.037497261176895,-31.467386076961063,6.748069138619401,-3.305660377358488,True,True,-2.840720068014635,42.636616239580164,True,82.30563002680951,True,True,-0.8810198158311522,True,False,False,1.0645069191936192,True,False,False,True,Comm
NFLX,2022-03-08 05:00:00,34.176,-0.1286867977528091,False,29.467999272842896,-34.55257094484788,5.665153482452818,-11.516155758077884,True,False,-0.12522681387205914,90.7957559681699,True,5.992303463441539,False,False,-0.971961351646955,True,True,False,1.068671585972714,True,False,False,False,Comm
NFLX,2022-04-20 04:00:00,22.619,0.45001989477872595,True,19.95893630169101,-52.84885879463379,10.3132979268565,-34.26620168555652,False,True,-4.709882989262859,5.173635719348011,False,37.800497374965424,True,True,0.3778915759900192,False,False,True,11.441646312992594,True,True,True,False,Comm
NFLX,2022-04-21 04:00:00,21.822,0.5077444780496747,True,19.244458214673656,-54.26219234111315,10.455354084012114,-37.727934252204435,False,True,-4.709882989262859,5.173635719348011,False,41.46039603960385,True,True,0.3778915759900192,False,False,True,3.783232398244006,True,True,True,False,Comm
NFLX,2022-04-22 04:00:00,21.552,0.4966128433556052,True,18.996366541307157,-54.58031009619474,10.367740410823858,-36.8217395127957,False,True,-4.709882989262859,5.173635719348011,False,33.72379778051792,True,True,0.3778915759900192,False,False,True,2.344815644483842,True,True,False,False,Comm
NFLX,2022-04-25 04:00:00,20.991,0.5299414034586252,True,18.463755315184716,-55.51576616771881,10.297923726981582,-37.87071568105132,False,True,-4.144655501854566,6.496163682864557,False,44.44444444444438,True,True,-3.6824953950777783,True,False,True,1.6532288159894173,True,False,False,False,Comm
NFLX,2022-04-26 04:00:00,19.84,0.6423891129032258,True,17.386662462727458,-57.711105376819816,10.535924252555857,-43.08826482315481,False,True,-4.144655501854566,6.496163682864557,False,1.1312425273613325,False,True,-3.6824953950777783,True,False,True,1.1388631300820082,True,False,False,False,Comm
NFLX,2022-04-27 04:00:00,18.854,0.749920441285669,True,16.49874947124711,-59.572154053870904,10.765527524357115,-16.64529820062779,False,True,-4.144655501854566,6.496163682864557,False,6.19967793880824,False,False,-3.6824953950777783,True,False,True,1.1957276117138975,True,False,False,False,Comm
NFLX,2022-04-28 04:00:00,19.952,0.6244987971130711,True,21.317583677618078,-56.972791235201846,10.01493701768164,-8.569333699935832,False,True,-4.144655501854566,6.496163682864557,False,37.5314861460957,True,False,-3.6824953950777783,True,False,True,1.094683240987077,True,False,False,False,Comm
NFLX,2022-04-29 04:00:00,19.036,0.6681550745955032,True,20.266803023591212,-58.705968581583214,10.299036051609708,-11.674090571640672,False,True,-4.144655501854566,6.496163682864557,False,2.4473147518695693,False,False,-3.6824953950777783,True,False,True,0.8141858368677717,False,False,False,False,Comm
NFLX,2022-05-02 04:00:00,19.946,0.6008222199939837,True,24.260954415839926,-56.48630861978948,9.492493495365169,-4.9783240436377385,False,True,-36.8217395127957,3.8621760926357456,False,16.660133281066088,False,False,18.8841825002789,False,False,True,0.7074574441067981,False,False,False,True,Comm
NFLX,2022-05-03 04:00:00,19.987,0.6049432130885077,True,24.44459895011479,-56.150798634394995,9.097644105672966,0.740927419354831,False,True,-36.8217395127957,3.8621760926357456,False,41.75563463819695,True,False,18.8841825002789,False,False,True,0.5673779064170931,False,False,False,True,Comm
NFLX,2022-05-04 04:00:00,20.401,0.5820793098377532,True,26.385584120145676,-54.99514851286812,8.744494197137087,8.205155404688668,False,True,-36.8217395127957,3.8621760926357456,False,49.66342557965607,True,True,18.8841825002789,False,False,True,0.5745651543241058,False,False,False,True,Comm
NFLX,2022-05-05 04:00:00,18.832,0.7587616822429908,True,23.8816217218763,-58.21332689526416,9.479508812907051,-5.613472333600644,False,True,-36.8217395127957,3.8621760926357456,False,15.771583956492135,False,True,18.8841825002789,False,False,True,0.6424435981215583,False,False,False,True,Comm
NFLX,2022-05-06 04:00:00,18.097,0.8353318229540805,True,22.790522009225388,-59.603686080731464,9.653673574707145,-4.932758982979612,False,True,-36.8217395127957,3.8621760926357456,False,45.26315789473698,True,True,18.8841825002789,False,False,True,0.7685298142358518,False,False,False,True,Comm
NFLX,2022-05-09 04:00:00,17.31,0.9377238590410171,True,21.64993280694032,-61.123072060575325,9.821461165549138,-13.215682342324286,False,True,-11.674090571640672,15.325177076625963,False,7.339449541284249,False,False,-2.3416892396925792,True,False,False,0.6138153383812457,False,False,False,True,Comm
NFLX,2022-05-10 04:00:00,17.766,0.9405606214116853,True,24.022586115608018,-59.85888757393624,9.340206035941536,-11.112222944914196,False,True,-11.674090571640672,15.325177076625963,False,48.13733297938229,True,True,-2.3416892396925792,True,False,False,0.5942282468826396,False,False,False,True,Comm
NFLX,2022-05-11 04:00:00,16.637,1.0429764981667367,True,22.227828783978953,-62.174897858617214,9.92149728938504,-18.45007597666781,False,True,-11.674090571640672,15.325177076625963,False,5.335068314899206,False,False,-2.3416892396925792,True,False,False,0.5291531358227282,False,False,False,True,Comm
NFLX,2022-05-12 04:00:00,17.431,0.9269691928173942,True,26.392850051536904,-60.130201446286826,9.402506844314669,-7.439464740866608,False,True,-11.674090571640672,15.325177076625963,False,8.406186953597858,False,False,-2.3416892396925792,True,False,False,0.7198605716582797,False,False,False,True,Comm
NFLX,2023-03-10 05:00:00,29.276,1.087307009154256,True,28.28955291983793,-5.063938753560705,3.691565086122655,-7.113395520020305,False,True,-8.854466030578223,9.555741827326068,False,38.40653728294179,True,True,1.2462876528439804,False,False,True,0.9901537611449602,False,False,False,False,Comm
NFLX,2023-03-13 04:00:00,29.351,1.0764198834792684,True,29.00263979584265,-4.775052158621768,3.75763632535579,-5.935326731404034,False,True,-0.6211571811445715,24.46483180428137,False,14.450035945363105,False,False,-2.313120238146027,True,False,True,1.0911680028075914,True,False,False,False,Comm
NFLX,2023-09-22 04:00:00,37.981,0.9016350280403358,True,29.485239621954612,0.5840771281129331,3.0354108667684008,-4.315513679649319,False,False,0.6638174047467471,10.089552238805805,False,17.018779342723295,False,False,-3.0132027709139586,True,False,False,0.7378791261222526,False,False,False,False,Comm
NFLX,2023-10-13 04:00:00,35.568,0.9848740440845705,True,28.473599350891362,-5.708951483438236,3.1214063503017337,-6.770464732248183,False,True,-0.5818698823095825,41.88144329896899,True,52.18023255813961,True,True,-3.3688818600962844,True,True,False,1.242234107001502,True,False,False,False,Comm
NFLX,2023-10-18 04:00:00,34.619,1.206562870100234,True,27.36756510119977,-8.05892852305498,3.111161380959511,-5.394474353018341,False,False,1.0354872881356059,37.0209689081706,True,14.512922465208824,False,False,-0.18232400451856368,True,True,False,2.0495532176030835,True,True,False,False,Comm
CRM,2022-01-07 05:00:00,228.31,-0.35421137926503443,False,26.31480171995116,-9.930756140328207,3.5564362235738556,-10.160154251760911,False,False,0.08302692444548398,51.21412803531993,True,36.276083467094615,True,False,-3.351235615878989,True,False,False,1.0395461369806753,True,False,False,False,Tech
CRM,2022-01-10 05:00:00,229.63,-0.36898488873405044,False,27.971645407792813,-9.325109989604655,3.6237205830043098,-10.111172003444768,False,False,0.39108793552975474,3.5248041775454695,False,60.42047531992686,True,True,-3.8259810646213532,True,True,False,1.24586553252088,True,False,False,False,Tech
CRM,2022-01-21 05:00:00,218.63,-0.29168000731830024,False,28.201715663911884,-13.006686614204952,3.5820295552667263,-4.373879193456675,False,True,-10.160154251760911,7.332900713822166,False,5.828220858895627,False,False,6.7334960743494765,False,False,False,1.4465572250762873,True,False,False,True,Tech
CRM,2022-01-25 05:00:00,215.39,-0.23352987603881326,False,29.472663082562335,-14.078393643875732,3.9298318750203953,-4.719985844466079,False,False,1.2789628137181763,32.41785188818053,True,7.800650054171153,False,False,1.4583459508304975,False,False,False,1.3019877210363238,True,False,False,True,Tech
CRM,2022-01-26 05:00:00,211.0,-0.22028436018957342,False,27.361795272249527,-15.696831561278543,4.144483526841015,-6.748574711627708,False,False,1.2789628137181763,32.41785188818053,True,15.577078288942733,False,False,1.4583459508304975,False,False,False,1.3700883202553966,True,False,False,True,Tech
CRM,2022-01-27 05:00:00,212.74,-0.22558052082354052,False,29.51655183162112,-14.874563379923062,4.2249151593913785,-4.575222032833937,False,False,1.2789628137181763,32.41785188818053,True,6.131650135257048,False,False,1.4583459508304975,False,False,False,1.2354351854871555,True,False,False,True,Tech
CRM,2022-04-22 04:00:00,171.43,0.11223239806334928,True,28.03556006592119,-25.425106831466803,4.442070361662277,-9.492635024549912,True,True,-7.104829210836283,2.255947497949069,False,4.150943396226563,False,False,2.6625572371969275,False,False,False,1.453330448771488,True,False,False,True,Tech
CRM,2022-04-26 04:00:00,170.08,0.15204609595484464,True,29.35897451776055,-25.643689266823827,4.371113972622131,-11.134333037253763,True,True,-3.93569001369376,1.596638655462165,False,41.00486223662895,True,False,-2.4809122673390083,True,False,False,1.243618828074936,True,False,False,False,Tech
CRM,2022-08-31 04:00:00,156.12,0.41897258519087877,True,29.100828669332753,-20.884637287036444,4.12695580819321,-13.271484917504573,True,True,-3.222918531781549,20.807600950118786,False,2.8625954198474317,False,False,-2.9231391406044027,True,True,True,1.4150066128498695,True,False,False,False,Tech
CRM,2022-09-01 04:00:00,153.53,0.4244121670031915,True,27.61351973272002,-22.024924242200893,4.141072675455058,-11.718705077338853,True,True,-3.222918531781549,20.807600950118786,False,59.641255605380984,True,True,-2.9231391406044027,True,True,True,1.4624312228668277,True,False,False,False,Tech
CRM,2022-09-02 04:00:00,153.69,0.44199362352788074,True,27.858812093281788,-21.772858191740017,4.106655113825601,-6.984203837075587,True,True,-3.222918531781549,20.807600950118786,False,12.784588441330866,False,True,-2.9231391406044027,True,True,True,1.0528885627875442,True,False,False,False,Tech
CRM,2022-09-06 04:00:00,151.72,0.46671500131821775,True,26.660880607987828,-22.60016896551936,4.032792417314856,-5.299294675738098,True,True,-10.088697828807758,3.6144578313252684,False,24.93074792243774,False,True,0.7618818285308526,False,False,True,0.8980921878396365,False,False,False,True,Tech
CRM,2022-09-07 04:00:00,153.28,0.4663361169102296,True,29.25510505217818,-21.634315201992116,3.873522056840484,-4.002004133525383,True,True,-10.088697828807758,3.6144578313252684,False,22.616222253245876,False,False,0.7618818285308526,False,False,True,0.8730001750257299,False,False,False,True,Tech
CRM,2024-05-30 04:00:00,218.01,0.2131094903903492,True,16.686652085573066,-16.10529591391316,4.492598982236556,-23.187231343809454,False,False,3.231286370043729,14.018691588784854,False,45.91291061879289,True,True,0.17595317573093627,False,False,True,8.468720769768979,True,True,True,False,Tech
MSFT,2022-09-06 04:00:00,253.25,0.302704837117473,True,29.774471166359906,-9.123175135415206,2.4598281452045065,-4.516834445575546,False,True,-6.3113751528918405,0.7596685082869965,False,22.241086587436424,False,True,0.3049899459138361,False,False,True,1.00869094822161,True,False,False,True,Tech
MSFT,2022-09-20 04:00:00,242.45,0.3179212208702824,True,29.80513080008466,-12.220119461218053,2.5162358742975943,-3.7858645184332795,False,False,3.2804811372334486,32.05417607223465,True,62.661498708010555,True,True,-1.624856306015554,True,True,True,1.1051971909908545,True,False,False,False,Tech
MSFT,2022-09-21 04:00:00,238.95,0.3266792215944758,True,27.679126690305058,-13.371049012625658,2.6325884196947573,-5.2612798350646255,False,False,3.2804811372334486,32.05417607223465,True,0.5707762557075685,False,True,-1.624856306015554,True,True,True,1.1599828079507366,True,False,False,False,Tech
MSFT,2022-09-23 04:00:00,237.92,0.31195359784801613,True,28.771679270036657,-13.518547894234647,2.633144426177908,-2.78663071014138,False,False,3.2804811372334486,32.05417607223465,True,45.86846543001679,True,False,-1.624856306015554,True,True,True,1.302483171360769,True,False,False,False,Tech
MSFT,2022-09-26 04:00:00,237.45,0.3172878500737,True,28.46675754423683,-13.571661545297323,2.5867732708814546,-2.891379028300356,False,True,-7.456704227482403,10.545824093148953,False,3.186813186812799,False,False,3.572037779506654,False,False,True,1.0473423963319732,True,False,False,True,Tech
MSFT,2022-09-27 04:00:00,236.41,0.3266782285013323,True,27.765545237423954,-13.830596337903428,2.633131627022189,-2.491235306248707,False,True,-7.456704227482403,10.545824093148953,False,26.16438356164375,False,True,3.572037779506654,False,False,True,1.0184223303713693,True,False,False,True,Tech
MSFT,2022-09-30 04:00:00,232.9,0.34559896951481317,True,29.306488381293224,-14.768173512912592,2.7701761562815874,-2.1099529253530536,False,True,-7.456704227482403,10.545824093148953,False,2.176696542893929,False,True,3.572037779506654,False,False,True,1.2934338510811394,True,False,False,True,Tech
GOOGL,2022-04-27 04:00:00,114.2945,-0.060847197371701967,False,29.185711148501074,-13.360286824738449,3.5493583754890747,-10.735317088409868,False,True,-4.919816186814208,2.349084949467447,False,34.579957829319575,True,False,-1.4377298492702084,True,False,True,2.5274647415115212,True,True,False,False,Tech
GOOGL,2022-09-21 04:00:00,99.28,0.3119460112812249,True,29.809702526993306,-16.85424177718492,2.9476188901607423,-5.447619047619046,False,False,2.596198423736684,29.174664107485565,False,0.2770083102494493,False,False,-2.694834174460059,True,True,True,1.1603523359006562,True,False,False,False,Tech
GOOGL,2022-09-26 04:00:00,98.17,0.32973413466435764,True,29.6409372071909,-17.366717953469834,2.872152997162591,-4.754050645192576,False,True,-7.094441934026219,17.415730337078635,False,14.423076923076797,False,False,2.227683603105368,False,False,True,0.9604004187189512,False,False,False,True,Tech
GOOGL,2022-09-27 04:00:00,97.5,0.35702564102564094,True,28.695489830708148,-17.783996005007015,2.914483792314191,-3.598971722365041,False,True,-7.094441934026219,17.415730337078635,False,20.076726342711,False,True,2.227683603105368,False,False,True,1.0502605674826908,True,False,False,True,Tech
GOOGL,2022-11-03 04:00:00,83.43,0.5611890207359462,True,29.175751652887392,-26.515625480091064,4.473135585596675,-9.531554977228362,True,False,4.732808616404305,19.82608695652175,False,2.830188679245397,False,False,-0.7923112013263012,True,True,True,1.6438019605741243,True,False,False,False,Tech
GOOGL,2024-09-06 04:00:00,150.92,0.584746885767294,True,28.92465367890399,-4.427255447548471,2.7462898373455515,-6.7128198788478315,False,False,1.632302405498276,36.960600375234606,True,5.0824175824172535,False,False,-2.808704844882415,True,True,False,1.6540010800291052,True,False,False,False,Tech
GOOGL,2024-09-09 04:00:00,148.71,0.6163674265348664,True,26.94083146124944,-5.772145508265327,2.8851027451696387,-8.979067205288283,False,True,-1.3524936601859716,42.87671232876699,True,24.171382376717933,False,False,-1.4115811474238127,True,True,False,1.6445363052917392,True,False,False,False,Tech
GOOGL,2024-09-10 04:00:00,148.66,0.6198035786358134,True,26.895886308953184,-5.749397981211802,2.820706492304733,-5.528723945094061,False,True,-1.3524936601859716,42.87671232876699,True,10.921501706484383,False,False,-1.4115811474238127,True,True,False,1.2859948812152115,True,False,False,False,Tech
LIN,2022-07-05 04:00:00,270.63,0.34696818534530527,True,28.311503816296973,-12.067136025555277,3.232914647652301,-8.651184770134336,False,False,4.317462501720115,4.668930390492445,False,57.26109857035342,True,True,-1.5800736254092174,True,False,False,1.153461036678812,True,False,False,True,Materials
LIN,2022-09-26 04:00:00,264.25,0.4077956480605487,True,29.548040707125544,-11.717157408104146,2.3662652693822093,-7.326225713684497,False,True,-1.278611991777845,29.05162064825945,False,19.40864291129611,False,True,0.3002120501801375,False,False,True,1.1403003437551944,True,False,False,True,Materials
CSCO,2022-04-14 04:00:00,51.17,-0.01680672268907557,False,29.584846106031154,-7.32876343436096,2.4125560146106166,-6.3335163829397745,False,False,1.2552301255229992,15.079365079364923,False,3.914873342333218,False,False,-0.9757546129114392,True,False,False,0.8245077767941024,False,False,False,False,Tech
CSCO,2022-04-18 04:00:00,51.11,-0.0600665231852866,False,29.366238479380304,-7.368875248607163,2.3490739671844048,-5.8400884303610905,False,True,-2.4793388429751984,22.851153039832376,False,10.526315789474323,False,False,-1.2486218326519194,True,True,True,0.7005686411193305,False,False,False,False,Tech
CSCO,2022-05-19 04:00:00,41.72,0.17018216682646226,True,26.89013531655871,-22.81651152850717,4.34538036789194,-13.605301304617933,True,True,0.7145773785218523,17.112299465240532,False,24.0549828178693,False,False,-0.24084082872859458,True,False,True,3.6934201292653492,True,True,True,True,Tech
CSCO,2022-09-21 04:00:00,41.59,0.28805001202212055,True,29.73470562041436,-14.568901026978715,2.3950802994289107,-5.391264786169236,False,False,2.6463332585781485,35.60209424083761,True,1.5444015444017838,False,False,-2.07195792370074,True,True,True,1.1482627378796182,True,False,False,False,Tech
CSCO,2022-09-22 04:00:00,41.15,0.2996354799513974,True,28.087142533708963,-15.342379800487782,2.325894923610883,-4.94340494340495,False,False,2.6463332585781485,35.60209424083761,True,2.4390243902434374,False,False,-2.07195792370074,True,True,True,0.8879050149335064,False,False,False,False,Tech
CSCO,2022-09-23 04:00:00,40.66,0.29636005902607,True,26.337002339293736,-16.214141410129166,2.384297465718576,-6.096997690531181,False,False,2.6463332585781485,35.60209424083761,True,47.78761061946884,True,False,-2.07195792370074,True,True,True,1.028655193093565,True,False,False,False,Tech
CSCO,2022-09-26 04:00:00,40.58,0.31099063578117314,True,26.051586515145367,-16.24248922519474,2.3626909005659456,-6.28175519630485,False,True,-5.3965479571772,13.054499366286452,False,25.60975609756107,False,True,3.5524078174042906,False,False,True,1.215331540612062,True,False,False,True,Tech
CSCO,2022-09-27 04:00:00,40.52,0.3297137216189536,True,25.825535228568125,-16.229911006552033,2.414881465386685,-4.8379520901831725,False,True,-5.3965479571772,13.054499366286452,False,23.886639676113507,False,True,3.5524078174042906,False,False,True,0.8008297642738095,False,False,False,True,Tech
CSCO,2022-09-30 04:00:00,40.0,0.34125000000000005,True,28.383656069265733,-16.912094846212863,2.5104741286397436,-1.6232169208066805,False,True,-5.3965479571772,13.054499366286452,False,3.7037037037036304,False,False,3.5524078174042906,False,False,True,1.4262720064379946,True,False,False,True,Tech
ACN,2022-01-26 05:00:00,329.89,-0.15950771469277636,False,25.81694765450989,-0.4722858426968343,3.558896028669658,-4.029208122418115,False,True,-4.690492245448407,10.794780545670195,False,11.592836946276938,False,True,6.17791793438589,False,False,False,1.5017395304584529,True,False,False,True,Tech
ACN,2022-01-27 05:00:00,333.36,-0.17710583153347736,False,29.238609031628464,0.5688620592232461,3.523984097344749,-2.722577256412495,False,True,-4.690492245448407,10.794780545670195,False,21.921641791044934,False,False,6.17791793438589,False,False,False,0.9164452831523077,False,False,False,True,Tech
ACN,2022-09-21 04:00:00,265.42,0.1909049807851706,True,27.777469237608155,-13.068249254212006,2.6537258536472144,-4.706853839801806,False,False,2.2811278910127797,35.826771653543425,True,1.855670103092856,False,False,-2.250718259916429,True,True,True,1.293014053485545,True,False,False,False,Tech
ACN,2022-09-22 04:00:00,262.32,0.20840957609027155,True,26.13970644273795,-13.963009493862963,2.752520070626815,-4.213831884904707,False,False,2.2811278910127797,35.826771653543425,True,3.9915966386554222,False,False,-2.250718259916429,True,True,True,1.5678834206104197,True,False,False,False,Tech
ACN,2022-09-23 04:00:00,259.98,0.1947457496730518,True,24.94416103861927,-14.605329339005666,2.747061269561598,-4.657473962153436,False,False,2.2811278910127797,35.826771653543425,True,70.67307692307644,True,True,-2.250718259916429,True,True,True,1.3611766493940658,True,False,False,False,Tech
ACN,2022-09-26 04:00:00,257.54,0.22070358002640345,True,23.72561618182952,-15.276905469714604,2.7220051407238035,-6.342279438504617,False,True,-6.150404405437959,9.558760135097186,False,9.05660377358523,False,True,3.3699839200379333,False,False,True,1.0172652152400123,True,False,False,True,Tech
ACN,2022-09-27 04:00:00,256.34,0.1733244909105096,True,23.127242375335847,-15.539965760597365,2.78824096658626,-5.143576080521028,False,True,-6.150404405437959,9.558760135097186,False,23.180291153415116,False,True,3.3699839200379333,False,False,True,1.061377900339606,True,False,False,True,Tech
ACN,2022-09-29 04:00:00,258.27,0.19355713013512998,True,29.430388641457053,-14.662348027517098,2.755885699120601,-1.543915827996345,False,True,-6.150404405437959,9.558760135097186,False,47.60147601475971,True,True,3.3699839200379333,False,False,True,1.0657040918079306,True,False,False,True,Tech
ACN,2022-09-30 04:00:00,257.3,0.1901671200932764,True,28.826642193105556,-14.855920253713602,2.765785851328191,-1.0308485268097578,False,True,-6.150404405437959,9.558760135097186,False,4.929577464789037,False,False,3.3699839200379333,False,False,True,1.195316016621509,True,False,False,True,Tech
ACN,2023-03-10 05:00:00,252.95,0.5041707847400674,True,29.828256090397044,-11.15188734233256,2.3468062492606974,-6.036404160475484,False,True,-3.797148529146377,25.70145903479205,False,15.446224256292876,False,False,-2.0026350964492234,True,True,True,1.5267854320510652,True,False,False,False,Tech
ACN,2023-03-13 04:00:00,251.31,0.5069834069475947,True,28.74574053276523,-11.624803422439363,2.3647374414514832,-6.7944961614063715,False,False,1.0017634037444267,87.09677419354858,True,34.42098103943065,True,False,-3.7156227268653086,True,True,True,1.6082218964864472,True,False,False,True,Tech
ACN,2023-03-15 04:00:00,246.17,0.5217126376081571,True,26.503051576096784,-13.220479415865476,2.5449723669367383,-6.63354319957522,False,False,1.0017634037444267,87.09677419354858,True,65.18375241779466,True,True,-3.7156227268653086,True,True,True,2.025022445830273,True,True,False,True,Tech
ACN,2024-04-25 04:00:00,309.0,-0.0340776699029125,False,26.59983135679485,-7.438187358059345,2.1233556470690043,-2.215189873417722,False,True,-5.2852852852852905,10.13296652911499,False,74.58264369929907,True,True,2.5086401815802573,False,False,False,1.2764246536510901,True,False,False,False,Tech
ACN,2024-04-26 04:00:00,308.01,-0.02876529982792775,False,26.028315384609304,-7.663680158849296,2.029507305949295,-2.7991668770512512,False,True,-5.2852852852852905,10.13296652911499,False,33.33333333333333,True,True,2.5086401815802573,False,False,False,1.1877891183325902,True,False,False,False,Tech
ACN,2024-04-29 04:00:00,303.16,-0.008675286977173902,False,23.37827123493122,-9.035104398025508,2.0587693177036996,-4.492470543759053,False,False,0.4692454026632875,43.13524590163951,True,10.793131643499985,False,True,-2.929499021833226,True,False,False,1.5950636628370722,True,False,False,True,Tech
ACN,2024-04-30 04:00:00,300.91,0.014688777375294837,True,22.246659805008548,-9.622908169344162,2.0086154338069044,-5.024776694126176,False,False,0.4692454026632875,43.13524590163951,True,36.936936936937656,True,True,-2.929499021833226,True,False,False,1.6869435920592624,True,False,False,True,Tech
ACN,2024-05-01 04:00:00,298.66,0.030302015669992466,True,21.14444580603934,-10.206671239191914,2.0081033646547106,-4.7458059577725304,False,False,0.4692454026632875,43.13524590163951,True,10.389610389610459,False,False,-2.929499021833226,True,False,False,0.8363834782694419,False,False,False,True,Tech
ACN,2024-05-02 04:00:00,300.34,0.011520277019378078,True,24.165639601536984,-9.614320428450796,1.9745768989290917,-2.8025889967637663,False,False,0.4692454026632875,43.13524590163951,True,40.90909090909076,True,True,-2.929499021833226,True,False,False,0.852140482375416,False,False,False,True,Tech
ACN,2024-05-03 04:00:00,303.71,0.007836422903427565,True,29.962369233446918,-8.521856313812236,1.9218468594845466,-1.39605856952697,False,False,0.4692454026632875,43.13524590163951,True,25.813317117664724,False,True,-2.929499021833226,True,False,False,0.8916049824742657,False,False,False,True,Tech
ACN,2024-05-29 04:00:00,293.77,0.07046328760595033,True,29.65577574321141,-10.384311437900234,1.9567220608273779,-3.250559873534453,False,True,-0.8944602226357179,29.15309446254052,False,54.228230116315245,True,True,-1.3707169413715081,True,True,True,1.656428206457036,True,False,False,False,Tech
ACN,2024-05-30 04:00:00,284.8,0.0986657303370786,True,23.80934051868159,-13.007072584067753,2.1119434985755317,-7.264498062583435,False,True,-0.8944602226357179,29.15309446254052,False,8.21256038647331,False,True,-1.3707169413715081,True,True,True,1.773277333630721,True,False,False,False,Tech
ACN,2024-05-31 04:00:00,282.29,0.12083318573098567,True,22.47418525678784,-13.655421593653145,2.1480593941200405,-7.727257869447257,False,True,-0.8944602226357179,29.15309446254052,False,53.731343283582525,True,True,-1.3707169413715081,True,True,True,2.268290960198265,True,True,False,False,Tech
ACN,2024-06-03 04:00:00,281.76,0.11932140829074389,True,22.191207582574688,-13.698880104918723,2.1710178679828585,-6.388916575301506,False,True,-0.8564181955927341,6.1473486625999785,False,15.418502202643333,False,True,-2.0649344794718583,True,True,True,1.1694332769362654,True,False,False,False,Tech
BAC,2022-03-07 05:00:00,38.34,-0.1507563901930099,False,23.808782203456786,-11.376538400222083,4.1054051848761866,-13.257918552036196,False,True,-2.0452567449956383,73.15451119485705,True,6.842105263158034,False,True,3.762249418890695,False,False,False,1.9198948384322196,True,False,False,True,Finance
BAC,2022-03-08 05:00:00,38.59,-0.20860326509458416,False,25.331737954454503,-10.702710445122033,4.063258527831023,-9.135860607487622,False,True,-2.0452567449956383,73.15451119485705,True,28.187919463087457,False,True,3.762249418890695,False,False,False,1.3026860660215536,True,False,False,True,Finance
BAC,2022-04-14 04:00:00,37.57,-0.18658504125632158,False,26.279898691242934,-12.143307743975017,3.1768377193299404,-4.62046204620462,False,True,-6.471529842213575,13.614198371246758,False,9.677419354838635,False,False,2.9339495666020454,False,False,False,1.582872238757301,True,False,False,False,Finance
BAC,2022-04-26 04:00:00,36.45,-0.20740740740740748,False,29.246667388484326,-14.157724158540583,3.4713860037584574,-7.884761182714173,False,True,-5.293672800604998,5.033557046979823,False,2.6785714285715363,False,False,0.19441314153623157,False,False,False,0.8482875401761502,False,False,False,False,Finance
BAC,2022-04-27 04:00:00,36.25,-0.19227586206896552,False,28.57126860887111,-14.504290820615948,3.386041887450138,-8.598083711548155,False,True,-5.293672800604998,5.033557046979823,False,10.204081632653455,False,True,0.19441314153623157,False,False,False,0.7588621249265114,False,False,False,False,Finance
BAC,2022-04-29 04:00:00,35.68,-0.21076233183856496,False,29.1040235245124,-15.605943457350197,3.431399731312264,-5.005324813631528,False,True,-5.293672800604998,5.033557046979823,False,8.805031446540898,False,True,0.19441314153623157,False,False,False,0.9189265427391345,False,False,False,False,Finance
BAC,2022-06-13 04:00:00,32.02,-0.09056839475327927,False,27.771173465644488,-21.11820283439835,3.5967313897434074,-11.424619640387268,True,True,-2.242031334413841,8.532423208191107,False,27.18446601941781,False,False,-3.6049173700310577,True,False,False,1.3027180309752642,True,False,False,False,Finance
BAC,2022-06-14 04:00:00,31.46,-0.06643356643356646,False,26.080504383229897,-22.32388752941653,3.7103246941571855,-13.452544704264103,True,True,-2.242031334413841,8.532423208191107,False,17.153284671532838,False,False,-3.6049173700310577,True,False,False,1.03831014973256,True,False,False,False,Finance
BAC,2022-09-27 04:00:00,30.57,-0.09846254497873741,False,29.866924246428844,-17.14370749018145,3.3420391965993814,-10.535557506584725,False,True,-2.3468803663422966,27.751196172248676,False,25.631466119861994,False,True,-0.8631087472746213,True,False,True,1.0367361464172706,True,False,False,True,Finance
BAC,2022-12-07 05:00:00,32.74,-0.054367745876603535,False,29.562306245258828,-9.547180252965571,3.0648589200658374,-13.500660501981498,False,False,1.3713363807475343,3.726708074534304,False,42.10526315789507,True,True,-4.734592944097271,True,True,True,1.2679834682471132,True,False,False,False,Finance
BAC,2022-12-08 05:00:00,32.44,-0.04901356350184949,False,28.457504138311233,-10.283381871250736,3.0506104755117622,-11.244870041039668,False,False,1.3713363807475343,3.726708074534304,False,32.09876543209843,True,True,-4.734592944097271,True,True,True,1.1657286840245897,True,False,False,False,Finance
BAC,2022-12-09 05:00:00,32.38,-0.05064854848672029,False,28.230268798275457,-10.356113168727848,2.952976814905189,-10.254988913525487,False,False,1.3713363807475343,3.726708074534304,False,5.753739930955341,False,True,-4.734592944097271,True,True,True,0.9584746230595586,False,False,False,False,Finance
BAC,2022-12-14 05:00:00,32.28,0.040892193308550207,True,29.658862030105144,-10.373687274894952,2.9211844002865117,-1.4050091631032435,False,True,-4.297082228116722,13.23529411764687,False,13.937365527133478,False,False,-0.7366173749347671,True,True,True,1.221815290948172,True,False,False,True,Finance
BAC,2022-12-15 05:00:00,31.77,0.052250550834120224,True,27.44432205718781,-11.686114821217156,2.933688164342444,-2.065351418002459,False,True,-4.297082228116722,13.23529411764687,False,52.00000000000031,True,True,-0.7366173749347671,True,True,True,1.189492090367894,True,False,False,True,Finance
BAC,2022-12-16 05:00:00,31.7,0.057097791798107256,True,27.144732170776237,-11.776405691957091,2.86084395843865,-2.100061766522554,False,True,-4.297082228116722,13.23529411764687,False,46.5517241379311,True,True,-0.7366173749347671,True,True,True,1.4330108094551357,True,False,False,True,Finance
BAC,2023-03-08 05:00:00,32.56,0.09336609336609336,True,29.151749542482495,-7.79171073924056,2.1673835283693115,-4.628002343292326,False,True,-3.224893917963223,30.578512396694162,True,22.641509433963073,False,False,-1.9311749538773015,True,True,True,1.1950273097263115,True,False,False,False,Finance
BAC,2023-03-09 05:00:00,30.54,0.1751800916830386,True,20.0461455075757,-13.39581002415563,2.6719293195999687,-8.80859958196477,False,True,-3.224893917963223,30.578512396694162,True,11.057692307692319,False,False,-1.9311749538773015,True,True,True,2.9737571211759253,True,True,False,False,Finance
BAC,2023-03-10 05:00:00,30.27,0.18797489263297007,True,19.183620322265984,-14.040340077411376,3.003467314331916,-11.387587822014044,False,True,-3.224893917963223,30.578512396694162,True,63.67924528301885,True,True,-1.9311749538773015,True,True,True,3.7378862862247937,True,True,True,False,Finance
BAC,2023-03-13 04:00:00,28.51,0.26552086987022094,True,14.733431787696698,-18.884663223901764,3.562395206851611,-16.36843649163978,False,True,-0.14615609470916002,68.63905325443777,True,34.68834688346888,True,True,-1.1950523081156184,True,True,True,4.0828413167931386,True,True,True,True,Finance
BAC,2023-03-14 04:00:00,28.76,0.24095966620305975,True,17.65552671452865,-18.02513994572166,3.6815282523231985,-12.848484848484842,False,True,-0.14615609470916002,68.63905325443777,True,17.90123456790139,False,True,-1.1950523081156184,True,True,True,2.5812023259168746,True,True,False,True,Finance
BAC,2023-03-15 04:00:00,28.49,0.24289224289224287,True,16.978773555968427,-18.64257483768632,3.721731391913447,-12.50000000000001,False,True,-0.14615609470916002,68.63905325443777,True,22.72727272727267,False,True,-1.1950523081156184,True,True,True,2.027282546693309,True,True,False,True,Finance
BAC,2023-03-16 04:00:00,28.97,0.24301001035554015,True,22.654808843784995,-17.129442775983257,3.7331171547487147,-5.1407989521938475,False,True,-0.14615609470916002,68.63905325443777,True,19.65207135485776,False,False,-1.1950523081156184,True,True,True,1.5741947510161833,True,False,False,True,Finance
BAC,2023-03-17 04:00:00,27.82,0.2951114306254494,True,19.257751974225172,-20.257074370615594,3.9563758130068636,-8.093822266270234,True,True,-0.14615609470916002,68.63905325443777,True,19.23076923076918,False,False,-1.1950523081156184,True,True,True,1.7481246353504134,True,False,False,True,Finance
BAC,2023-03-20 04:00:00,27.75,0.32432432432432434,True,19.07030222055987,-20.295475492867894,3.8838169280104564,-2.6657313223430457,True,True,-11.387587822014044,23.936170212765916,False,12.820512820512983,False,False,12.94670245963323,False,False,True,1.0578064006544505,True,False,False,True,Finance
BAC,2023-03-21 04:00:00,28.59,0.31199720181881774,True,28.112954836542105,-17.736419587228138,3.80774235941581,-0.591098748261476,False,True,-11.387587822014044,23.936170212765916,False,17.021276595744357,False,False,12.94670245963323,False,False,True,1.0709166359460904,True,False,False,True,Finance
BAC,2023-03-22 04:00:00,27.64,0.34044862518089714,True,24.74542229633254,-20.3075888359148,3.9415536559956434,-2.9835029835029725,True,True,-11.387587822014044,23.936170212765916,False,0.0,False,False,12.94670245963323,False,False,True,0.9478944478990252,False,False,False,True,Finance
BAC,2023-03-23 04:00:00,26.97,0.36670374490174273,True,22.681850121572683,-22.066895445354834,4.095235604831704,-6.903693476009664,True,True,-11.387587822014044,23.936170212765916,False,13.846153846153817,False,False,12.94670245963323,False,False,True,1.2392884749694204,True,False,False,True,Finance
BAC,2023-03-24 04:00:00,27.14,0.36661753868828306,True,24.40443221693394,-21.406933615189928,4.034189271002325,-2.4442846872753443,True,True,-11.387587822014044,23.936170212765916,False,28.865979381443452,False,False,12.94670245963323,False,False,True,1.0958812337453472,True,False,False,True,Finance
BAC,2023-09-26 04:00:00,27.17,0.4545454545454546,True,29.061772333433534,-11.428460934375542,1.8939705418867543,-5.16579406631762,False,False,1.6925246826516194,10.576923076923336,False,32.653061224489925,True,True,-2.469127456491438,True,True,True,1.1118589823363332,True,False,False,True,Finance
BAC,2023-10-02 04:00:00,26.7,0.4692883895131086,True,28.766556032145882,-12.575006257171694,2.050916800831958,-3.2608695652173947,False,True,-4.160887656033285,2.9197080291970234,False,15.483870967742023,False,False,-1.0640510139979686,True,True,True,1.275997921334703,True,False,False,False,Finance
BAC,2023-10-03 04:00:00,25.91,0.5148591277499035,True,23.793191457584538,-15.033555296964263,2.2050868985189735,-4.637467795362538,False,True,-4.160887656033285,2.9197080291970234,False,12.85714285714285,False,False,-1.0640510139979686,True,True,True,1.5430187307188479,True,False,False,False,Finance
BAC,2023-10-04 04:00:00,25.94,0.546260601387818,True,24.328217885289455,-14.808574661366588,2.163617744322465,-4.877154382104876,False,True,-4.160887656033285,2.9197080291970234,False,69.76744186046476,True,True,-1.0640510139979686,True,True,True,1.3647413718389807,True,False,False,False,Finance
BAC,2023-10-05 04:00:00,26.06,0.533384497313891,True,26.5495852518775,-14.29154442186524,2.145091480485752,-5.442670537010164,False,True,-4.160887656033285,2.9197080291970234,False,41.50943396226452,True,True,-1.0640510139979686,True,True,True,1.1815250079067234,True,False,False,False,Finance
BAC,2023-10-06 04:00:00,26.07,0.5316455696202531,True,26.742578223330444,-14.136835301037667,2.2007071394568554,-4.784514243973703,False,True,-4.160887656033285,2.9197080291970234,False,39.86928104575156,True,True,-1.0640510139979686,True,True,True,1.3596629705511334,True,False,False,False,Finance
MRK,2024-10-25 04:00:00,103.98,-0.1673398730525102,False,26.02451817858026,-11.705419091594283,1.7791716838737408,-4.342226310947561,False,False,-0.03643982873279272,59.463722397476026,True,4.562737642585732,False,False,-2.96853951833681,True,True,True,1.0597418631008981,True,False,False,False,Health
MRK,2024-10-28 04:00:00,104.23,-0.17221529310179418,False,27.425106156938384,-11.391799766621794,1.7214522360983882,-1.9842016174534516,False,True,-0.9386676387496573,4.793388429751948,False,28.037383177570007,False,True,-3.037612528420075,True,True,True,0.7844536670802088,False,False,False,False,Health
MRK,2024-10-29 04:00:00,103.73,-0.1711173238214595,False,26.350555138797244,-11.713052276565348,1.703289147230416,-2.728807201800443,False,True,-0.9386676387496573,4.793388429751948,False,2.1276595744681708,False,False,-3.037612528420075,True,True,True,1.0371964935165603,True,False,False,False,Health
MRK,2024-10-31 04:00:00,102.32,-0.18041438623924932,False,26.97580041034729,-12.708301742774495,2.0599284840642835,-3.362296939931997,False,True,-0.9386676387496573,4.793388429751948,False,50.3239740820736,True,True,-3.037612528420075,True,True,True,1.8206297453153417,True,False,False,False,Health
MRK,2024-11-01 04:00:00,101.88,-0.17167255594817432,False,26.12412715515833,-12.970376277037388,2.0269185542956336,-2.0196191575303057,False,True,-0.9386676387496573,4.793388429751948,False,37.74834437086129,True,True,-3.037612528420075,True,True,True,1.062335999373595,True,False,False,False,Health
MRK,2024-11-04 05:00:00,101.87,-0.1579464022774124,False,26.103955710614418,-12.86639127788917,1.9934594581688911,-2.264223352201855,False,True,-4.342226310947561,2.2598870056498024,False,58.35962145110452,True,True,0.28912883656617705,False,False,True,0.9555247523466681,False,False,False,True,Health
MRK,2024-11-05 05:00:00,101.65,-0.1512051155927202,False,25.634995685329535,-12.941480650158944,1.949939073183645,-2.0052058228092196,False,True,-4.342226310947561,2.2598870056498024,False,69.42148760330561,True,True,0.28912883656617705,False,False,True,0.7092171146656931,False,False,False,True,Health
MRK,2024-11-06 05:00:00,100.73,-0.1387868559515537,False,23.716217570540582,-13.61140162480192,2.0136907633266645,-3.9110941524372778,False,True,-4.342226310947561,2.2598870056498024,False,4.94296577946803,False,True,0.28912883656617705,False,False,True,0.9999730411447096,False,False,False,True,Health
MRK,2024-11-07 05:00:00,101.17,-0.10101808836611648,False,26.547904463505557,-13.119640642253708,1.9295019116823404,-1.1239249413604324,False,True,-4.342226310947561,2.2598870056498024,False,38.09523809523882,True,True,0.28912883656617705,False,False,True,0.8958232251998508,False,False,False,True,Health
MRK,2024-11-12 05:00:00,98.58,-0.057415297220531514,False,26.532684139936514,-15.004736198927615,2.0870646539666873,-3.0201672405312463,False,True,-2.0196191575303057,50.38402457757294,True,3.524229074889799,False,False,1.9424055762743642,False,False,True,1.2316832313023014,True,False,False,True,Health
MRK,2024-11-13 05:00:00,98.5,-0.05725888324873096,False,26.382976815501298,-14.946141978969079,2.0519628982193385,-2.21383897547901,False,True,-2.0196191575303057,50.38402457757294,True,38.70967741935454,True,False,1.9424055762743642,False,False,True,0.8887916291226783,False,False,False,True,Health
MRK,2024-11-14 05:00:00,98.36,-0.019621797478649783,False,26.10537991560004,-14.939507422228726,2.013404469855533,-2.7775032124147447,False,True,-2.0196191575303057,50.38402457757294,True,28.275862068965225,False,False,1.9424055762743642,False,False,True,0.871528926146107,False,False,False,True,Health
MRK,2024-11-15 05:00:00,96.31,-0.013082753608140485,False,22.39035079382333,-16.57359043073295,2.1971461408212116,-6.422464049747378,False,True,-2.0196191575303057,50.38402457757294,True,53.197674418604635,True,True,1.9424055762743642,False,False,True,1.5919304272067716,True,False,False,True,Health
MRK,2024-11-18 05:00:00,96.56,-0.016466445733222868,False,23.81424206610618,-16.220677117349915,2.1732548842262265,-4.1397796088553545,False,False,1.0208087946603994,54.612546125461236,True,60.962566844919664,True,True,-3.4328827240527326,True,False,True,1.3507150200376155,True,False,False,False,Health
MRK,2024-11-19 05:00:00,96.54,0.012637248808783808,True,23.77665948390272,-16.102474641976585,2.1878743016007403,-2.0693852708460025,False,False,1.0208087946603994,54.612546125461236,True,55.89519650655046,True,True,-3.4328827240527326,True,False,True,1.2416819283536422,True,False,False,False,Health
MRK,2024-11-20 05:00:00,97.44,0.03037766830870292,True,29.192041780463448,-15.1910511468658,2.181434733458657,-1.076142131979696,False,False,1.0208087946603994,54.612546125461236,True,14.6788990825691,False,True,-3.4328827240527326,True,False,True,1.1302763216411753,True,False,False,False,Health
AMD,2022-01-25 05:00:00,111.13,-0.32367497525420674,False,28.606297566063272,-2.5255876795359873,6.4819025716823315,-15.765936481467458,False,False,3.6969696969696875,24.96917385943287,False,25.60483870967737,False,True,1.6898891462805876,False,False,False,1.1939839917983464,True,False,False,True,Tech
AMD,2022-01-26 05:00:00,110.71,-0.31894137837593706,False,28.3751522086622,-2.866007817403186,6.592087323563329,-13.689872924300317,False,False,3.6969696969696875,24.96917385943287,False,24.38452520515824,False,True,1.6898891462805876,False,False,False,1.2922973138634373,True,False,False,True,Tech
AMD,2022-01-27 05:00:00,102.6,-0.29385964912280693,False,24.293227519077167,-9.892010987475565,7.357650959824596,-15.825744523750929,False,False,3.6969696969696875,24.96917385943287,False,6.105457909343167,False,False,1.6898891462805876,False,False,False,1.6420472450073769,True,False,False,True,Tech
AMD,2022-01-28 05:00:00,105.24,-0.28591790193842637,False,27.927871618040125,-7.5037398501362045,7.071343629672347,-11.421597508627224,False,False,3.6969696969696875,24.96917385943287,False,36.363636363636346,True,False,1.6898891462805876,False,False,False,1.2430983585619304,True,False,False,True,Tech
AMD,2022-09-22 04:00:00,69.5,0.40115107913669057,True,26.71988751508598,-28.156456108200032,5.28646532562965,-9.339942603704666,True,False,6.493020937188443,33.62720403022667,True,6.445312499999961,False,False,-2.149767754730958,True,False,True,1.3734554864487156,True,False,False,False,Tech
AMD,2022-09-23 04:00:00,67.96,0.4120070629782224,True,25.32763904863138,-29.5398201629361,5.301607480982919,-11.17500980264019,True,False,6.493020937188443,33.62720403022667,True,50.40513615231309,True,False,-2.149767754730958,True,False,True,1.1661209751223856,True,False,False,False,Tech
AMD,2022-09-26 04:00:00,66.3,0.4791855203619908,True,23.883051119985865,-31.046407234393573,5.314441044277945,-13.638139898397817,True,True,-10.462258630778232,17.152819436112775,False,2.008032128513946,False,False,-0.22131797067569403,True,True,True,1.0899616431585712,True,False,False,True,Tech
AMD,2022-09-27 04:00:00,67.17,0.5298496352538336,True,26.2569711907633,-29.93143931183241,5.166546221807314,-10.737541528239202,True,True,-10.462258630778232,17.152819436112775,False,42.086330935251844,True,True,-0.22131797067569403,True,True,True,1.2203260762458532,True,False,False,True,Tech
AMD,2022-09-28 04:00:00,68.36,0.5040959625511994,True,29.495971900764463,-28.485933994119,4.9478285404417415,-8.216970998925888,True,True,-10.462258630778232,17.152819436112775,False,24.57661200232352,False,False,-0.22131797067569403,True,True,True,0.9291647347725215,False,False,False,True,Tech
AMD,2022-09-29 04:00:00,64.14,0.6100717181166198,True,25.25899319885715,-32.680256470494285,5.512524240856793,-7.712230215827343,True,True,-10.462258630778232,17.152819436112775,False,29.97551431382866,False,True,-0.22131797067569403,True,True,True,1.2852189826906721,True,False,False,True,Tech
AMD,2022-09-30 04:00:00,63.36,0.5795454545454546,True,24.556838417144174,-33.276520546196345,5.4715153347213334,-6.768687463213652,True,True,-10.462258630778232,17.152819436112775,False,0.7782101167313648,False,False,-0.22131797067569403,True,True,True,1.0320680384201628,True,False,False,True,Tech
AMD,2022-10-07 04:00:00,58.44,0.86533196440794,True,25.5402282923696,-37.516061252525375,6.633760877391707,-7.765151515151514,True,True,-11.17500980264019,9.823616720168364,False,3.7865748709121996,False,False,0.32116109990221187,False,False,True,1.9122969738851288,True,False,False,True,Tech
AMD,2022-10-10 04:00:00,57.81,0.8735512887043764,True,25.01601446321074,-37.9538829532803,6.5347082978377795,-12.554832854333686,True,True,-6.768687463213652,8.879319012031202,False,40.562248995984106,True,False,-3.311338659969665,True,False,True,1.280341340782301,True,False,False,True,Tech
AMD,2022-10-11 04:00:00,57.63,0.8877320839840361,True,24.859019998055118,-37.91140125948403,6.441993662866595,-15.12518409425626,True,True,-6.768687463213652,8.879319012031202,False,40.48865619546258,True,True,-3.311338659969665,True,False,True,1.2768924313147958,True,False,False,True,Tech
AMD,2022-10-12 04:00:00,57.85,0.8165946413137424,True,25.474629374331656,-37.43986190212807,6.206046712289202,-14.851339417132758,True,True,-6.768687463213652,8.879319012031202,False,56.50000000000013,True,True,-3.311338659969665,True,False,True,0.9895016106354682,False,False,False,True,Tech
AMD,2022-10-13 04:00:00,58.94,0.8062436375975568,True,28.59595919101357,-36.03030707134368,6.331205378323107,-13.131908621960198,True,True,-6.768687463213652,8.879319012031202,False,17.05565529622985,False,True,-3.311338659969665,True,False,True,1.415209001691864,True,False,False,True,Tech
AMD,2022-10-14 04:00:00,55.94,0.8795137647479443,True,25.438055588687916,-39.048048092781826,6.718417928620883,-4.2778918548939115,True,True,-6.768687463213652,8.879319012031202,False,2.5578562728379284,False,True,-3.311338659969665,True,False,True,1.0332943892049453,True,False,False,True,Tech
AMD,2024-04-19 04:00:00,146.64,-0.3835924713584288,False,28.905651523177138,1.8479405264656812,5.229657519216764,-10.191082802547779,False,True,-5.579256468502425,22.345337026777358,False,15.06696428571421,False,True,2.406280966336971,False,False,False,1.1693622866991518,True,False,False,True,Tech
AMD,2024-07-25 04:00:00,138.32,0.28282244071717755,True,29.930942741348844,-9.225707009580573,5.3065446841626995,-11.20241381524043,False,False,5.648632926119834,11.948790896159364,False,19.01763224181349,False,False,0.04809601917563633,False,False,True,1.1500989427585948,True,False,False,True,Tech
AMD,2024-12-18 05:00:00,121.41,0.7704472448727453,True,28.558804879721116,-18.070227932819297,4.045500863828508,-6.715328467153292,False,False,1.0315290687078482,7.663690476190274,False,13.387978142076376,False,True,-3.7287656076054,True,True,True,1.3887609712652909,True,False,False,True,Tech
AMD,2024-12-19 05:00:00,118.88,0.8077052489905789,True,26.5580767947835,-19.619337841690324,4.132700068740656,-8.973966309341497,False,False,1.0315290687078482,7.663690476190274,False,8.722109533468423,False,False,-3.7287656076054,True,True,True,1.2658981421241426,True,False,False,True,Tech
AMD,2024-12-20 05:00:00,119.21,0.803875513799178,True,27.273754207420193,-19.24034468788605,4.064160481643773,-6.0672917815775,False,False,1.0315290687078482,7.663690476190274,False,2.5252525252523856,False,False,-3.7287656076054,True,True,True,1.422299084733684,True,False,False,True,Tech
ABT,2022-06-14 04:00:00,102.94,0.020205945210802323,True,29.359457525315396,-14.287242119795037,3.00487405254775,-11.92676249144421,False,False,-0.1028365755420424,47.94238683127569,True,28.69358532131342,False,False,-1.7999447346202402,True,True,False,1.1551349530467325,True,False,False,False,Health
ABT,2022-08-26 04:00:00,101.9,0.01933267909715397,True,29.259337362702997,-11.709458671541702,2.0324301348828064,-7.414137743049243,False,False,2.041189931350118,48.895485898891216,True,5.78158458244133,False,True,-1.5235584043487904,True,True,True,1.4803713392959397,True,False,False,False,Health
ABT,2022-08-29 04:00:00,101.84,0.025235663786331353,True,29.147664396306038,-11.658059291219262,1.986561693187671,-5.221033038622613,False,True,-1.273771080014352,33.95721925133684,True,20.714285714286078,False,True,-2.48439978887367,True,True,True,1.1453699141516485,True,False,False,True,Health
ABT,2022-09-30 04:00:00,96.76,-0.010024803637866841,False,28.275803534605558,-14.142165314869729,2.2912198794531458,-3.8935240365514545,False,True,-4.129793510324486,9.432454036770624,False,3.180212014134398,False,True,0.5879982563643749,False,False,True,1.1993644430357557,True,False,False,True,Health
ABT,2023-03-10 05:00:00,96.96,0.24546204620462064,True,29.40386679760717,-10.376991049565984,2.1707148053819103,-7.170895165150803,False,True,-5.8834551246018325,9.11999999999989,False,22.010869565216808,False,False,2.511547102802525,False,False,True,1.359858284374323,True,False,False,True,Health
ABT,2023-10-11 04:00:00,92.64,0.253454231433506,True,28.53499830409595,-11.6306056040345,2.1213385842737615,-3.146889702038691,False,True,-1.324503311258285,55.73333333333304,True,11.545988258317093,False,False,-0.7230961927330415,True,True,True,1.8832552460049254,True,False,False,True,Health
ABT,2023-10-12 04:00:00,90.19,0.3000332631112097,True,24.21373694794937,-13.847927571213988,2.293072152291651,-6.2474012474012515,False,True,-1.324503311258285,55.73333333333304,True,15.149735760422558,False,False,-0.7230961927330415,True,True,True,1.4521640246164014,True,False,False,True,Health
ABT,2023-10-13 04:00:00,90.87,0.27709915263563323,True,27.495629662279967,-13.084228135587963,2.2587670820146455,-6.203550784475631,False,True,-1.324503311258285,55.73333333333304,True,3.7837837837834267,False,False,-0.7230961927330415,True,True,True,1.1355252501987472,True,False,False,True,Health
ORCL,2022-01-25 05:00:00,81.07,0.10805476748488974,True,28.65846742037421,-4.289584127369471,2.810909791698398,-5.2367036820572865,False,False,0.2056907781967654,25.174825174825138,False,45.78947368421022,True,True,-3.1801955151573025,True,True,False,1.4781333640067305,True,False,False,False,Tech
ORCL,2022-01-26 05:00:00,79.59,0.11810528960924738,True,26.04810411776338,-5.980381125467407,2.9059159788279736,-4.545454545454541,False,False,0.2056907781967654,25.174825174825138,False,11.433756805807558,False,True,-3.1801955151573025,True,True,False,1.4659360365857295,True,False,False,False,Tech
ORCL,2022-01-27 05:00:00,79.78,0.09488593632489328,True,26.96778892413893,-5.701926926164626,2.866511554823927,-3.5541586073500886,False,False,0.2056907781967654,25.174825174825138,False,29.74358974358961,False,True,-3.1801955151573025,True,True,False,1.0581704192367607,True,False,False,False,Tech
ORCL,2022-02-17 05:00:00,75.53,0.14126837018403293,True,29.144388179727297,-10.128149926098002,2.7315637102070625,-7.721441661576045,False,False,2.025347912524844,25.880551301684495,False,5.4794520547945895,False,True,-2.4354006058173505,True,True,True,1.039561467633952,True,False,False,False,Tech
ORCL,2022-02-18 05:00:00,74.57,0.15757006839211485,True,27.49987171224908,-11.170821153055188,2.707997367205515,-6.495297805642641,False,False,2.025347912524844,25.880551301684495,False,19.999999999999414,False,True,-2.4354006058173505,True,True,True,0.8949736702251208,False,False,False,False,Tech
ORCL,2022-02-22 05:00:00,74.12,0.19508904479222866,True,26.73824503591181,-11.603900255944982,2.654151306513277,-6.11779607346421,False,True,-2.874193155523075,5.091611323065341,False,15.503875968991462,False,False,-0.8678920576602245,True,True,True,0.9723476207185047,False,False,False,False,Tech
ORCL,2022-02-23 05:00:00,72.47,0.22340278736028707,True,24.10235618497554,-13.454831165013491,2.7207652751916394,-9.151310016296854,False,True,-2.874193155523075,5.091611323065341,False,5.911330049261304,False,False,-0.8678920576602245,True,True,True,0.8579090786375978,False,False,False,False,Tech
ORCL,2022-09-16 04:00:00,68.83,0.638384425395903,True,29.616164550539104,-10.274549753269815,2.6427823918027067,-9.32683440916875,False,False,0.040187541862013454,19.637462235649707,False,37.62057877813482,True,False,-1.426068441182049,True,True,True,2.407937587705964,True,True,False,True,Tech
ORCL,2022-09-20 04:00:00,68.11,0.6066656878578771,True,28.723866555054094,-11.026542922642472,2.5921047834306794,-10.428721725407685,False,False,1.6470273165505978,49.4208494208494,True,65.7057654075548,True,True,-2.604884928667417,True,True,True,0.8581239260075847,False,False,False,False,Tech
ORCL,2022-09-21 04:00:00,66.75,0.6334082397003746,True,26.05263232024449,-12.691912537613806,2.6849944766110503,-7.445923460898507,False,False,1.6470273165505978,49.4208494208494,True,0.46728971962640714,False,True,-2.604884928667417,True,True,True,0.6656896135180352,False,False,False,False,Tech
ORCL,2022-09-22 04:00:00,66.03,0.6401635620172648,True,24.740849466609955,-13.516340401620786,2.639388975875942,-5.99373576309794,False,False,1.6470273165505978,49.4208494208494,True,17.272727272727156,False,True,-2.604884928667417,True,True,True,0.6942047268230689,False,False,False,False,Tech
ORCL,2022-09-23 04:00:00,64.55,0.6247869868319131,True,22.259748206130205,-15.324576814953375,2.746071819190163,-6.218218799941888,False,False,1.6470273165505978,49.4208494208494,True,43.312101910828,True,False,-2.604884928667417,True,True,True,0.8739312390659258,False,False,False,False,Tech
ORCL,2022-09-26 04:00:00,63.45,0.6488573680063041,True,20.605753779768843,-16.62843715575587,2.766369657855933,-8.136672940495139,False,True,-9.32683440916875,5.239541069941102,False,3.921568627451126,False,False,12.94286776957081,False,False,True,0.6433652332197887,False,False,False,True,Tech
ORCL,2022-09-27 04:00:00,62.42,0.7005767382249279,True,19.169430412655885,-17.83481599238588,2.881791564382372,-8.354133020114517,False,True,-9.32683440916875,5.239541069941102,False,16.279069767442014,False,False,12.94286776957081,False,False,True,0.8463334229831521,False,False,False,True,Tech
ORCL,2022-09-28 04:00:00,63.07,0.6794038370065008,True,22.825370647453365,-16.83870413618998,2.772382820487123,-5.513108614232209,False,True,-9.32683440916875,5.239541069941102,False,33.789954337899346,True,False,12.94286776957081,False,False,True,0.7672630181184817,False,False,False,True,Tech
ORCL,2022-09-29 04:00:00,61.4,0.7379478827361563,True,20.28661535858123,-18.88701548143599,2.9107775690386193,-7.0119642586703,False,True,-9.32683440916875,5.239541069941102,False,34.065934065933924,True,True,12.94286776957081,False,False,True,0.7961109564226149,False,False,False,True,Tech
ORCL,2022-09-30 04:00:00,61.07,0.7114786310790895,True,19.817548146480036,-19.167549563661698,2.843788925596652,-5.391169635941129,False,True,-9.32683440916875,5.239541069941102,False,0.9259259259257432,False,False,12.94286776957081,False,False,True,0.8646135917916926,False,False,False,True,Tech
ORCL,2023-12-12 05:00:00,100.81,0.7391131832159508,True,27.192425309229275,-5.0145376551583025,2.881059335689872,-11.97939404522832,False,False,0.7827956989247209,34.37499999999965,True,2.8169014084508075,False,False,-4.298032418552856,True,True,True,6.113670485935387,True,True,True,True,Tech
ORCL,2023-12-14 05:00:00,100.31,0.7070082743495163,True,29.79253571259674,-5.406428650090553,2.972636408034145,-11.127846194737312,False,False,0.7827956989247209,34.37499999999965,True,18.492056821047306,False,False,-4.298032418552856,True,True,True,2.016460789760231,True,True,False,True,Tech
ADBE,2022-09-02 04:00:00,368.14,0.5264301624382031,True,29.37085668155682,-17.623642800193213,3.3116656074736994,-3.380399979003723,False,True,-4.625619853254648,1.6396532227666893,False,16.354858177428973,False,True,-1.9195941490055213,True,True,True,1.0856191436353444,True,False,False,False,Tech
ADBE,2022-09-06 04:00:00,368.3,0.5217485745316319,True,29.51133935219745,-17.443363701592787,3.2469717034947796,-1.8547140649149862,False,True,-10.359835785957117,1.3234919826927503,False,20.82866741321402,False,True,1.8008760934791423,False,False,True,1.1270420174275506,True,False,False,True,Tech
ADBE,2022-09-15 04:00:00,309.13,0.722317471613884,True,23.339006093771147,-29.91473487166223,5.343170098823258,-19.419753408231887,True,True,-3.380399979003723,30.367321838264726,True,17.208333333333314,False,False,-2.974493641307707,True,False,True,7.327412298317371,True,True,True,True,Tech
ADBE,2022-09-16 04:00:00,299.5,0.8086477462437398,True,21.89174788626084,-31.88046456779628,5.526244751834017,-24.134961244237296,True,True,-3.380399979003723,30.367321838264726,True,76.67493796526061,True,True,-2.974493641307707,True,False,True,3.339047010399412,True,True,True,True,Tech
ADBE,2022-09-19 04:00:00,296.06,0.8097007363372288,True,21.381686484771436,-32.44331084313715,5.336759426483471,-25.305278030073673,True,False,7.236377465094801,6.05468750000005,False,24.344028336600264,False,True,-0.899672678875385,True,True,True,1.4010578729413932,True,False,False,False,Tech
ADBE,2022-09-20 04:00:00,291.06,0.7655466226894798,True,20.629330465404497,-33.361553138824604,5.243183277247954,-20.991340698716034,True,False,7.236377465094801,6.05468750000005,False,51.84334736573545,True,True,-0.899672678875385,True,True,True,1.3284282613803955,True,False,False,False,Tech
ADBE,2022-09-21 04:00:00,286.3,0.7914774711840724,True,19.911044920475657,-34.22588599156656,5.242016870611561,-22.938199827734707,True,False,7.236377465094801,6.05468750000005,False,0.682593856655156,False,True,-0.899672678875385,True,True,True,0.9622705626476015,False,False,False,False,Tech
ADBE,2022-09-22 04:00:00,287.06,0.7822058106319236,True,20.387677375177308,-33.82707851269261,5.090837801636584,-7.13939119464303,True,False,7.236377465094801,6.05468750000005,False,20.44257112750259,False,False,-0.899672678875385,True,True,True,1.0685785947589925,True,False,False,False,Tech
ADBE,2022-09-23 04:00:00,284.56,0.7792381220129323,True,19.966728839466704,-34.17805410104845,4.9658763131529815,-4.988313856427373,True,False,7.236377465094801,6.05468750000005,False,49.148808841692606,True,False,-0.899672678875385,True,True,True,0.8811918588979367,False,False,False,False,Tech
ADBE,2022-09-26 04:00:00,276.96,0.8147024841132295,True,18.70251775636692,-35.70612292443949,5.051056090544422,-6.451394987502546,True,True,-24.134961244237296,7.0599520383693175,False,1.7283950617282298,False,False,14.236071136581852,False,False,True,1.218683203520218,True,False,False,True,Tech
ADBE,2022-09-27 04:00:00,277.57,0.8181719926505027,True,19.14502496188058,-35.33568532858414,4.931375465875629,-4.634783206211779,True,True,-24.134961244237296,7.0599520383693175,False,29.068577277379532,False,True,14.236071136581852,False,False,True,1.1144401765236456,True,False,False,True,Tech
ADBE,2022-09-28 04:00:00,281.4,0.8120113717128643,True,22.01519013903743,-34.217977767301086,4.703884796634247,-1.7114914425428007,True,True,-24.134961244237296,7.0599520383693175,False,67.97829036634991,True,True,14.236071136581852,False,False,True,0.8460510978912893,False,False,False,True,Tech
ADBE,2022-09-29 04:00:00,278.25,0.8728840970350404,True,21.34410959341651,-34.72732243357949,4.581376296508125,-3.069044798996723,True,True,-24.134961244237296,7.0599520383693175,False,60.91703056768625,True,True,14.236071136581852,False,False,True,0.8606153408902392,False,False,False,True,Tech
ADBE,2022-09-30 04:00:00,275.2,0.8424055232558139,True,20.68658063043354,-35.21432392538601,4.5462996803737585,-3.2892887264548865,True,True,-24.134961244237296,7.0599520383693175,False,3.7076271186437073,False,True,14.236071136581852,False,False,True,0.7517976070370845,False,False,False,True,Tech
ADBE,2022-10-03 04:00:00,285.24,0.8174870284672555,True,28.49546494887483,-32.630563965046164,4.365957924280595,2.9896013864818105,True,True,-4.988313856427373,23.41311134235175,False,12.82222222222244,False,True,-3.6530384138753536,True,False,False,0.6073504111640937,False,False,False,True,Tech
ADBE,2023-02-24 05:00:00,320.54,0.7236226368003993,True,29.76015193849914,-13.691544640414296,3.694010643798843,-12.21930112827254,False,True,-2.198613344581224,19.35643564356449,False,17.383512544802894,False,False,-2.054785117218183,True,False,True,2.8578829596741806,True,True,False,False,Tech
ADBE,2023-05-04 04:00:00,335.83,0.46976148646636684,True,29.988766928757588,-8.837185077639873,2.8951675254425875,-9.58214420332778,False,True,-0.45073541040644427,37.4081692624156,True,19.72295514511876,False,False,-4.732336345752531,True,True,True,2.6993876797326277,True,True,False,False,Tech
WFC,2022-03-07 05:00:00,45.81,-0.043003710980135335,False,27.312341246637896,-5.942562101316243,4.534787988146352,-14.165261382799322,False,True,-2.7323386661873172,63.08539944903585,True,1.4234875444839579,False,False,3.677070172397201,False,False,False,1.7314804804861292,True,False,False,False,Finance
WFC,2022-06-13 04:00:00,38.99,0.07925109002308273,True,29.3232380403711,-17.677755948710715,3.821638184630612,-13.585992907801414,False,True,-2.3316626716060163,22.666666666666515,False,23.076923076922476,False,False,-3.6256376639682952,True,False,True,1.2361945224249706,True,False,False,False,Finance
WFC,2022-06-14 04:00:00,37.43,0.13171253005610462,True,25.942773531304102,-20.806235406013244,4.133570754253117,-17.68198812403783,True,True,-2.3316626716060163,22.666666666666515,False,18.34061135371187,False,False,-3.6256376639682952,True,False,True,1.5737608385234603,True,False,False,False,Finance
WFC,2022-06-16 04:00:00,37.65,0.11261620185922983,True,28.84744750544342,-20.027318970076283,4.086864042206184,-11.764705882352944,True,True,-2.3316626716060163,22.666666666666515,False,68.90756302521024,True,True,-3.6256376639682952,True,False,True,1.5672112201067019,True,False,False,False,Finance
WFC,2022-12-15 05:00:00,41.37,0.20038675368624603,True,29.182674225708325,-7.77166053677284,2.838469856007984,-2.841709722874586,False,True,-3.161888701517712,32.13289681096141,True,51.191501579098244,True,True,1.1518754141364163,False,False,True,0.922189166552445,False,False,False,True,Finance
WFC,2022-12-16 05:00:00,41.19,0.21607186210245222,True,28.50004103161726,-8.098206966184295,2.751287540768658,-3.0823529411764805,False,True,-3.161888701517712,32.13289681096141,True,29.999999999999883,False,True,1.1518754141364163,False,False,True,1.5616381447742056,True,False,False,True,Finance
WFC,2023-03-09 05:00:00,41.13,0.38803792851932895,True,25.44000431772881,-8.439595195365014,2.922496633916307,-10.19650655021833,False,True,-1.8319646241314103,67.50902527075787,True,11.111111111111258,False,False,-2.505159146196745,True,True,True,2.0077982130769203,True,True,False,False,Finance
WFC,2023-03-10 05:00:00,41.36,0.39289168278529973,True,27.21675891786975,-7.854901694307882,3.1537194756643934,-11.718249733191044,False,True,-1.8319646241314103,67.50902527075787,True,32.44781783681205,True,False,-2.505159146196745,True,True,True,2.9742701980563564,True,True,False,False,Finance
WFC,2023-03-13 04:00:00,38.41,0.5053371517833898,True,20.476738387545062,-14.304126782499822,3.739152541516776,-17.628136392880133,False,True,0.4933504933505084,71.70731707317077,True,8.547008547008378,False,False,-1.7403234452490146,True,True,True,3.643035491958548,True,True,True,True,Finance
WFC,2023-03-15 04:00:00,38.85,0.4803088803088802,True,28.25968215401322,-13.118459480556114,4.116424172145936,-11.382299270072993,False,True,0.4933504933505084,71.70731707317077,True,24.581005586591967,False,False,-1.7403234452490146,True,True,True,1.8950285017537098,True,False,False,True,Finance
WFC,2023-03-17 04:00:00,37.76,0.5097987288135593,True,27.246127944265307,-15.323960437544795,4.321263777381578,-8.704061895551263,False,True,0.4933504933505084,71.70731707317077,True,18.699186991869713,False,False,-1.7403234452490146,True,True,True,1.6876492132284662,True,False,False,True,Finance
WFC,2023-03-20 04:00:00,37.48,0.5288153681963714,True,26.644819883061682,-15.81823736046577,4.2341095499334305,-2.4212444675865696,False,True,-11.718249733191044,21.931589537223317,False,3.482587064676269,False,False,12.851891132449511,False,False,True,1.1769119991329153,True,False,False,True,Finance
WFC,2023-03-22 04:00:00,37.2,0.5357526881720429,True,29.231527983170828,-16.19793949497333,4.233097155807596,-4.247104247104239,False,True,-11.718249733191044,21.931589537223317,False,0.6600660066009975,False,False,12.851891132449511,False,False,True,0.7499694011109806,False,False,False,True,Finance
WFC,2023-03-23 04:00:00,36.61,0.5495766184102704,True,27.884021342750266,-17.382975271113903,4.21482378848198,-6.844783715012714,False,True,-11.718249733191044,21.931589537223317,False,8.96234753402848,False,False,12.851891132449511,False,False,True,0.9554914696524045,False,False,False,True,Finance
WFC,2023-03-24 04:00:00,36.23,0.5644493513662712,True,27.020083781007752,-18.09185199900316,4.222942876172526,-4.051906779661019,False,True,-11.718249733191044,21.931589537223317,False,60.97560975609772,True,False,12.851891132449511,False,False,True,1.1017578631869172,True,False,False,True,Finance
WFC,2023-10-03 04:00:00,38.67,0.42177398500129293,True,28.273558452630972,-9.092032719464829,2.400741908375896,-4.870848708487074,False,True,-4.004656577415611,3.0876109610188442,False,20.49999999999983,False,False,0.5878451537025375,False,False,True,1.1303989369150587,True,False,False,False,Finance
NOW,2022-01-13 05:00:00,104.252,-0.19763649618232748,False,27.194044821426726,-12.021427755604657,5.330848576766898,-9.19448122082086,False,True,0.08326009528656364,14.29232192414425,False,2.2564469914039686,False,False,-3.771480126856064,True,False,False,2.6668069890087587,True,True,False,False,Tech
NOW,2022-01-18 05:00:00,104.468,-0.1797871118428609,False,29.31563966505698,-11.644762764307739,5.257660424305419,-8.68181818181818,False,True,-12.743602779189967,11.814127165231845,False,17.67770748046155,False,False,8.480339862949894,False,False,False,1.5963362402017471,True,False,False,True,Tech
NOW,2022-01-19 05:00:00,104.258,-0.15242954977076095,False,29.150619142490342,-11.718522726836978,5.208400930988785,-9.880022128483512,False,True,-12.743602779189967,11.814127165231845,False,2.8361117124918866,False,False,8.480339862949894,False,False,False,1.6333026731775655,True,False,False,True,Tech
NOW,2022-01-20 05:00:00,103.0,-0.14089320388349513,False,28.129113753218473,-12.672664840220401,5.2987704822603146,-10.183295837039363,False,True,-12.743602779189967,11.814127165231845,False,4.401650618982121,False,False,8.480339862949894,False,False,False,1.1700106053961188,True,False,False,True,Tech
NOW,2022-01-21 05:00:00,101.548,-0.1266987040611336,False,26.955018915801556,-13.784450554406138,5.296618119894434,-2.5937152284848164,False,True,-12.743602779189967,11.814127165231845,False,2.8045977011494263,False,False,8.480339862949894,False,False,False,1.5404986155939036,True,False,False,True,Tech
NOW,2022-01-25 05:00:00,99.016,-0.06465621717702186,False,28.972513363454706,-15.711574125058213,5.8596618834328655,-5.21882298885783,False,True,-6.2448136443086995,21.285454072339263,False,32.08685162846808,True,False,4.338604236491328,False,False,False,1.4846095530824215,True,False,False,True,Tech
NOW,2022-01-26 05:00:00,96.884,-0.0527641303001527,False,27.381276379403964,-17.38238280363019,6.17483916970652,-7.072838535172354,False,True,-6.2448136443086995,21.285454072339263,False,12.175792507204578,False,True,4.338604236491328,False,False,False,1.6638461815777024,True,False,False,True,Tech
NOW,2022-09-22 04:00:00,77.394,0.44579683179574636,True,29.61579110555214,-22.21190658657235,4.2625707757701425,-11.153713695327738,True,False,8.174725552921691,12.10847172587767,False,1.520270270270331,False,False,-0.18594047984272777,True,True,True,1.7273458155180668,True,False,False,False,Tech
NOW,2022-09-23 04:00:00,75.408,0.44448864841926583,True,27.580388312970314,-24.025014013317943,4.308055827782016,-11.451385627054956,True,False,8.174725552921691,12.10847172587767,False,20.663068619892158,False,False,-0.18594047984272777,True,True,True,1.5176448804404878,True,False,False,False,Tech
NOW,2022-09-26 04:00:00,74.02,0.4763037017022427,True,26.223890624341905,-25.234315767827635,4.362917705830492,-12.927890836372203,True,True,-9.410037657170822,7.6161091263397385,False,16.04026845637563,False,False,1.8797410058428277,False,False,True,1.5522003389443522,True,False,False,True,Tech
NOW,2022-10-14 04:00:00,68.352,0.6633602528089888,True,29.210909733390526,-28.90158291135978,5.412543847782254,-14.81767652850129,True,False,0.15117759388925123,30.912936200211615,True,3.3140655105972474,False,False,-3.077285839551258,True,False,True,1.6131104509715657,True,False,False,True,Tech
NOW,2024-05-30 04:00:00,128.658,0.5714219092477733,True,27.50136187743964,-6.384907073370538,3.678957839221543,-16.54580127914067,False,False,4.831526877594916,29.372808726139375,False,5.954198473282387,False,False,1.17297578180251,False,False,False,3.934170679617584,True,True,True,False,Tech
CAT,2022-02-23 05:00:00,186.67,0.2651738361814968,True,27.656975905149423,-10.97992899317469,2.8190151544101094,-8.229683889680949,False,False,1.4263393982158146,9.33785688906226,False,5.042864346948795,False,False,-2.088223855688509,True,True,False,0.9211304948921178,False,False,False,False,Industrial
CAT,2022-02-24 05:00:00,184.69,0.2993665060371433,True,26.19255223368958,-11.81953606298121,2.916443873269709,-9.305637399332145,False,False,1.4263393982158146,9.33785688906226,False,42.14285714285722,True,False,-2.088223855688509,True,True,False,1.4898863099285853,True,False,False,False,Industrial
CAT,2022-03-01 05:00:00,182.83,0.3793141169392331,True,27.859860311865887,-12.41547470193296,2.968045853989048,-4.382615971967995,False,True,-4.616378453587766,5.4424157303369265,False,28.89182058047523,False,False,1.283002315619508,False,False,False,1.4054372137522164,True,False,False,False,Industrial
CAT,2022-06-23 04:00:00,178.67,0.3261879442547715,True,26.844952140403972,-15.293962656451468,4.0414150924054795,-13.266990291262138,False,True,-3.4634365186182126,0.9803921568628367,False,23.639607493309388,False,True,1.409419808200485,False,False,False,2.080045454551126,True,True,False,False,Industrial
CAT,2022-07-05 04:00:00,173.76,0.38455340699815843,True,28.519167680987607,-16.851465419758124,3.9707423755272266,-7.372461218615067,False,True,-3.7115863787375303,42.27678571428575,True,82.74509803921572,True,True,3.2644114438294514,False,False,False,1.0356642208677747,True,False,False,True,Industrial
CAT,2022-07-06 04:00:00,172.31,0.4229005861528641,True,27.75693882871203,-17.40112550637599,3.941165232608563,-8.071916346564233,False,True,-3.7115863787375303,42.27678571428575,True,56.133828996282766,True,True,3.2644114438294514,False,False,False,0.8673892087267578,False,False,False,True,Industrial
CAT,2022-09-23 04:00:00,164.24,0.6410131514856305,True,28.942975766789573,-17.213336259610934,3.388978261903422,-8.486097955089978,False,False,4.789028369186532,41.267123287671254,True,32.555123216602034,True,False,-1.3403246365012444,True,True,True,1.523708891788098,True,False,False,False,Industrial
CAT,2022-09-26 04:00:00,162.62,0.6769770015988192,True,27.89969549822215,-17.882591610900707,3.3376957967545877,-10.702322771951023,False,True,-5.28787798828435,11.416136591898308,False,11.019587316455178,False,False,0.377531487485272,False,False,True,1.1951018589594826,True,False,False,True,Industrial
CAT,2022-09-27 04:00:00,162.44,0.7005663629647871,True,27.779875232738707,-17.826525735611803,3.2772052872651907,-8.73644586774538,False,True,-5.28787798828435,11.416136591898308,False,46.37096774193537,True,True,0.377531487485272,False,False,True,1.0098478645429565,True,False,False,True,Industrial
CAT,2023-10-31 04:00:00,226.05,0.6642335766423357,True,23.168489821035735,-9.108409384853237,3.1933172770332643,-9.416950510919653,False,True,-6.994103157423304,3.80264214290928,False,33.77581120943983,True,True,6.79739112098674,False,False,True,3.8016732768082075,True,True,True,True,Industrial
IBM,2023-05-09 04:00:00,121.17,0.3722043410085005,True,29.203040627468827,-8.420014749966722,1.644678440809841,-3.187919463087241,False,False,0.5408414857233756,36.80297397769501,True,38.93129770992398,True,True,-3.7022424674059917,True,False,True,0.9646837503519917,False,False,False,False,Tech
VZ,2022-04-29 04:00:00,46.3,-0.1863930885529157,False,24.044156142826388,-13.351602188251158,2.585858542276811,-10.8071662492776,False,True,0.56043340183074,31.914227578650785,True,6.403940886699281,False,False,-2.2645806171816774,True,False,False,1.4859089199858202,True,False,False,False,Comm
VZ,2022-05-02 04:00:00,46.23,-0.17845554834523036,False,23.88118637185157,-13.366380524208266,2.6374930573783453,-8.054892601431984,False,True,-3.5667843210105965,11.111111111111013,False,45.22276077285673,True,False,8.677146285063863,False,False,False,1.2007696192910315,True,False,False,True,Comm
VZ,2022-07-22 04:00:00,44.45,-0.22969628796400454,False,21.4446208765302,-14.395629193076875,2.80194676369303,-12.877303018424147,False,True,-2.2269558481797014,8.524590163934603,False,28.364389233954558,False,True,-2.223466266689589,True,True,True,2.975051042796703,True,True,False,False,Comm
VZ,2022-07-25 04:00:00,44.76,-0.23279714030384258,False,23.917730846399287,-13.680096420995714,2.703473984105735,-10.978520286396186,False,False,1.0497128144187018,39.26380368098157,True,44.000000000000725,True,True,-1.7651833451786558,True,True,True,1.392522316839132,True,False,False,False,Comm
VZ,2022-07-26 04:00:00,44.92,-0.2531166518254676,False,25.22618944284445,-13.256122730524217,2.6437435470541986,-10.961347869177407,False,False,1.0497128144187018,39.26380368098157,True,25.698324022346135,False,True,-1.7651833451786558,True,True,True,1.0443127100542018,True,False,False,False,Comm
VZ,2022-07-27 04:00:00,44.91,-0.24226230238254276,False,25.19702253073914,-13.160724121674717,2.5570990898269077,-8.477684939881813,False,False,1.0497128144187018,39.26380368098157,True,56.329212955718965,True,True,-1.7651833451786558,True,True,True,1.0809382243355306,True,False,False,False,Comm
VZ,2022-08-04 04:00:00,44.43,-0.2678370470402881,False,28.83860819461986,-13.484145040393692,2.326846124607528,-2.458836443468715,False,True,-12.877303018424147,9.25050641458477,False,8.139534883720968,False,False,17.726609679606973,False,False,False,1.3712317434291335,True,False,False,True,Comm
VZ,2022-08-30 04:00:00,42.53,-0.1775217493533977,False,28.278535098507295,-15.270380595207797,1.6978009944757246,-2.162410858063024,False,True,-1.6168327796234672,23.831775700934813,False,3.409090909091028,False,False,-0.6719788312016028,True,True,False,1.1789942823608188,True,False,False,False,Comm
VZ,2022-08-31 04:00:00,41.81,-0.1662281750777327,False,25.12264870673959,-16.56610636660219,1.7446222568689713,-3.995407577497123,False,True,-1.6168327796234672,23.831775700934813,False,6.060606060606556,False,False,-0.6719788312016028,True,True,False,1.5660555311360633,True,False,False,False,Comm
VZ,2022-09-01 04:00:00,41.81,-0.17962209997608236,False,25.122648706739593,-16.428349465907644,1.6894019463491166,-4.412437128486513,False,True,-1.6168327796234672,23.831775700934813,False,0.0,False,False,-0.6719788312016028,True,True,False,1.2219170562175752,True,False,False,False,Comm
VZ,2022-09-02 04:00:00,41.3,-0.17239709443099271,False,23.012846066503336,-17.304191877538635,1.7714296781375576,-4.508670520231217,False,True,-1.6168327796234672,23.831775700934813,False,14.150943396226252,False,False,-0.6719788312016028,True,True,False,1.1816051399056615,True,False,False,False,Comm
VZ,2022-09-06 04:00:00,41.1,-0.17737226277372264,False,22.2246121823719,-17.559423796716104,1.75717864823089,-5.146549734594963,False,True,-2.6339486717694816,2.400000000000091,False,1.666666666666351,False,False,-3.3375677637780488,True,True,False,1.3226288200083343,True,False,False,False,Comm
VZ,2022-09-07 04:00:00,41.08,-0.18573515092502424,False,22.142934271324886,-17.454988197920915,1.7454801637045565,-3.4093581001645945,False,True,-2.6339486717694816,2.400000000000091,False,12.307692307692072,False,False,-3.3375677637780488,True,True,False,1.3721833954991443,True,False,False,False,Comm
VZ,2022-09-08 04:00:00,41.32,-0.17860600193610854,False,25.67300133650534,-16.83228274517425,1.7859843497178487,-1.1719684286055965,False,True,-2.6339486717694816,2.400000000000091,False,28.71287128712868,False,False,-3.3375677637780488,True,True,False,1.4947397158985556,True,False,False,False,Comm
VZ,2022-09-21 04:00:00,39.48,-0.15704154002026338,False,25.66664214663067,-19.360595349377874,2.0620304073204325,-4.3604651162790775,False,False,2.2760290556900875,39.7515527950311,True,0.6993006993005604,False,True,-2.095773191985728,True,False,True,1.151523692435083,True,False,False,True,Comm
VZ,2022-09-23 04:00:00,39.52,-0.16523279352226727,False,28.820932127349092,-18.976269385039352,2.1148519893428803,-4.193939393939383,False,False,2.2760290556900875,39.7515527950311,True,53.94130806685132,True,False,-2.095773191985728,True,False,True,0.8594563116741515,False,False,False,True,Comm
VZ,2022-09-26 04:00:00,38.93,-0.16773696378114566,False,26.258444275166404,-20.02525185598415,2.1568499468731397,-5.601357904946658,True,True,-2.34375,26.940639269406493,False,39.999999999999616,True,True,-0.13060820232008163,True,True,True,0.9343250341440444,False,False,False,True,Comm
VZ,2022-09-27 04:00:00,38.89,-0.1630239136024686,False,26.08908642694528,-19.947260107402617,2.173823953298731,-4.188223700418825,False,True,-2.34375,26.940639269406493,False,11.95652173913035,False,True,-0.13060820232008163,True,True,True,0.8808247086389707,False,False,False,True,Comm
VZ,2022-09-29 04:00:00,38.64,-0.17805383022774324,False,28.33677788794259,-20.150483496339753,2.16668545454907,-3.2306536438767797,True,True,-2.34375,26.940639269406493,False,25.33333333333303,False,False,-0.13060820232008163,True,True,True,0.7887143729973798,False,False,False,True,Comm
VZ,2022-09-30 04:00:00,37.97,-0.15775612325520139,False,25.529549515564938,-21.36654277006926,2.205443089523851,-3.9220647773279493,True,True,-2.34375,26.940639269406493,False,2.3809523809519177,False,False,-0.13060820232008163,True,True,True,1.0375973575624424,True,False,False,True,Comm
VZ,2022-10-07 04:00:00,36.85,-0.13812754409769334,False,29.292292003960934,-22.93183361278876,2.5732311733054454,-2.9496971293126117,True,True,-4.193939393939383,19.155100705640493,False,4.494382022471812,False,False,-0.28206464636588713,True,True,True,1.3620181093940582,True,False,False,False,Comm
VZ,2022-10-10 04:00:00,36.62,-0.14090660841070446,False,28.496206328404366,-23.23401918793649,2.5887617881953147,-6.486210418794691,True,True,-3.9220647773279493,1.1428571428569154,False,26.45502645502645,False,False,-1.5162631734686793,True,True,True,0.9189379621493304,False,False,False,False,Comm
VZ,2022-10-11 04:00:00,35.94,-0.13995548135781855,False,26.226774714442524,-24.4741771637896,2.6003774880520343,-9.721175584024122,True,True,-3.9220647773279493,1.1428571428569154,False,1.3157894736839522,False,False,-1.5162631734686793,True,True,True,1.1617629446543885,True,False,False,False,Comm
VZ,2022-10-12 04:00:00,35.68,-0.140414798206278,False,25.394032012731003,-24.833416800138814,2.5513460321261836,-9.441624365482227,True,True,-3.9220647773279493,1.1428571428569154,False,13.445378151260243,False,False,-1.5162631734686793,True,True,True,0.978073733228221,False,False,False,False,Comm
VZ,2023-03-08 05:00:00,37.53,0.052757793764987904,True,29.47084585917863,-10.990066416136516,1.8760294277136234,-2.0104438642297495,False,True,-3.6797613127797058,34.391534391534435,True,39.13043478260856,True,True,-0.04875694858078594,True,True,False,1.189803092899601,True,False,False,False,Comm
VZ,2023-03-09 05:00:00,36.55,0.09794801641586881,True,23.761040793829153,-13.19933894568018,2.00859096636154,-4.842488935173128,False,True,-3.6797613127797058,34.391534391534435,True,2.666666666666136,False,True,-0.04875694858078594,True,True,False,1.4991412277086003,True,False,False,False,Comm
VZ,2023-03-10 05:00:00,36.68,0.09405670665212651,True,25.81433248317216,-12.778734673787701,1.9570454854079404,-4.129639309984312,False,True,-3.6797613127797058,34.391534391534435,True,44.66403162055316,True,True,-0.04875694858078594,True,True,False,1.3297320019678012,True,False,False,False,Comm
VZ,2023-03-13 04:00:00,36.54,0.1018062397372741,True,25.03244139111669,-12.998134080719462,2.0079708524159865,-4.220183486238527,False,True,-1.239029426948901,26.55601659751028,False,15.957446808510525,False,False,-3.1275704284314365,True,True,True,1.1914501195974687,True,False,False,True,Comm
VZ,2023-03-16 04:00:00,36.58,0.09158009841443415,True,29.87886003876581,-12.585478055331098,1.9346193884641858,0.08207934336526002,False,True,-1.239029426948901,26.55601659751028,False,31.818181818181596,True,True,-3.1275704284314365,True,True,True,1.4525456712279243,True,False,False,True,Comm
VZ,2023-05-25 04:00:00,34.82,0.13038483630097653,True,27.138721089443752,-13.492483851399736,1.8607729182545385,-3.625795737614179,False,True,-0.6344171292624767,48.78048780487859,True,9.756097560975398,False,False,-4.836808451164454,True,False,True,1.895658598850688,True,False,False,False,Comm
VZ,2023-05-26 04:00:00,35.0,0.11714285714285722,True,29.772893870755095,-12.932270915241395,1.7975458554634678,-2.9126213592232886,False,True,-0.6344171292624767,48.78048780487859,True,44.155844155844825,True,False,-4.836808451164454,True,False,True,1.0667117452589596,True,False,False,False,Comm
VZ,2023-05-30 04:00:00,34.9,0.1555873925501432,True,29.142536272881767,-13.067019264827412,1.7455656247152638,-2.947719688542827,False,True,-4.096834264432047,17.27748691099464,False,34.28571428571342,True,True,0.3830304214696323,False,False,True,1.1256534215904386,True,False,False,True,Comm
VZ,2023-07-17 04:00:00,31.46,0.33598219961856324,True,19.73822065496392,-19.14555153966831,2.399366609172945,-10.472396129766647,False,True,-3.468674374831937,1.6574585635359722,False,8.75000000000004,False,False,0.2782738287389508,False,False,True,3.8885725055002,True,True,True,False,Comm
VZ,2023-07-18 04:00:00,32.27,0.30368763557483724,True,28.342530558911704,-16.922737602590495,2.5461351892946804,-7.77364961417547,False,True,-3.468674374831937,1.6574585635359722,False,4.219409282700486,False,False,0.2782738287389508,False,False,True,2.924811294034763,True,True,False,False,Comm
VZ,2023-10-02 04:00:00,31.76,0.41845088161209043,True,28.36413042424674,-13.306180959635816,1.6902498586037824,-4.221954161640518,False,True,-1.5093222846996102,33.65384615384632,True,3.846153846154031,False,False,-2.547861091573289,True,True,True,1.137803655449686,True,False,False,True,Comm
VZ,2023-10-04 04:00:00,31.54,0.4007609384908053,True,28.912270088594482,-13.67921365629075,1.6824982045902652,-2.654320987654324,False,True,-1.5093222846996102,33.65384615384632,True,24.77876106194695,False,False,-2.547861091573289,True,True,True,1.0698628082176291,True,False,False,True,Comm
VZ,2023-10-06 04:00:00,30.85,0.4265802269043759,True,26.841779660863686,-15.328785938629283,1.989407746502052,-4.813329219376716,False,True,-1.5093222846996102,33.65384615384632,True,82.65895953757239,True,True,-2.547861091573289,True,True,True,1.4049044197178215,True,False,False,True,Comm
AXP,2022-03-07 05:00:00,159.13,0.09866147175265527,True,28.5844146705969,-4.881646952652763,4.24121561660439,-18.201912203145888,False,True,-0.6003694581280694,85.73099415204679,True,0.42826552462512224,False,False,3.2287704028758135,False,False,False,1.6605737090242745,True,False,False,False,Finance
AXP,2022-05-12 04:00:00,153.27,-0.02133489919749465,False,28.339066390204145,-10.646031418840359,3.9886213073767225,-10.373662358926373,False,True,-3.229201285033778,3.826787512588079,False,46.597938144330065,True,True,-1.6187538339700547,True,True,True,1.5667841037731662,True,False,False,True,Finance
AXP,2022-06-16 04:00:00,137.5,0.2320727272727272,True,28.13001782988292,-18.536786643892558,4.114490889487735,-14.585662815256551,False,True,-1.6332547169811251,43.08357348703184,True,16.53027823240578,False,True,-3.407372999934266,True,False,False,1.7025939185878636,True,False,False,False,Finance
AXP,2022-09-26 04:00:00,137.45,0.09057839214259733,True,29.668551239309316,-14.259869568702523,3.3327436109599247,-11.528063851699299,False,True,-3.382984094925512,19.860896445131544,False,16.430903155603822,False,True,1.1655532568626503,False,False,True,1.2626631827645138,True,False,False,True,Finance
AXP,2022-09-27 04:00:00,137.49,0.09266128445705135,True,29.74692973535437,-14.113267106754396,3.316143990338903,-10.418295543393263,False,True,-3.382984094925512,19.860896445131544,False,32.47663551401903,True,True,1.1655532568626503,False,False,True,0.9357133648493976,False,False,False,True,Finance
AXP,2023-10-03 04:00:00,145.05,0.8517063081695964,True,23.3185551199855,-10.085756609796885,1.8500779137094459,-4.016675489677068,False,True,-6.516030534351136,1.450589301904125,False,15.195071868583335,False,False,3.0451065204019523,False,False,True,1.3791976988751091,True,False,False,False,Finance
AXP,2023-10-20 04:00:00,141.57,0.924136469591015,True,29.22345205851705,-11.46848099587067,2.4791308583243388,-6.307081403044346,False,False,0.08713720758763976,68.04635761589388,True,1.99999999999993,False,False,-1.5623090463274591,True,True,True,2.5210095589363566,True,True,False,True,Finance
GS,2022-06-13 04:00:00,283.32,0.19447974022306935,True,29.96268435090646,-17.585707230311183,3.360081054109001,-11.603382109762562,False,True,-3.0129648791770602,20.518358531317592,False,8.395061728395122,False,False,-2.4787866565458727,True,False,True,1.8695772538386384,True,False,False,False,Finance
GS,2022-06-14 04:00:00,282.54,0.2024492107312239,True,29.64456211967304,-17.666672184536104,3.3280107330572926,-12.120929364560972,False,True,-3.0129648791770602,20.518358531317592,False,15.727458366627472,False,False,-2.4787866565458727,True,False,True,1.0807075970168911,True,False,False,False,Finance
GS,2022-09-23 04:00:00,301.97,0.07235818127628568,True,28.721909583495183,-9.42927157565106,2.9806762413502974,-7.430796112933368,False,False,2.6004585495354116,51.012373453318375,True,36.5774533657748,True,False,-0.5708018085048172,True,True,True,1.525506059753888,True,False,False,False,Finance
GS,2022-09-26 04:00:00,294.62,0.09276355983979356,True,25.68266904390213,-11.531367769923596,3.074171198688661,-10.357208056958566,False,True,-4.08409291384888,26.124109867751628,False,23.5955056179775,False,False,1.9929946172890567,False,False,True,1.188051667696328,True,False,False,True,Finance
GS,2022-09-27 04:00:00,291.38,0.11606836433523227,True,24.45424481690842,-12.39527811988054,3.1444775455834524,-9.862030563632985,False,True,-4.08409291384888,26.124109867751628,False,26.21573114797681,False,True,1.9929946172890567,False,False,True,1.0284138012438664,True,False,False,True,Finance
GS,2023-03-17 04:00:00,303.54,0.2804243262831916,True,26.120656603973465,-12.170335195001341,3.3950930625372293,-7.364116336558125,False,True,-1.8579084787687328,55.68601140556848,True,19.537266025152753,False,True,4.133632137434162,False,False,True,1.9078340921348185,True,False,False,True,Finance
GS,2023-10-03 04:00:00,306.12,0.5879393701816282,True,28.959279413941907,-8.489985803181172,2.198086761709025,-5.465999629423745,False,True,-4.27687277398261,5.843439911797132,False,15.323294951284455,False,False,0.5829369740580237,False,False,True,1.7677006545019882,True,False,False,False,Finance
GS,2023-10-25 04:00:00,296.76,0.7273217414745925,True,29.51655213386762,-10.184283868824938,2.1300763952096102,-1.7220823950192088,False,False,-1.017665130568357,9.96602491506219,False,34.80885311871245,True,False,-3.358069165567401,True,False,True,0.870170922386045,False,False,False,False,Finance
GS,2023-10-26 04:00:00,296.99,0.7629549816492138,True,29.94789076884404,-10.024118468885558,2.105306365185757,-0.7353186938066081,False,False,-1.017665130568357,9.96602491506219,False,40.67053489803881,True,True,-3.358069165567401,True,False,True,0.9530301741884495,False,False,False,False,Finance
GS,2023-10-27 04:00:00,289.91,0.8084233037839328,True,24.89699645176481,-12.062591034816808,2.222274446294842,-3.3794367605399,False,False,-1.017665130568357,9.96602491506219,False,6.206525153704689,False,True,-3.358069165567401,True,False,True,1.1988233149271141,True,False,False,False,Finance
ISRG,2022-01-18 05:00:00,295.49,-0.1454871569257843,False,24.361155566174247,-6.376310621843602,3.3484672126112343,-9.228028138727606,False,True,-9.743946562760918,2.734072736652058,False,12.04111600587361,False,False,6.6879529995522935,False,False,False,1.4925580634450892,True,False,False,True,Health
ISRG,2022-01-19 05:00:00,293.46,-0.125025557145778,False,23.73408439023024,-6.954511862757337,3.2920528221194463,-10.535942930309128,False,True,-9.743946562760918,2.734072736652058,False,6.9433962264147855,False,False,6.6879529995522935,False,False,False,1.222596654714399,True,False,False,True,Health
ISRG,2022-01-20 05:00:00,292.73,-0.12554230861203164,False,23.49982602622784,-7.119556766496695,3.372223959506626,-9.416388166852329,False,True,-9.743946562760918,2.734072736652058,False,7.216494845361016,False,False,6.6879529995522935,False,False,False,1.7088525765174027,True,False,False,True,Health
ISRG,2022-01-21 05:00:00,269.53,-0.04285237264868458,False,17.565892749311388,-14.357296386144421,4.074808676389819,-13.945914881389488,False,True,-9.743946562760918,2.734072736652058,False,15.616246498599198,False,False,6.6879529995522935,False,False,False,3.049802245689404,True,True,True,True,Health
ISRG,2022-01-24 05:00:00,271.98,-0.10361055959997056,False,19.867078988600426,-13.461889148673539,4.237622874874076,-11.62019886917528,False,True,-5.103456782509486,15.863205603625943,False,56.081808396125,True,True,0.9724733803411878,False,False,False,2.3360303637168904,True,True,False,True,Health
ISRG,2022-01-25 05:00:00,264.14,-0.05144998864238648,False,18.123573479382127,-15.82275796639665,4.367579071598198,-10.609496091238292,False,True,-5.103456782509486,15.863205603625943,False,16.54320987654297,False,True,0.9724733803411878,False,False,False,1.3202025440814755,True,False,False,True,Health
ISRG,2022-01-26 05:00:00,264.46,-0.06503819103077968,False,18.43819955164918,-15.588738150386716,4.423834111460368,-9.882096367477677,False,True,-5.103456782509486,15.863205603625943,False,23.633731451320934,False,True,0.9724733803411878,False,False,False,1.578088237167119,True,False,False,True,Health
ISRG,2022-01-27 05:00:00,262.77,-0.0781672184800396,False,18.043845472245145,-15.993345027122416,4.400929981819657,-10.23468725446659,False,True,-5.103456782509486,15.863205603625943,False,17.838939857288477,False,False,0.9724733803411878,False,False,False,1.1191514760356556,True,False,False,True,Health
ISRG,2022-01-28 05:00:00,271.79,-0.0960300231796608,False,27.016059978677323,-12.996190630558829,4.316783658390609,0.838496642303288,False,True,-5.103456782509486,15.863205603625943,False,45.2586206896552,True,True,0.9724733803411878,False,False,False,1.1264625353149265,True,False,False,True,Health
ISRG,2022-05-09 04:00:00,208.71,0.44981074217814165,True,27.990204530768477,-29.115572446599707,5.765230584842969,-13.27599102468212,True,True,-5.1676309740825825,17.160243407707963,False,10.64718162839249,False,False,-0.030757249455393154,True,False,False,1.4379839193486854,True,False,False,True,Health
ISRG,2022-05-10 04:00:00,211.39,0.43559297980036926,True,29.674552876718266,-28.003301843069128,5.647448041099893,-11.22170425433624,True,True,-5.1676309740825825,17.160243407707963,False,44.72455648926226,True,True,-0.030757249455393154,True,False,False,0.848928817947814,False,False,False,True,Health
ISRG,2022-05-11 04:00:00,210.87,0.44766918006354617,True,29.530221658637178,-27.978457222959808,5.5757381116007085,-14.388372376273795,True,True,-5.1676309740825825,17.160243407707963,False,24.01700318809798,False,True,-0.030757249455393154,True,False,False,0.9848094543160169,False,False,False,True,Health
ISRG,2022-09-22 04:00:00,191.08,0.5346975088967971,True,29.897517228484666,-22.38759219015619,3.5251866722641885,-8.844575899246255,True,False,8.66597928020818,15.380906460945038,False,37.24394785847316,True,True,0.8956996479489554,False,False,True,1.050348225588924,True,False,False,False,Health
ISRG,2022-09-23 04:00:00,190.52,0.5260340121771991,True,29.559660204609763,-22.440523107915393,3.4400980404648682,-7.640100833818108,True,False,8.66597928020818,15.380906460945038,False,77.56563245823394,True,True,0.8956996479489554,False,False,True,1.0388957570167694,True,False,False,False,Health
ISRG,2022-09-26 04:00:00,187.93,0.5507369765338157,True,27.984544402271514,-23.315622809641336,3.445164697608444,-7.061965283616045,True,True,-6.795590095788895,14.156852919067859,False,16.72794117647053,False,True,0.5227826530361357,False,False,True,0.9675632183425568,False,False,False,True,Health
ISRG,2022-09-27 04:00:00,186.38,0.5889580427084451,True,27.0553991458385,-23.766439938830857,3.4772689517116393,-6.599849661738921,True,True,-6.795590095788895,14.156852919067859,False,22.005910489595795,False,True,0.5227826530361357,False,False,True,1.0045680892900735,True,False,False,True,Health
ISRG,2023-08-18 04:00:00,285.95,0.6898408812729497,True,22.488068250582437,-0.5778317363893727,2.446255499794719,-6.0888699136260716,False,True,-5.273634888065404,15.956392467790021,False,17.313915857605046,False,False,1.474395018283725,False,False,False,1.792771452384519,True,False,False,False,Health
ISRG,2023-08-24 04:00:00,285.64,0.6776011763058396,True,26.675795638514863,-0.683628138277528,2.3099092113356967,-1.5306122448979553,False,True,-1.558307199896547,46.65391969407262,True,2.1197007481291705,False,False,-0.6242563823936287,True,False,False,0.9999368520216445,False,False,False,False,Health
GE,2022-04-26 04:00:00,50.2089,0.5586917857192648,True,25.23176592679476,-17.168276832789818,3.7148857397883117,-12.306982934330968,False,False,1.2146415188831972,16.344274102273978,False,31.964415993975127,True,True,-3.748688027731939,True,True,True,4.325052809893185,True,True,True,False,Industrial
GE,2022-04-27 04:00:00,48.7262,0.6210252389884703,True,22.608823721119062,-19.457155483032576,3.9088596015900303,-14.430920365202827,False,False,1.2146415188831972,16.344274102273978,False,8.765978571133065,False,True,-3.748688027731939,True,True,True,1.8388547160997193,True,False,False,False,Industrial
GE,2022-04-28 04:00:00,48.4271,0.6674589227932295,True,22.109516183502606,-19.792327530958406,3.9136002824672103,-15.252935175025495,False,False,1.2146415188831972,16.344274102273978,False,65.91280807625071,True,True,-3.748688027731939,True,True,True,1.6762697864022935,True,False,False,False,Industrial
GE,2022-04-29 04:00:00,46.4459,0.7442572971995374,True,19.100458359613206,-22.896681022021816,4.150767819745864,-16.30177989299377,True,False,1.2146415188831972,16.344274102273978,False,5.297844296101063,False,True,-3.748688027731939,True,True,True,1.4280617825184232,True,False,False,False,Industrial
GE,2022-05-02 04:00:00,47.0689,0.7255788854211593,True,22.66474973998024,-21.692110544988026,4.107716730198781,-15.943439524114812,True,True,-1.9376694245837434,1.872659176029879,False,45.9625161997807,True,True,-1.7177973943863,True,True,True,1.5253394507902318,True,False,False,False,Industrial
GE,2022-05-03 04:00:00,48.3835,0.6382816456023233,True,29.7028451816974,-19.348500047159135,3.9603882138490163,-3.635610419666635,False,True,-1.9376694245837434,1.872659176029879,False,38.07249227311053,True,True,-1.7177973943863,True,True,True,1.0182540214481581,True,False,False,False,Industrial
GE,2022-05-09 04:00:00,45.4615,0.747441241490052,True,27.54827316921339,-23.635738794403487,4.429333032070749,-3.4149937644601835,True,True,-16.30177989299377,1.2779225041537705,False,9.826610562971476,False,True,10.85471341648001,False,False,True,0.895448393981888,False,False,False,True,Industrial
GE,2022-05-10 04:00:00,45.6734,0.7388107738858942,True,28.531064038111303,-23.10167121734257,4.440508366056294,-5.601289695867385,True,True,-16.30177989299377,1.2779225041537705,False,60.99706744868043,True,True,10.85471341648001,False,False,True,0.8642646658630715,False,False,False,True,Industrial
GE,2022-05-11 04:00:00,45.1313,0.7471422272347572,True,27.503215830948374,-23.832379727986048,4.421829025977002,-9.934103917045167,True,True,-16.30177989299377,1.2779225041537705,False,15.046723030958335,False,True,10.85471341648001,False,False,True,0.9618891387384925,False,False,False,True,Industrial
GE,2022-06-13 04:00:00,42.1907,0.9805194035652407,True,26.757444101262465,-25.78150385513236,3.856118634722519,-12.051954982354395,True,True,-2.2727272727272707,34.48290543705023,True,20.420168067226907,False,False,-3.161080918193282,True,True,False,1.5817446657452239,True,False,False,False,Industrial
GE,2022-06-14 04:00:00,42.3963,0.9842792885228193,True,27.98656238932306,-25.23071215582389,3.7081579529107094,-12.756377674384156,True,True,-2.2727272727272707,34.48290543705023,True,30.429219495173015,True,False,-3.161080918193282,True,True,False,0.908160802721594,False,False,False,False,Industrial
GE,2022-06-16 04:00:00,40.6767,1.0408931894671891,True,26.31123202237233,-27.889531987670217,4.02298677383139,-12.690709434804637,True,True,-2.2727272727272707,34.48290543705023,True,18.4028477399419,False,True,-3.161080918193282,True,True,False,1.4792176551806795,True,False,False,False,Industrial
GE,2022-06-17 04:00:00,41.1191,1.0389259492547258,True,28.81509164528436,-26.908126412298316,3.9324508202833695,-7.342459579741978,True,True,-2.2727272727272707,34.48290543705023,True,29.6760480797423,False,True,-3.161080918193282,True,True,False,1.4363810685761387,True,False,False,False,Industrial
GE,2022-06-21 04:00:00,40.9634,1.0421937632130143,True,28.448713557642765,-26.98739678487006,3.9207384794650855,-2.9089349074559068,True,True,-7.4574171699309355,6.490497044942289,False,1.7075336384125772,False,False,1.0918510853774377,False,False,True,1.2812364708683768,True,False,False,True,Industrial
GE,2022-06-22 04:00:00,40.2095,1.059841579726184,True,26.679818107709426,-28.12853080627028,3.883815875399668,-5.157997278064352,True,True,-7.4574171699309355,6.490497044942289,False,0.8090826047239661,False,False,1.0918510853774377,False,False,True,1.4874583917155988,True,False,False,True,Industrial
GE,2022-06-23 04:00:00,39.9167,1.0883464815478234,True,26.003557163987924,-28.44789853859651,3.8558187206007912,-7.279142586363896,True,True,-7.4574171699309355,6.490497044942289,False,49.50240770465463,True,False,1.0918510853774377,False,False,True,1.0301082002287345,True,False,False,True,Industrial
GE,2022-07-05 04:00:00,38.6457,1.2173307767746477,True,27.838980630979755,-29.397832070310333,4.176881787905804,-7.0154037159479765,True,True,1.6364657786770653,80.32295494101717,True,72.47828007657218,True,True,-1.7739830711292148,True,False,True,1.0986974021994296,True,False,False,True,Industrial
GE,2022-07-06 04:00:00,38.3592,1.2526173642828842,True,27.061633788059005,-29.711977261561756,4.096615985290411,-6.541955886688278,True,True,1.6364657786770653,80.32295494101717,True,50.91571484836547,True,True,-1.7739830711292148,True,False,True,0.6682927504954425,False,False,False,True,Industrial
GE,2022-09-21 04:00:00,40.6332,1.185082641780613,True,29.848197472885303,-19.634700784650764,3.4893231217997913,-6.86845488988056,False,False,2.2229313619249513,35.508339619478804,True,3.1431212706954503,False,False,-2.506193224594422,True,True,True,1.1104089377189907,True,False,False,False,Industrial
GE,2022-09-23 04:00:00,40.2158,1.1815654543736542,True,28.89603207062145,-20.144566463969007,3.3624488184825614,-2.7713776621593134,True,False,2.2229313619249513,35.508339619478804,True,65.3692824171212,True,True,-2.506193224594422,True,True,True,1.3703282048997254,True,False,False,False,Industrial
GE,2022-09-26 04:00:00,40.0911,1.2074625041468057,True,28.50746326238282,-20.230321432247692,3.3484389294921946,-4.026974167709996,True,True,-10.332291309871188,10.70100224298001,False,7.1775454769936395,False,True,6.8967005605722775,False,False,True,1.680538062139109,True,False,False,True,Industrial
GE,2022-09-27 04:00:00,40.1659,1.2321621076584863,True,29.12314179447618,-19.92148153667157,3.3025594197354664,-3.1836709114005157,False,True,-10.332291309871188,10.70100224298001,False,53.42563644484155,True,True,6.8967005605722775,False,False,True,1.2323664419528413,True,False,False,True,Industrial
GE,2022-09-28 04:00:00,40.1596,1.1969417026065998,True,29.100410924383123,-19.774916419520807,3.16299310067649,-1.165549353730455,False,True,-10.332291309871188,10.70100224298001,False,31.193171274818344,True,True,6.8967005605722775,False,False,True,1.0263764942327356,True,False,False,True,Industrial
GE,2022-09-29 04:00:00,39.0818,1.221586518532923,True,25.441860718421978,-21.757273539356106,3.30727381038353,-4.024027268887331,True,True,-10.332291309871188,10.70100224298001,False,36.983289357959706,True,True,6.8967005605722775,False,False,True,1.331353830470649,True,False,False,True,Industrial
GE,2022-09-30 04:00:00,38.571,1.2296958855098392,True,23.90778554456906,-22.604478586050043,3.2743970800312807,-4.089934801744599,True,True,-10.332291309871188,10.70100224298001,False,2.1286283437672844,False,False,6.8967005605722775,False,False,True,1.1719576064703858,True,False,False,True,Industrial
PM,2022-03-11 05:00:00,88.87,0.0954202768088217,True,24.747013017911534,-8.249874614971192,3.2720910882340686,-10.951903807615226,False,True,-5.707373891228384,40.64064064064054,True,3.0054644808743043,False,False,12.002922171997966,False,False,False,1.086150999606039,True,False,False,False,Staples
PM,2022-03-14 04:00:00,89.59,0.07355731666480647,True,27.06596250462378,-7.437403835914683,3.190151607440005,-3.8733905579399153,False,True,-5.1691372101862365,12.971698113207497,False,55.203619909502365,True,False,2.6743105391972444,False,False,False,1.9283146142523617,True,False,False,False,Staples
PM,2022-07-14 04:00:00,89.62,0.10410622628877486,True,26.32899215991979,-9.089540624305812,2.7683828258734335,-5.653226655437404,False,True,-3.558994197292076,32.45403677058358,True,60.869565217391575,True,False,0.707785900619684,False,False,False,1.0883255706341814,True,False,False,False,Staples
PM,2022-07-18 04:00:00,89.51,0.10345212825382633,True,27.521842707918996,-9.04149180813349,2.6425799669206573,-3.9901319317816153,False,True,-5.846369835539511,2.448210922787114,False,17.261904761905065,False,True,0.28495871889278046,False,False,False,0.7820631847886208,False,False,False,False,Staples
PM,2022-09-27 04:00:00,87.02,0.06929441507699385,True,25.686418826991098,-10.792179969344726,2.422500411205959,-9.363607957504438,False,True,-1.545435812899243,48.05447470817118,True,5.757575757575693,False,False,0.3858124181609135,False,False,True,1.6286623619000749,True,False,False,True,Staples
PM,2022-09-28 04:00:00,87.35,0.05987406983400123,True,27.172661402471878,-10.360641518777872,2.382425231156148,-9.406762082555497,False,True,-1.545435812899243,48.05447470817118,True,68.20625469680346,True,True,0.3858124181609135,False,False,True,1.784112238442342,True,False,False,True,Staples
PM,2022-09-29 04:00:00,86.09,0.06179579509815292,True,25.107885444188213,-11.551102323885702,2.4014428183457213,-10.12631798726381,False,True,-1.545435812899243,48.05447470817118,True,25.3968253968256,False,True,0.3858124181609135,False,False,True,0.9226179761086966,False,False,False,True,Staples
PM,2022-09-30 04:00:00,83.01,0.08745934224792173,True,20.922630663471832,-14.59043634810021,2.61467874697367,-9.565312125503866,False,True,-1.545435812899243,48.05447470817118,True,4.55840455840486,False,True,0.3858124181609135,False,False,True,1.4959585752676947,True,False,False,True,Staples
PM,2022-10-03 04:00:00,85.03,0.07409149711866392,True,29.25198535239212,-12.402987876532968,2.5743672621609988,-5.7003437950537865,False,True,-3.9451653411469167,17.080291970802957,False,25.294117647059185,False,False,2.851925420520973,False,False,True,0.9798495409862834,False,False,False,True,Staples
TXN,2023-10-20 04:00:00,147.81,0.3122928083350247,True,25.525413139551045,-12.411489328918712,2.11584973874907,-3.234042553191485,False,True,-1.264071442047665,48.587570621469006,True,4.761904761904504,False,False,-0.8635815625292032,True,True,True,1.247096848649122,True,False,False,False,Tech
TXN,2023-10-23 04:00:00,146.32,0.3787588846364134,True,23.70766981605409,-13.179577551923444,2.115065193947953,-5.171743357096581,False,True,-2.7070063694267565,7.900355871886211,False,11.610486891385783,False,False,-0.8580871306368087,True,True,True,1.2163687475117289,True,False,False,True,Tech
TXN,2023-10-24 04:00:00,146.92,0.40627552409474554,True,25.99316992326622,-12.71218442208857,2.0366732183306957,-4.758200440814209,False,True,-2.7070063694267565,7.900355871886211,False,53.61445783132538,True,False,-0.8580871306368087,True,True,True,1.5333816121843629,True,False,False,True,Tech
TXN,2023-10-25 04:00:00,141.79,0.4594118061922563,True,20.37343914201949,-15.6277004480263,2.3016757075770475,-6.6065077064945354,False,True,-2.7070063694267565,7.900355871886211,False,28.92376681614327,False,True,-0.8580871306368087,True,True,True,2.476348487509871,True,True,False,True,Tech
TXN,2023-10-26 04:00:00,144.01,0.4292757447399489,True,27.662019369152016,-14.184524240957872,2.344385698168552,-4.591228302636818,False,True,-2.7070063694267565,7.900355871886211,False,3.4632034632033863,False,True,-0.8580871306368087,True,True,True,1.526553945239626,True,False,False,True,Tech
TXN,2023-10-27 04:00:00,143.12,0.47673281162660697,True,26.610401113914506,-14.589819990278189,2.327245267264379,-3.172992355050397,False,True,-2.7070063694267565,7.900355871886211,False,28.096037364081226,False,False,-0.8580871306368087,True,True,True,1.0146007494409075,True,False,False,True,Tech
TXN,2023-10-30 04:00:00,140.5,0.47992882562277583,True,23.74819556043855,-16.01838210657353,2.3863647455319854,-3.977583378895566,False,True,-3.234042553191485,2.739726027397111,False,52.84974093264283,True,True,-0.5555391775328378,True,True,True,1.2214553591357262,True,False,False,True,Tech
TXN,2023-10-31 04:00:00,142.01,0.43060347862826576,True,28.520119947282076,-14.987940619100195,2.343746017742297,-3.3419548053362336,False,True,-3.234042553191485,2.739726027397111,False,25.581395348837628,False,True,-0.5555391775328378,True,True,True,1.175410049232823,True,False,False,True,Tech
DHR,2022-01-26 05:00:00,266.77,-0.0029613524759154464,False,23.239185663240438,-6.665662480486802,3.1545560707870797,-7.058495627634742,False,True,-0.7981871681266295,24.230951254141058,False,27.208036835495715,False,True,1.604067961536093,False,False,False,1.3935375585401417,True,False,False,True,Health
DHR,2022-04-26 04:00:00,250.98,-0.07793449677265119,False,29.779014374657745,-11.240839214783428,3.511423670941479,-8.099597217136589,False,True,-7.454308530188114,2.929427430093316,False,4.820627802690333,False,True,2.012594533468093,False,False,False,1.0976511714093973,True,False,False,False,Health
DHR,2022-05-11 04:00:00,237.11,-0.041204504238539164,False,29.94719523362936,-15.070720125320952,3.6484919131171885,-7.6062814168257775,False,True,-5.076353190202598,5.612975651298585,False,3.5512510088785554,False,False,-1.8044299449905266,True,False,False,0.77601143406459,False,False,False,True,Health
DHR,2023-10-02 04:00:00,213.74,0.2815102460933845,True,19.522176214438115,-14.902732832775289,3.4179497605758833,-15.196000634819862,False,True,-2.695396669931438,3.043022035676726,False,37.6377952755906,True,True,-2.1753185047102774,True,False,False,2.385181588054264,True,True,False,False,Health
DHR,2023-10-03 04:00:00,215.7,0.2541492814093649,True,22.133805303531997,-14.001543083278364,3.2903449114945893,-12.760364004044488,False,True,-2.695396669931438,3.043022035676726,False,0.0,False,True,-2.1753185047102774,True,False,False,1.713223965801499,True,False,False,False,Health
DHR,2023-10-04 04:00:00,216.07,0.2497338825380664,True,22.644144356745088,-13.735109007502722,3.1727337590073255,-12.677820885871327,False,True,-2.695396669931438,3.043022035676726,False,62.53369272237165,True,True,-2.1753185047102774,True,False,False,1.2060715739591668,True,False,False,False,Health
DHR,2023-10-05 04:00:00,216.87,0.23940609581777106,True,23.80692633501973,-13.299977335727847,3.0956410960526934,-12.265868360370558,False,True,-2.695396669931438,3.043022035676726,False,67.14579055441493,True,True,-2.1753185047102774,True,False,False,0.7889241923269854,False,False,False,False,Health
DHR,2023-10-06 04:00:00,217.23,0.2374441835842196,True,24.35794412302196,-13.042223996508309,3.047649265266018,-12.44256348246675,False,True,-2.695396669931438,3.043022035676726,False,27.726432532347523,False,True,-2.1753185047102774,True,False,False,0.9436607910055861,False,False,False,False,Health
DHR,2023-10-09 04:00:00,218.37,0.23290745065714158,True,26.178565507402002,-12.476270547139553,2.933268910766975,2.1661832132497505,False,True,-0.10870878125377459,49.56843403205905,True,71.88365650969556,True,True,-2.8214939869911526,True,True,True,0.6883459718433581,False,False,False,False,Health
DHR,2023-10-10 04:00:00,218.71,0.21827991404142466,True,26.744874012535718,-12.232230370053971,2.8828106091479246,1.3954566527584644,False,True,-0.10870878125377459,49.56843403205905,True,53.99999999999977,True,True,-2.8214939869911526,True,True,True,0.7759719110525165,False,False,False,False,Health
DHR,2023-10-11 04:00:00,216.43,0.2490412604537262,True,25.340979075976385,-13.033420838292246,2.8341375991734887,0.1666126718193217,False,True,-0.10870878125377459,49.56843403205905,True,44.329616535218896,True,True,-2.8214939869911526,True,True,True,0.8731966646328047,False,False,False,False,Health
DHR,2023-10-12 04:00:00,209.49,0.2962909924101389,True,21.620717619637723,-15.689340054732565,3.1945272558726083,-3.402960298796509,False,True,-0.10870878125377459,49.56843403205905,True,34.121863799283254,True,True,-2.8214939869911526,True,True,True,1.717047350096423,True,False,False,False,Health
DHR,2023-10-13 04:00:00,209.43,0.30201021821133556,True,21.591205294793678,-15.581496503590817,3.0692593136560413,-3.590664272890476,False,True,-0.10870878125377459,49.56843403205905,True,16.37426900584822,False,True,-2.8214939869911526,True,True,True,1.183820087961044,True,False,False,False,Health
DHR,2023-10-16 04:00:00,210.45,0.27360418151579946,True,23.502871470620242,-15.042104929965431,2.9576230237134045,-3.6268718230526242,False,True,-12.44256348246675,65.11811023622039,True,39.417405160604844,True,True,14.31817049358408,False,False,False,1.0652611807812773,True,False,False,True,Health
DHR,2023-10-17 04:00:00,211.94,0.2832877229404549,True,26.328515688002867,-14.317482282517933,2.9302811272146827,-3.095423163092681,False,True,-12.44256348246675,65.11811023622039,True,7.794361525704789,False,False,14.31817049358408,False,False,False,0.8983025152547892,False,False,False,True,Health
DHR,2023-10-18 04:00:00,204.8,0.33974609374999987,True,22.11327776678453,-17.062045003864135,3.067302304451883,-5.373561890680589,False,True,-12.44256348246675,65.11811023622039,True,1.2820512820516758,False,False,14.31817049358408,False,False,False,1.410149511910537,True,False,False,True,Health
DHR,2023-10-19 04:00:00,207.3,0.3125422093584176,True,26.547609036653437,-15.915337523844725,3.0023381074263296,-1.0453959616210762,False,True,-12.44256348246675,65.11811023622039,True,20.694259012016147,False,False,14.31817049358408,False,False,False,1.2036398450505614,True,False,False,True,Health
DHR,2023-10-20 04:00:00,205.83,0.2693970752562793,True,25.62382454286577,-16.374203769768936,2.927173244807856,-1.7189514396218297,False,True,-12.44256348246675,65.11811023622039,True,2.034883720930862,False,False,14.31817049358408,False,False,False,0.9255401402542209,False,False,False,True,Health
DHR,2023-10-23 04:00:00,204.05,0.25459446214163184,True,24.51157111008279,-16.95611540424899,2.8594185237247225,-3.041102399619855,False,True,-3.590664272890476,30.598958333333414,True,30.952380952381436,True,False,0.22439684706687668,False,False,False,1.2007956218026414,True,False,False,True,Health
DHR,2023-10-24 04:00:00,196.84,0.25990652306441775,True,20.609258061932223,-19.73156458621342,3.174092281968817,-7.124657922053412,False,True,-3.590664272890476,30.598958333333414,True,14.312796208530742,False,False,0.22439684706687668,False,False,False,1.713738829587214,True,False,False,True,Health
DHR,2023-10-25 04:00:00,192.65,0.2737607059434206,True,18.741898380998155,-21.272230482521028,3.5155345453174314,-5.9326171875,True,True,-3.590664272890476,30.598958333333414,True,89.1891891891893,True,True,0.22439684706687668,False,False,False,2.0194478170459624,True,True,False,True,Health
DHR,2023-10-26 04:00:00,193.68,0.2604295745559686,True,20.6453673055307,-20.686758029940155,3.452484396950877,-6.570188133140375,True,True,-3.590664272890476,30.598958333333414,True,18.49192100538604,False,True,0.22439684706687668,False,False,False,0.9032760941377451,False,False,False,True,Health
DHR,2023-10-27 04:00:00,187.88,0.29172876304023854,True,18.077394569021976,-22.884939251705244,3.5645105211604666,-8.720789000631601,True,True,-3.590664272890476,30.598958333333414,True,15.629742033383925,False,True,0.22439684706687668,False,False,False,1.041199823594731,True,False,False,True,Health
DHR,2023-10-30 04:00:00,185.1,0.30913019989195023,True,16.986758649678404,-23.843923859632014,3.637069953424084,-9.286939475618727,True,True,-1.7189514396218297,14.066496163683118,False,41.86369958275371,True,True,-3.4004784771971663,True,False,False,1.459282481182333,True,False,False,True,Health
DHR,2023-10-31 04:00:00,192.02,0.27934590146859684,True,28.54341497699662,-20.8314121339645,3.6271822239217544,-2.448689290794548,True,True,-1.7189514396218297,14.066496163683118,False,20.031545741325072,False,True,-3.4004784771971663,True,False,False,1.376361736908258,True,False,False,True,Health
DHR,2023-11-01 04:00:00,190.0,0.30400000000000005,True,27.34662347683374,-21.49501592352111,3.5227029692807963,-1.3755515182974354,True,True,-1.7189514396218297,14.066496163683118,False,38.38383838383794,True,True,-3.4004784771971663,True,False,False,0.9910990443022089,False,False,False,True,Health
RTX,2022-09-26 04:00:00,81.09,-0.10124552965840439,False,28.666769522826485,-11.270975267076416,2.679492529648651,-4.543849323131255,False,True,-3.2258064516129115,35.37037037037037,True,21.65283291230602,False,True,0.44981488968938166,False,False,True,0.9023644438727786,False,False,False,True,Industrial
RTX,2022-09-27 04:00:00,81.0,-0.11111111111111116,False,28.488222917393763,-11.269073337661045,2.647831252186701,-4.873752201996484,False,True,-3.2258064516129115,35.37037037037037,True,41.01123595505638,True,True,0.44981488968938166,False,False,True,1.1159278094135372,True,False,False,True,Industrial
RTX,2023-07-26 04:00:00,86.3,0.32039397450753193,True,22.648688528615953,-10.426688623299002,2.849328942608012,-9.699696557497116,False,True,-1.2831040854034081,14.332247557003214,False,61.538461538461355,True,True,-1.6861411824051764,True,True,True,2.8274065677988087,True,True,False,True,Industrial
RTX,2023-07-27 04:00:00,85.17,0.34366560995655737,True,21.23031930431632,-11.497400618205656,2.9148946985960245,-12.34046932894195,False,True,-1.2831040854034081,14.332247557003214,False,26.523297491039322,False,True,-1.6861411824051764,True,True,True,1.849109724581199,True,False,False,True,Industrial
RTX,2023-08-02 04:00:00,85.46,0.3625087760355723,True,28.181295027533544,-10.866780929236295,2.7389826177700036,-0.9733487833140209,False,False,0.2287615680565569,34.15441937487083,True,7.169811320754615,False,False,-2.7758362287303884,True,True,True,0.980891934494614,False,False,False,True,Industrial
RTX,2023-08-03 04:00:00,84.67,0.36022203850242107,True,26.9233279447357,-11.587890462451691,2.6851768282661417,-0.5870611717740948,False,False,0.2287615680565569,34.15441937487083,True,22.142857142857213,False,False,-2.7758362287303884,True,True,True,0.8830364752434205,False,False,False,True,Industrial
RTX,2023-08-04 04:00:00,84.55,0.35304553518628046,True,26.728156545846133,-11.610176403668987,2.5695708259194263,-3.194412640256472,False,False,0.2287615680565569,34.15441937487083,True,24.418604651162077,False,False,-2.7758362287303884,True,True,True,0.6157132922201582,False,False,False,True,Industrial
RTX,2023-09-11 04:00:00,76.9,0.5508452535760728,True,22.89727172938367,-17.603955504367402,2.3154759365253867,-10.871580899397305,False,False,1.8774353524619203,1.3574660633484714,False,20.177383592017957,False,False,-3.214646989327996,True,True,True,4.161734413712364,True,True,True,False,Industrial
RTX,2023-09-12 04:00:00,75.56,0.589465325569084,True,21.147452704345632,-18.886054958881843,2.494499445799393,-11.158142269253378,False,False,1.8774353524619203,1.3574660633484714,False,50.73170731707355,True,True,-3.214646989327996,True,True,True,2.709788211730694,True,True,False,False,Industrial
RTX,2023-09-13 04:00:00,75.56,0.5764955002646903,True,21.147452704345632,-18.733337879565287,2.429759619242824,-9.51981798586996,False,False,1.8774353524619203,1.3574660633484714,False,8.333333333334023,False,True,-3.214646989327996,True,True,True,1.661534506945572,True,False,False,False,Industrial
RTX,2023-09-14 04:00:00,75.5,0.5788079470198675,True,21.063860997146893,-18.645701465956684,2.449105277946869,-10.470769595636186,False,False,1.8774353524619203,1.3574660633484714,False,2.970297029703089,False,False,-3.214646989327996,True,True,True,2.063823013408633,True,True,False,False,Industrial
RTX,2023-09-15 04:00:00,75.8,0.566358839050132,True,22.708948621561632,-18.173258705333556,2.3895560029257945,-9.19980833732631,False,False,1.8774353524619203,1.3574660633484714,False,1.5151515151512052,False,False,-3.214646989327996,True,True,True,1.9797655297087835,True,False,False,False,Industrial
RTX,2023-09-18 04:00:00,75.18,0.5700984304336258,True,21.702308566126806,-18.690107579142726,2.36923620005613,-2.236671001300383,False,True,-3.245248029670833,16.07142857142876,False,4.3165467625900895,False,False,-1.2899931557215805,True,True,True,1.2020791232517782,True,False,False,True,Industrial
RTX,2023-09-19 04:00:00,75.08,0.5825785828449652,True,21.536485475169915,-18.646090848714973,2.2990232397469925,-0.6352567496029748,False,True,-3.245248029670833,16.07142857142876,False,55.445544554455395,True,False,-1.2899931557215805,True,True,True,1.3342404085748845,True,False,False,True,Industrial
RTX,2023-09-20 04:00:00,74.43,0.587397554749429,True,20.443074751801912,-19.194823404160296,2.3242727039045836,-1.4955002646903082,False,True,-3.245248029670833,16.07142857142876,False,2.808988764045581,False,False,-1.2899931557215805,True,True,True,1.2184498379442734,True,False,False,True,Industrial
RTX,2023-09-21 04:00:00,72.64,0.6556993392070485,True,17.767810064514624,-20.97192326708758,2.408593283483163,-3.7880794701986797,True,True,-3.245248029670833,16.07142857142876,False,9.72568578553648,False,False,-1.2899931557215805,True,True,True,1.34230405233566,True,False,False,True,Industrial
RTX,2023-09-22 04:00:00,71.58,0.6770047499301481,True,16.399197117435232,-21.95332106825626,2.396402436293877,-5.567282321899736,True,True,-3.245248029670833,16.07142857142876,False,12.204724409448946,False,False,-1.2899931557215805,True,True,True,1.0109130950133558,True,False,False,True,Industrial
RTX,2023-09-25 04:00:00,72.05,0.6780013879250522,True,19.365031119037383,-21.272902456717603,2.3177836056993204,-4.1633413141793145,True,True,-9.19980833732631,31.68604651162782,True,25.925925925926073,False,False,10.256968136507961,False,False,True,1.058445971631333,True,False,False,True,Industrial
RTX,2023-09-26 04:00:00,72.26,0.665098256296706,True,20.718396113766058,-20.87776906324265,2.2547072222117244,-3.7559936068193855,True,True,-9.19980833732631,31.68604651162782,True,10.000000000001162,False,False,10.256968136507961,False,False,True,1.0192549793744887,True,False,False,True,Industrial
RTX,2023-09-27 04:00:00,72.88,0.6518935236004393,True,24.734847725727548,-20.038179797342192,2.181204789087001,-2.082493618164738,True,True,-9.19980833732631,31.68604651162782,True,33.898305084745786,True,False,10.256968136507961,False,False,True,0.9081435626035764,False,False,False,True,Industrial
RTX,2023-09-28 04:00:00,72.0,0.6827777777777777,True,22.957127840304643,-20.838248567583236,2.1622625648537577,-0.8810572687224627,True,True,-9.19980833732631,31.68604651162782,True,4.424778761061713,False,False,10.256968136507961,False,False,True,0.8053496547705669,False,False,False,True,Industrial
RTX,2023-09-29 04:00:00,71.97,0.728359038488259,True,22.89671204766168,-20.706560808246476,2.103830723816588,0.5448449287510426,True,True,-9.19980833732631,31.68604651162782,True,42.75286757038532,True,True,10.256968136507961,False,False,True,0.5997277152016955,False,False,False,True,Industrial
RTX,2023-10-02 04:00:00,71.34,0.7387160078497337,True,21.610530341563155,-21.232939484891435,2.077941711231965,-0.9854267869534916,True,True,-5.567282321899736,3.0481809242871365,False,42.105263157895024,True,True,0.9958024416462319,False,False,True,0.6273300918053082,False,False,False,True,Industrial
RTX,2023-10-03 04:00:00,70.58,0.7521960895437803,True,20.140718028543507,-21.900537526025,2.1339763407589656,-2.324937724882381,True,True,-5.567282321899736,3.0481809242871365,False,7.988980716253234,False,True,0.9958024416462319,False,False,True,0.7442162386216036,False,False,False,True,Industrial
RTX,2023-10-04 04:00:00,70.12,0.7813747860810039,True,19.28572730885643,-22.23614680803409,2.1325774709681173,-3.7870472008781464,True,True,-5.567282321899736,3.0481809242871365,False,91.32653061224558,True,True,0.9958024416462319,False,False,True,0.9226166228248466,False,False,False,True,Industrial
RTX,2023-10-05 04:00:00,69.38,0.8023926203516865,True,17.964549264201928,-22.879885194918398,2.115649136675552,-3.6388888888888915,True,True,-5.567282321899736,3.0481809242871365,False,10.810810810809945,False,True,0.9958024416462319,False,False,True,0.6623372857337642,False,False,False,True,Industrial
RTX,2023-10-06 04:00:00,69.77,0.770101762935359,True,21.034832612421877,-22.272774886558054,2.1410436150751924,-3.0568292344032244,True,True,-5.567282321899736,3.0481809242871365,False,29.75865458119423,False,True,0.9958024416462319,False,False,True,0.7555059524836328,False,False,False,True,Industrial
MS,2022-03-01 05:00:00,87.63,0.09642816387082043,True,29.402225017922955,-7.956693335484302,3.856510595496302,-7.514511873350926,False,True,-8.750119537152134,20.28094820017561,False,32.47863247863245,True,True,6.57505260402409,False,False,False,1.6600410822226679,True,False,False,True,Finance
MS,2022-03-04 05:00:00,86.36,0.11232051875868465,True,28.898029320295386,-9.073161324105298,3.788337945947081,-8.662083553675304,False,True,-8.750119537152134,20.28094820017561,False,67.2897196261681,True,True,6.57505260402409,False,False,False,0.9983744128274795,False,False,False,True,Finance
MS,2022-03-07 05:00:00,83.45,0.14919113241461956,True,25.649998179424937,-12.030808803945222,3.8920579005014706,-8.03394313422966,False,True,-0.911758541186336,73.05825242718447,True,1.1278195488722247,False,True,2.1121120957964035,False,False,False,1.0376182253021065,True,False,False,False,Finance
MS,2022-03-08 05:00:00,83.31,0.10670987876605453,True,25.501494464057956,-12.071840833643442,3.944217821011901,-4.929818555289279,False,True,-0.911758541186336,73.05825242718447,True,35.44973544973553,True,True,2.1121120957964035,False,False,False,0.9428553953744007,False,False,False,False,Finance
MS,2022-06-17 04:00:00,72.9,0.18436213991769534,True,29.917146738223778,-18.266228552062064,3.7440008867459573,-5.813953488372093,False,True,-2.6951995373047932,14.285714285714416,False,12.164232458380429,False,True,-3.898060386661917,True,False,False,2.1364495141521425,True,True,False,False,Finance
MS,2023-10-03 04:00:00,78.02,0.3402973596513714,True,26.46965162576846,-10.220236867406083,2.2012107207491884,-5.050505050505061,False,True,-5.791200090487491,4.408352668213622,False,9.452736318407823,False,False,3.2573048345379663,False,False,True,1.0471694730247965,True,False,False,False,Finance
MS,2023-10-19 04:00:00,72.92,0.6220515633571035,True,27.29033462614375,-15.136907308303973,3.031316760639725,-6.284539262305621,False,True,-1.6407493571691023,70.55771725032415,True,0.9790209790208867,False,False,-0.5804462842816993,True,True,True,1.9457554121840952,True,False,False,False,Finance
MS,2023-10-20 04:00:00,73.13,0.617940653630521,True,28.196733657285886,-14.76620975775993,2.9677746443867417,-5.990487209152862,False,True,-1.6407493571691023,70.55771725032415,True,46.69496664645299,True,True,-0.5804462842816993,True,True,True,1.2278379164993147,True,False,False,False,Finance
MS,2023-10-23 04:00:00,71.7,0.6496513249651323,True,25.834968809312386,-16.296024422859293,2.999037334799792,-8.929251873491683,False,True,-3.1619569276733372,13.089005235602116,False,28.22085889570584,False,True,-0.9323232360243905,True,True,True,1.3404538307913365,True,False,False,True,Finance
MS,2023-10-24 04:00:00,71.56,0.6653158188932364,True,25.60881494357595,-16.322419560617465,2.8920812702296637,-10.917465454998132,False,True,-3.1619569276733372,13.089005235602116,False,47.05882352941234,True,True,-0.9323232360243905,True,True,True,0.9484018454717452,False,False,False,True,Finance
MS,2023-10-25 04:00:00,71.4,0.6369747899159661,True,25.335849186196587,-16.372134447822976,2.769052985263357,-4.647435897435881,False,True,-3.1619569276733372,13.089005235602116,False,16.1290322580644,False,True,-0.9323232360243905,True,True,True,0.8540908858527021,False,False,False,True,Finance
MS,2023-10-26 04:00:00,72.07,0.6529762730678508,True,28.760219804844894,-15.456265175033334,2.6752016699255163,-1.1656609983543675,False,True,-3.1619569276733372,13.089005235602116,False,5.4267772695552985,False,False,-0.9323232360243905,True,True,True,1.072099262630883,True,False,False,True,Finance
MS,2023-10-27 04:00:00,70.4,0.6946022727272725,True,25.607650015349883,-17.271948867736008,2.7337897692470725,-3.733078080131258,False,True,-3.1619569276733372,13.089005235602116,False,11.53846153846193,False,False,-0.9323232360243905,True,True,True,1.069018597996753,True,False,False,True,Finance
MS,2023-10-30 04:00:00,70.59,0.6704915710440571,True,26.593540331222677,-16.90772057717528,2.6804326764362827,-1.5481171548117123,False,True,-5.990487209152862,9.420289855072477,False,42.857142857142584,True,False,6.445405499320378,False,False,True,0.927343865675581,False,False,False,True,Finance
MS,2023-10-31 04:00:00,70.82,0.6414854560858516,True,27.84021877184659,-16.49875525486774,2.5565343266483276,-1.0340972610397015,False,True,-5.990487209152862,9.420289855072477,False,66.66666666666666,True,True,6.445405499320378,False,False,True,0.843768032641024,False,False,False,True,Finance
MS,2023-11-01 04:00:00,70.95,0.646934460887949,True,28.57854629018258,-16.209198390001696,2.491391214307912,-0.630252100840345,False,True,-5.990487209152862,9.420289855072477,False,20.661157024793493,False,True,6.445405499320378,False,False,True,0.8783081387309831,False,False,False,True,Finance
SPGI,2022-02-14 05:00:00,380.71,-0.034514459825063626,False,28.921790382199408,-9.058497127390119,3.128562638504178,-6.05552128315855,False,False,1.9108750184447354,6.5774804905236905,False,38.876857922083616,True,False,-0.821255953560629,True,False,False,1.6467837938888643,True,False,False,False,Finance
SPGI,2022-02-23 05:00:00,373.37,-0.08032246832900347,False,29.036204078058947,-10.340992979332448,2.891970383305569,-3.1138905467472777,False,True,-6.450445232751745,4.490445859872694,False,5.083333333333448,False,False,4.013327643400277,False,False,False,0.9504438228919498,False,False,False,True,Finance
SPGI,2022-05-05 04:00:00,346.9,0.02386855001441357,True,28.15586933019039,-14.814888409701958,3.3540884481335924,-10.25740525158454,False,True,-2.0459764183802354,1.4072847682120508,False,17.772367620206683,False,True,0.6387125241852587,False,False,False,1.9271933070468859,True,False,False,False,Finance
SPGI,2022-05-06 04:00:00,345.76,0.027504627487274336,True,27.79025030197015,-14.967110854267576,3.309362537711555,-8.164674634794157,False,True,-2.0459764183802354,1.4072847682120508,False,88.02936194240542,True,True,0.6387125241852587,False,False,False,1.480377176247277,True,False,False,False,Finance
SPGI,2022-05-09 04:00:00,328.77,0.10162119414788462,True,22.9972362097843,-18.99114442995811,3.619483764922266,-10.494936295328328,False,True,-0.8323236580098037,18.17010309278348,False,5.854159534405777,False,True,-2.1758255223669254,True,False,True,1.7168086421331925,True,False,False,True,Finance
SPGI,2022-05-10 04:00:00,327.99,0.09847861215280962,True,22.802794146295327,-19.02877922774096,3.666860445683321,-8.797931207073928,False,True,-0.8323236580098037,18.17010309278348,False,38.888888888888815,True,True,-2.1758255223669254,True,False,True,1.1863219622388181,True,False,False,True,Finance
SPGI,2022-05-11 04:00:00,325.81,0.10291274055431066,True,22.236899757145096,-19.410052533142714,3.6708546717709596,-10.5703776899429,False,True,-0.8323236580098037,18.17010309278348,False,14.87826871055031,False,False,-2.1758255223669254,True,False,True,1.1796738647243559,True,False,False,True,Finance
SPGI,2022-05-12 04:00:00,329.66,0.09652369107565373,True,25.741838509044573,-18.307709690294406,3.587032329396965,-4.969731911213593,False,True,-0.8323236580098037,18.17010309278348,False,7.646474677259575,False,False,-2.1758255223669254,True,False,True,1.263859480811983,True,False,False,True,Finance
SPGI,2022-09-22 04:00:00,322.37,0.15227843781989625,True,25.55651571651652,-13.963053985251308,2.694641414669791,-7.1140436812078605,False,False,6.2681586744527396,0.8882655446470213,False,1.2468827930172701,False,False,0.7853511318240081,False,False,True,1.4943012574976355,True,False,False,False,Finance
SPGI,2022-09-23 04:00:00,317.86,0.14537846850814806,True,23.955513993644814,-15.03850486912899,2.724633977899593,-8.15153003727569,False,False,6.2681586744527396,0.8882655446470213,False,30.889423076923023,True,False,0.7853511318240081,False,False,True,1.4347558398476572,True,False,False,False,Finance
SPGI,2022-09-26 04:00:00,315.43,0.15100022191928475,True,23.115273500480097,-15.556208340124588,2.7077952615244363,-8.488787026023381,False,True,-6.320718964863847,16.04054859868811,False,47.496423462088536,True,True,4.046287676186111,False,False,True,1.5358991122996686,True,False,False,True,Finance
SPGI,2022-09-27 04:00:00,313.27,0.17639735691256742,True,22.364365291710087,-15.999606282766074,2.760183632433567,-7.685280683659945,False,True,-6.320718964863847,16.04054859868811,False,30.13972055888211,True,True,4.046287676186111,False,False,True,1.5302154810741044,True,False,False,True,Finance
SPGI,2022-09-28 04:00:00,314.77,0.16087937224004834,True,24.205757179728597,-15.46620070454892,2.6919599900430753,-6.005136168179648,False,True,-6.320718964863847,16.04054859868811,False,59.64630225080382,True,True,4.046287676186111,False,False,True,1.400816183511656,True,False,False,True,Finance
SPGI,2022-09-29 04:00:00,310.43,0.1813291241181587,True,22.539962535747765,-16.493544846327534,2.682345502058472,-3.7038185935415857,False,True,-6.320718964863847,16.04054859868811,False,49.8800959232615,True,True,4.046287676186111,False,False,True,1.1575522897008952,True,False,False,True,Finance
SPGI,2022-09-30 04:00:00,305.35,0.16725069592271158,True,20.74073687255889,-17.713845145749165,2.766578559651022,-3.9356949600452995,False,True,-6.320718964863847,16.04054859868811,False,2.694610778443489,False,True,4.046287676186111,False,False,True,1.1344999809128082,True,False,False,True,Finance
SPGI,2022-10-10 04:00:00,298.72,0.24497857525441868,True,28.023125299366157,-18.7614659259329,2.9830343950210825,-5.104990628673079,False,True,-3.9356949600452995,1.777485187623691,False,10.670892762810823,False,False,-2.401706236149259,True,False,False,0.7621360999776252,False,False,False,True,Finance
SPGI,2022-10-11 04:00:00,294.72,0.24124592833876202,True,26.53279665622283,-19.690672534464433,2.9626634598090855,-8.910523875753352,False,True,-3.9356949600452995,1.777485187623691,False,25.155080548134162,False,False,-2.401706236149259,True,False,False,0.7926034757956114,False,False,False,True,Finance
SPGI,2022-10-12 04:00:00,291.17,0.24913280901191737,True,25.24937557913815,-20.494599651168222,2.902950724263719,-9.476138660034184,True,True,-3.9356949600452995,1.777485187623691,False,2.2797927461142775,False,False,-2.401706236149259,True,False,False,0.7312556321399643,False,False,False,True,Finance
SPGI,2022-10-13 04:00:00,292.28,0.25749281510880007,True,26.44739404451715,-20.030842230551503,3.0526691897667297,-7.556061612423715,True,True,-3.9356949600452995,1.777485187623691,False,24.48436460412508,False,False,-2.401706236149259,True,False,False,1.3911516194298783,True,False,False,True,Finance
SPGI,2022-10-14 04:00:00,286.62,0.28152257344218823,True,24.308066699955834,-21.41069675715369,3.239242591037725,-5.881193971037324,True,True,-3.9356949600452995,1.777485187623691,False,3.5739814152966383,False,False,-2.401706236149259,True,False,False,0.8479384321760107,False,False,False,True,Finance
SPGI,2023-10-27 04:00:00,342.48,0.4212508759635598,True,27.029953926332723,-7.818793884020267,2.164117601097623,-2.1569579750306933,False,False,-0.09613799923090527,10.662717512032566,False,19.93603411513865,False,False,-1.3511929782652254,True,False,True,1.1429840656668575,True,False,False,False,Finance
QCOM,2022-09-29 04:00:00,114.84,-0.03256704980842917,False,26.81633096178344,-19.367297834390538,3.6235123328339327,-7.147477360931442,False,True,-5.376751230594479,17.046979865771828,False,34.413965087281994,True,True,-0.5480418106567408,True,True,True,1.5292816701271383,True,False,False,True,Tech
QCOM,2022-09-30 04:00:00,112.98,-0.02469463621879986,False,25.16137567458175,-20.50974643661966,3.6325101989823962,-6.774486343757735,True,True,-5.376751230594479,17.046979865771828,False,1.7857142857143535,False,False,-0.5480418106567408,True,True,True,0.961438937105282,False,False,False,True,Tech
QCOM,2023-05-04 04:00:00,106.58,0.7062300619253143,True,25.159195706893826,-15.165095403465664,3.1319789447625355,-6.44311797752809,False,True,-1.9973368841544548,30.11494252873572,True,14.640883977900565,False,True,-3.65856744099583,True,True,True,3.261785077774791,True,True,True,False,Tech
QCOM,2023-05-09 04:00:00,105.77,0.7069112224638365,True,27.923893533167885,-15.451373063096172,3.056822769716312,-8.90534837653949,False,True,-0.815217391304357,81.86619718309855,True,22.065727699530363,False,True,-2.420484696202607,True,True,True,1.0744396020659743,True,False,False,True,Tech
QCOM,2023-05-11 04:00:00,104.06,0.7702287142033442,True,27.054324210671044,-16.556163580720597,3.02244703779801,-2.3644210921373587,False,True,-0.815217391304357,81.86619718309855,True,13.427561837455679,False,True,-2.420484696202607,True,True,True,1.3932401090274917,True,False,False,True,Tech
QCOM,2023-05-12 04:00:00,103.62,0.8236826867400115,True,26.529715173126174,-16.76895651546029,2.965303101850437,-4.743519029233312,False,True,-0.815217391304357,81.86619718309855,True,47.4178403755872,True,True,-2.420484696202607,True,True,True,0.9833054567154025,False,False,False,True,Tech
INTU,2022-05-12 04:00:00,353.89,0.2043572861623668,True,29.730911403011678,-29.104156460541653,5.959623235478132,-13.655882496462212,True,True,-5.535879446863234,8.131868131868062,False,19.925512104282912,False,False,-1.3531526253923398,True,False,True,1.7015985414921713,True,False,False,True,Tech
T,2022-04-11 04:00:00,19.63,0.01681100356597054,True,22.436806141530298,-23.407326320446614,4.115546825783958,-18.817204301075275,True,True,0.5872483221476488,77.63157894736861,True,4.347826086956438,False,False,-2.4249462124737664,True,True,True,3.5316875330702677,True,True,True,False,Comm
T,2022-04-12 04:00:00,19.56,0.01891615541922298,True,22.21403776656651,-23.500199803999713,4.058013418316565,-18.124738384261207,True,True,0.5872483221476488,77.63157894736861,True,8.19672131147495,False,False,-2.4249462124737664,True,True,True,2.180813318947113,True,True,False,False,Comm
T,2022-04-13 04:00:00,19.42,0.01905252317198758,True,21.748938929031922,-23.865569129207724,3.990259129062586,-19.184352892218058,True,True,0.5872483221476488,77.63157894736861,True,19.565217391304433,False,False,-2.4249462124737664,True,True,True,1.2981526613359775,True,False,False,False,Comm
T,2022-04-14 04:00:00,19.54,0.014329580348004134,True,23.232592533671653,-23.216377013754947,3.821395012878858,-17.656974294142437,True,True,0.5872483221476488,77.63157894736861,True,28.947368421052555,False,False,-2.4249462124737664,True,True,True,1.0449591339928697,True,False,False,False,Comm
T,2022-04-18 04:00:00,19.46,0.012332990750256956,True,22.920587606490905,-23.351279085236445,3.6658007677708397,-19.386909693454847,True,False,0.6672226855713115,44.285714285714654,True,50.0,True,True,-2.6894193948779455,True,True,True,1.1001475217641614,True,False,False,True,Comm
T,2022-04-19 04:00:00,19.49,-0.09440738840430996,False,23.336372868151226,-23.055238321610307,3.490340387857023,-0.713194090677538,True,False,0.6672226855713115,44.285714285714654,True,39.99999999999915,True,True,-2.6894193948779455,True,True,True,1.1324297725877623,True,False,False,True,Comm
T,2022-04-20 04:00:00,19.43,-0.062274832732887364,False,23.068356066113378,-23.113919947650885,3.357648496696323,-0.664621676891608,True,False,0.6672226855713115,44.285714285714654,True,44.82758620689634,True,True,-2.6894193948779455,True,True,True,0.9426849359049924,False,False,False,True,Comm
T,2022-04-22 04:00:00,19.52,-0.10297131147540972,False,29.793191985377025,-22.42908342616548,3.4541782471005193,-0.10235414534288667,True,False,0.6672226855713115,44.285714285714654,True,3.636363636363554,False,False,-2.6894193948779455,True,True,True,1.2152116704924263,True,False,False,True,Comm
T,2022-04-25 04:00:00,19.51,-0.1184008200922605,False,29.739082352585985,-22.295097483762465,3.492832510742579,0.2569373072970338,True,False,-19.055509527754765,3.1496062992125324,False,51.61290322580658,True,False,27.4425549033843,False,False,True,1.2314092842225373,True,False,False,True,Comm
T,2022-04-26 04:00:00,19.3,-0.0875647668393783,False,28.565786032833685,-22.954158735366534,3.4081684296803854,-0.974858902001019,True,False,-19.055509527754765,3.1496062992125324,False,0.0,False,False,27.4425549033843,False,False,True,0.8618417351763534,False,False,False,True,Comm
T,2022-04-27 04:00:00,19.07,-0.0734137388568431,False,27.295603683600067,-23.691060760861728,3.3414842273084457,-1.8528049408131686,True,False,-19.055509527754765,3.1496062992125324,False,21.621621621622065,False,False,27.4425549033843,False,False,True,1.1008391154991792,True,False,False,True,Comm
T,2022-04-29 04:00:00,18.86,-0.09490986214209962,False,28.85656367806222,-24.179814346955826,3.3271570358107216,-3.381147540983609,True,False,-19.055509527754765,3.1496062992125324,False,8.92857142857152,False,False,27.4425549033843,False,False,True,1.1088157948608897,True,False,False,True,Comm
T,2022-06-16 04:00:00,18.96,-0.1677215189873419,False,27.413368418893583,-19.666932363762378,2.5547618180367206,-9.195402298850563,False,True,-1.8318459370596507,14.925373134328082,False,46.77419354838715,True,True,-3.3727937851076972,True,True,True,1.7612045621727237,True,False,False,False,Comm
T,2022-07-22 04:00:00,18.4,-0.19565217391304335,False,26.90839280311669,-19.77429943278145,3.0128154386825003,-10.54934370442393,False,True,-2.3932426091036962,8.771929824561523,False,34.09090909090867,True,True,-3.860590142069409,True,True,True,2.0083543209156822,True,True,False,False,Comm
T,2022-07-25 04:00:00,18.53,-0.19643820831084724,False,29.088154415865816,-19.052781678857823,2.9013393452041245,-9.741841207988312,False,True,-1.105769230769238,64.41717791411044,True,15.625000000000208,False,True,-2.2613356297277565,True,True,True,1.1140200940167277,True,False,False,False,Comm
T,2022-07-26 04:00:00,18.3,-0.20710382513661207,False,27.524195673124424,-19.897657061204228,2.8645731259415363,-12.01923076923077,False,True,-1.105769230769238,64.41717791411044,True,45.28301886792481,True,True,-2.2613356297277565,True,True,True,1.086835879874333,True,False,False,False,Comm
T,2022-07-27 04:00:00,18.39,-0.21424687330070702,False,29.129921510991814,-19.347190804768562,2.7479295683270855,-10.205078125,False,True,-1.105769230769238,64.41717791411044,True,46.15384615384689,True,True,-2.2613356297277565,True,True,True,1.009288547750525,True,False,False,False,Comm
T,2022-08-08 04:00:00,18.0,-0.2072222222222222,False,29.494306316193313,-19.875283059635525,2.332536358342353,-3.8974906567004863,False,False,2.0652173913043637,29.850746268656536,False,0.0,False,True,-3.3729866680837772,True,False,True,1.1087621920717274,True,False,False,True,Comm
T,2022-08-31 04:00:00,17.54,-0.16476624857468636,False,29.03386902386416,-19.48184605695152,1.668004647842539,-2.6096612992781876,False,False,0.8757525998905225,1.9230769230772253,False,9.859154929577493,False,True,-3.881982790040517,True,True,True,1.4284132311368958,True,False,False,False,Comm
T,2022-09-01 04:00:00,17.5,-0.1725714285714286,False,28.474829141962623,-19.507964009358748,1.6585241624532894,-3.2614704256495264,False,False,0.8757525998905225,1.9230769230772253,False,30.769230769229928,True,True,-3.881982790040517,True,True,True,0.9339394338378185,False,False,False,False,Comm
T,2022-09-02 04:00:00,17.19,-0.15008726003490414,False,24.532396833117986,-20.768786894224203,1.7568945689276287,-3.9128004471771893,True,False,0.8757525998905225,1.9230769230772253,False,6.593406593406868,False,False,-3.881982790040517,True,True,True,1.1065005986205256,True,False,False,False,Comm
T,2022-09-06 04:00:00,16.79,-0.1298391899940441,False,20.57411080220925,-22.437930907782413,1.8617086246841539,-5.568053993250855,True,True,-2.9300054259359665,8.33333333333321,False,2.2222222222217836,False,False,-3.3588328866253403,True,True,True,1.7015757843047465,True,False,False,False,Comm
T,2022-09-07 04:00:00,16.87,-0.1464137522228809,False,23.241630365666683,-21.896864388470465,1.9131812241079276,-5.331088664421991,True,True,-2.9300054259359665,8.33333333333321,False,17.582417582417918,False,False,-3.3588328866253403,True,True,True,1.5990159308369698,True,False,False,False,Comm
T,2022-09-08 04:00:00,16.77,-0.13416815742397137,False,22.236313403028944,-22.18671135000881,1.886786669474016,-4.389965792474337,True,True,-2.9300054259359665,8.33333333333321,False,31.62393162393104,True,False,-3.3588328866253403,True,True,True,1.4331807000572958,True,False,False,False,Comm
T,2022-09-20 04:00:00,16.56,-0.0754830917874395,False,29.325523449065955,-21.850220032963385,1.9230102931754083,-1.6042780748663055,True,True,-0.9307737056428178,63.63636363636381,True,52.63157894736793,True,True,-3.3535988782818382,True,True,True,0.8953156725933996,False,False,False,True,Comm
T,2022-09-21 04:00:00,16.25,-0.06953846153846155,False,25.643579581090933,-23.13486334920234,1.9999369490760521,-3.100775193798444,True,True,-0.9307737056428178,63.63636363636381,True,0.0,False,False,-3.3535988782818382,True,True,True,0.9470277915141981,False,False,False,True,Comm
T,2022-09-22 04:00:00,16.24,-0.07266009852216737,False,25.532216076115375,-23.00456089499997,1.9637872998430501,-3.1026252983293756,True,True,-0.9307737056428178,63.63636363636381,True,41.66666666666605,True,True,-3.3535988782818382,True,True,True,0.9142804832402877,False,False,False,True,Comm
T,2022-09-23 04:00:00,16.01,-0.0618363522798252,False,23.052536934256597,-23.912592935095947,2.02371185305106,-4.360812425328531,True,True,-0.9307737056428178,63.63636363636381,True,57.14285714285796,True,True,-3.3535988782818382,True,True,True,1.0903369907341867,True,False,False,True,Comm
T,2022-09-26 04:00:00,15.67,-0.05105296745373333,False,19.96561630643986,-25.338790256868915,2.115941051944194,-6.503579952267313,True,True,-1.702877275396375,22.352941176470374,False,22.499999999999947,False,True,-1.0835250405538455,True,True,True,1.0840799260212552,True,False,False,True,Comm
T,2022-09-27 04:00:00,15.73,-0.04577240940877303,False,21.95183225642805,-24.86561749239488,2.1207808177801835,-5.012077294685979,True,True,-1.702877275396375,22.352941176470374,False,16.66666666666675,False,True,-1.0835250405538455,True,True,True,0.9361113555217596,False,False,False,True,Comm
T,2022-09-28 04:00:00,15.83,-0.051168667087807984,False,25.280109678016323,-24.20403596151553,2.0516129836109993,-2.584615384615385,True,True,-1.702877275396375,22.352941176470374,False,33.333333333332774,True,False,-1.0835250405538455,True,True,True,0.9588158946084547,False,False,False,True,Comm
T,2022-09-29 04:00:00,15.53,-0.05537669027688341,False,22.218948188368064,-25.45027439643871,2.1350447792167584,-4.371921182266004,True,True,-1.702877275396375,22.352941176470374,False,35.29411764705861,True,True,-1.0835250405538455,True,True,True,1.1469264971268784,True,False,False,True,Comm
T,2022-09-30 04:00:00,15.34,-0.036505867014341664,False,20.523892221151208,-26.1686761082331,2.165413440473418,-4.184884447220494,True,True,-1.702877275396375,22.352941176470374,False,0.0,False,False,-1.0835250405538455,True,True,True,1.3778314777340779,True,False,False,True,Comm
T,2022-10-07 04:00:00,14.94,0.0013386880856760541,True,27.321656188986612,-27.21458433529353,2.56397897501403,-2.6075619295958252,True,True,-4.360812425328531,15.841584158416037,False,11.713030746705464,False,False,0.1359225201754244,False,False,True,1.1557998142992212,True,False,False,False,Comm
T,2022-10-10 04:00:00,14.9,-0.008724832214765166,False,26.977050345698586,-27.21093999391525,2.564602092652085,-6.2893081761006275,True,True,-4.184884447220494,0.0,False,37.83783783783789,True,False,-2.176975243700763,True,False,True,0.9478837710036652,False,False,False,True,Comm
T,2022-10-11 04:00:00,14.81,-0.024307900067522037,False,26.177026146825774,-27.451001104326078,2.5068169448572823,-7.9552517091361015,True,True,-4.184884447220494,0.0,False,56.52173913043502,True,True,-2.176975243700763,True,False,True,1.0649414290709054,True,False,False,True,Comm
T,2022-10-12 04:00:00,14.63,-0.018455228981544836,False,24.605384610376266,-28.130143958213704,2.510191711714543,-8.16070307595731,True,True,-4.184884447220494,0.0,False,3.174603174603658,False,True,-2.176975243700763,True,False,True,0.9957490602375322,False,False,False,True,Comm
T,2023-04-20 04:00:00,17.65,-0.0759206798866856,False,28.07871033963288,-8.70892774388684,2.396057650479891,-11.573146292585179,False,False,2.0779220779220786,9.589041095890444,False,7.758620689655158,False,True,-1.6055677501227494,True,True,True,3.9786649642821783,True,True,True,False,Comm
T,2023-04-26 04:00:00,17.2,-0.026162790697674354,False,29.692076836032427,-10.72456688838662,2.650182117525577,-12.690355329949243,False,False,1.4249363867684606,8.771929824560955,False,2.127659574467667,False,False,-2.7486685447524417,True,True,True,1.1037719067659189,True,False,False,False,Comm
T,2023-05-16 04:00:00,16.53,0.046581972171808816,True,28.960372597682255,-12.927199221622377,2.0196480810353656,-2.8789659224441766,False,True,-3.056027164685926,30.93922651933683,True,4.651162790697579,False,False,-0.7280777064573529,True,False,False,0.7556013938680953,False,False,False,False,Comm
T,2023-05-19 04:00:00,16.31,0.05885959534028218,True,28.264472996441587,-13.753259199480732,1.9975217712977593,-4.2278332354668375,False,True,-3.056027164685926,30.93922651933683,True,5.555555555555445,False,True,-0.7280777064573529,True,False,False,1.319438985377029,True,False,False,False,Comm
T,2023-05-23 04:00:00,16.1,0.08509316770186315,True,27.084646812233945,-14.624905679202627,1.993582531115296,-2.601330913490618,False,False,-0.5837711617046049,45.454545454545844,True,13.043478260870037,False,True,-4.786610995738605,True,True,False,1.316455260506439,True,False,False,False,Comm
T,2023-05-24 04:00:00,15.95,0.09717868338557989,True,25.584866418447987,-15.29035064919709,1.9447237965178312,-4.261704681872757,False,False,-0.5837711617046049,45.454545454545844,True,0.0,False,True,-4.786610995738605,True,True,False,1.0066835789822122,True,False,False,False,Comm
T,2023-05-25 04:00:00,15.15,0.13993399339933998,True,19.411230940116564,-19.382374501975214,2.3490734521828016,-8.459214501510582,False,False,-0.5837711617046049,45.454545454545844,True,22.388059701492594,False,False,-4.786610995738605,True,True,False,2.7548287354286662,True,True,False,False,Comm
T,2023-05-26 04:00:00,15.5,0.10451612903225804,True,27.6380310523877,-17.375884492180177,2.348617587130888,-4.966278356836284,False,False,-0.5837711617046049,45.454545454545844,True,11.363636363636537,False,False,-4.786610995738605,True,True,False,1.3279727003502693,True,False,False,False,Comm
T,2023-06-02 04:00:00,15.21,0.20644312952005262,True,28.37616941631226,-18.382046106125504,2.539830128177235,0.3960396039603964,False,True,-4.2278332354668375,2.484472049689389,False,40.35087719298251,True,True,-1.106087912067577,True,True,False,2.4588744744482867,True,True,False,True,Comm
T,2023-07-14 04:00:00,14.5,0.30000000000000004,True,25.432197577963652,-19.051568602060375,2.1285617106521095,-7.110826393337599,False,False,3.2362459546925626,4.958677685950598,False,40.384615384615444,True,True,-2.438237325164039,True,True,True,2.6095874032300532,True,True,False,False,Comm
T,2023-07-17 04:00:00,13.53,0.41611234294161137,True,18.11199249238097,-24.282404935404955,2.656709336173174,-11.394891944990182,True,True,-2.131661442006272,11.428571428571422,False,6.849315068493,False,True,-1.5634563373595145,True,True,True,3.5362982102829332,True,True,True,False,Comm
T,2023-07-18 04:00:00,13.45,0.4237918215613383,True,17.660505313905286,-24.544432847857266,2.779015428250131,-11.68745896257387,True,True,-2.131661442006272,11.428571428571422,False,3.571428571428492,False,False,-1.5634563373595145,True,True,True,2.708825277668412,True,True,False,False,Comm
PFE,2022-02-18 05:00:00,48.53,-0.12672573665773745,False,29.486154505533552,2.978944507037498,3.091366249821416,-4.430878298542728,False,True,-2.4480029449659435,35.04273504273511,True,25.095057034220446,False,False,-3.047326035920439,True,False,False,0.7588277054878231,False,False,False,False,Health
PFE,2022-02-22 05:00:00,47.53,-0.11003576688407335,False,26.418226610587876,0.8483803506398839,3.1090319698082918,-4.558232931726902,False,True,-4.188679245283011,28.037863977775583,False,19.170984455958717,False,False,1.3004464479830613,False,False,False,1.014840637534832,True,False,False,True,Health
PFE,2022-02-23 05:00:00,46.87,-0.10923831875400036,False,24.59905350283219,-0.5465344183972161,3.1379191133909066,-5.864631452098823,False,True,-4.188679245283011,28.037863977775583,False,6.521739130434537,False,False,1.3004464479830613,False,False,False,0.7723331746809705,False,False,False,True,Health
PFE,2022-02-24 05:00:00,45.96,-0.11270670147954742,False,22.317178773669568,-2.4534170841077287,3.1999339409738488,-7.487922705314009,False,True,-4.188679245283011,28.037863977775583,False,33.9483394833948,True,False,1.3004464479830613,False,False,False,1.3152994147811237,True,False,False,True,Health
PFE,2022-03-01 05:00:00,45.75,-0.11213114754098363,False,28.977155732090974,-2.8796807818264623,3.347072549729694,-3.7450031559015384,False,True,-4.430878298542728,12.81553398058248,False,18.26968411126837,False,True,-1.6114047573135504,True,False,False,0.8983966401486064,False,False,False,False,Health
PFE,2022-08-31 04:00:00,45.23,-0.2089321246959982,False,28.054996509016096,-8.676540949867677,2.2332914649044864,-4.6384145055871855,False,True,-1.9157852724007163,42.77777777777763,True,8.65800865800821,False,False,-3.234381681538867,True,True,True,1.4771034015676363,True,False,False,False,Health
PFE,2022-10-07 04:00:00,42.32,-0.21620982986767479,False,29.96909825346938,-12.727137620510224,2.246165881759766,-3.290676416819005,False,True,-4.236367586356726,23.728813559321836,False,35.352461919943444,True,True,-1.1495025058776087,True,True,True,1.0503912135233315,True,False,False,True,Health
PFE,2022-10-10 04:00:00,41.75,-0.20694610778443112,False,27.6767173703202,-13.78333189983508,2.263046401212921,-5.414589941096515,False,True,-0.7259528130671544,7.894736842104935,False,0.0,False,False,-4.389121493657299,True,True,True,0.9242967079444167,False,False,False,True,Health
PFE,2022-10-11 04:00:00,41.92,-0.21469465648854957,False,29.410957153760517,-13.316413566100108,2.2845699874903094,-5.7130004498425535,False,True,-0.7259528130671544,7.894736842104935,False,19.11111111111078,False,False,-4.389121493657299,True,True,True,1.07285853947643,True,False,False,True,Health
PFE,2023-01-18 05:00:00,45.0,-0.37155555555555553,False,27.726069573559982,-7.401282480594494,2.7128224113281285,-5.501889962200746,False,True,-0.6245120999219367,74.6268656716418,True,3.409090909091028,False,False,0.6234944130954823,False,False,True,1.75866341645841,True,False,False,False,Health
PFE,2023-01-19 05:00:00,44.96,-0.370329181494662,False,27.609310835544555,-7.414650061081766,2.6213794970560427,-5.247629083245531,False,True,-0.6245120999219367,74.6268656716418,True,12.698412698412376,False,False,0.6234944130954823,False,False,True,1.346198540534556,True,False,False,False,Health
PFE,2023-01-23 05:00:00,44.98,-0.37016451756336144,False,28.376952102523102,-7.240476619829074,2.442624221843621,-5.9979101358411775,False,True,-6.029065200314221,34.510869565217476,True,31.999999999999318,True,True,5.356065664589971,False,False,True,0.9356705248950279,False,False,False,True,Health
PFE,2023-01-24 05:00:00,44.71,-0.38559606352046527,False,27.43398153779281,-7.725690309138105,2.4144488089606653,-2.973090277777768,False,True,-6.029065200314221,34.510869565217476,True,69.9999999999999,True,True,5.356065664589971,False,False,True,0.9006114787345173,False,False,False,True,Health
PFE,2023-01-26 05:00:00,44.25,-0.37898305084745765,False,27.64989882481491,-8.533185229770988,2.417839393061075,-1.5791814946619187,False,True,-6.029065200314221,34.510869565217476,True,85.50724637681238,True,True,5.356065664589971,False,False,True,1.6897977231478707,True,False,False,True,Health
PFE,2023-01-27 05:00:00,43.79,-0.38296414706554005,False,26.067405339871343,-9.398527511601301,2.360066079761171,-2.92618044779428,False,True,-6.029065200314221,34.510869565217476,True,1.785714285713923,False,True,5.356065664589971,False,False,True,1.014840642675223,True,False,False,True,Health
PFE,2023-01-30 05:00:00,43.55,-0.37818599311136625,False,25.255251729470515,-9.80628385370078,2.3249381945639525,-3.1791907514450823,False,True,-5.726227795193317,22.380952380952312,False,20.945945945945287,False,True,1.6317633988140123,False,False,False,1.007435289953833,True,False,False,True,Health
PFE,2023-02-23 05:00:00,42.3,-0.35744680851063826,False,29.597578427758314,-11.011440943576885,1.8188644403985064,-2.3545706371191244,False,True,-0.40853381752156137,58.98617511520739,True,13.207547169811345,False,False,-4.078394710499367,True,True,True,0.9055341630500514,False,False,False,False,Health
PFE,2023-02-24 05:00:00,41.75,-0.35592814371257486,False,26.719300267097683,-12.062027616565532,1.8472088208300053,-2.79394644935973,False,True,-0.40853381752156137,58.98617511520739,True,44.954128440366944,True,False,-4.078394710499367,True,True,True,0.7562488659961836,False,False,False,False,Health
PFE,2023-02-27 05:00:00,40.78,-0.33692986758214816,False,22.553614847707454,-13.984414842187917,1.9347239324344667,-5.6236982180050905,False,True,-1.52689152233364,38.88888888888894,True,5.000000000000426,False,False,-2.372804854128241,True,True,True,1.1792287973469613,True,False,False,False,Health
PFE,2023-02-28 05:00:00,40.57,-0.34532906088242543,False,21.762565239905058,-14.304338143906278,1.9273117812965388,-4.9882903981264715,False,True,-1.52689152233364,38.88888888888894,True,66.13969995160518,True,True,-2.372804854128241,True,True,True,1.3703647119042335,True,False,False,False,Health
PFE,2023-03-01 05:00:00,40.18,-0.33822797411647587,False,20.336026240259788,-15.000182689252744,1.918124700585948,-5.191127890514402,False,True,-1.52689152233364,38.88888888888894,True,7.200000000000273,False,True,-2.372804854128241,True,True,True,0.9929523716374773,False,False,False,False,Health
PFE,2023-03-02 05:00:00,40.62,-0.36262924667651397,False,26.212654294358327,-13.948907176591147,1.9332722376451863,-3.9716312056737535,False,True,-1.52689152233364,38.88888888888894,True,26.153846153846377,False,True,-2.372804854128241,True,True,True,0.9107519202875012,False,False,False,False,Health
PFE,2023-03-07 05:00:00,40.34,-0.3358948934060486,False,28.292647969062177,-14.201466560779574,1.898850222182558,-0.5669213704707854,False,True,-3.378847489007175,17.192982456140204,False,23.300970873786575,False,True,-2.0005063843929194,True,True,True,1.1426219930671222,True,False,False,False,Health
PFE,2023-03-08 05:00:00,40.12,-0.32153539381854435,False,27.22470202720234,-14.544647175526018,1.8907118528645799,-0.1493280238924921,False,True,-3.378847489007175,17.192982456140204,False,32.48715624055553,True,True,-2.0005063843929194,True,True,True,0.8368079401928413,False,False,False,False,Health
PFE,2023-03-09 05:00:00,39.46,-0.281044095286366,False,24.26552283083999,-15.816835270544313,2.013104905473988,-2.855736090595762,False,True,-3.378847489007175,17.192982456140204,False,11.904761904761811,False,False,-2.0005063843929194,True,True,True,0.9312551648109822,False,False,False,False,Health
PFE,2023-03-10 05:00:00,39.39,-0.2889058136582888,False,23.96796046872247,-15.832457081071594,1.9995694237298203,-4.277035236938032,False,True,-3.378847489007175,17.192982456140204,False,8.57142857142886,False,False,-2.0005063843929194,True,True,True,1.301246340515512,True,False,False,False,Health
PFE,2023-04-26 04:00:00,38.63,-0.34247993787212017,False,29.244056881265323,-14.312200719154827,1.621360998930668,-4.000994035785288,False,False,-0.746987951807232,20.754716981131924,False,29.113924050633443,False,True,-3.3938014386160287,True,True,True,1.1352431808617116,True,False,False,True,Health
PFE,2023-05-11 04:00:00,37.58,-0.243214475784992,False,28.440645841079444,-15.362720591126461,1.7154936987372238,-1.7002354172116152,False,True,-3.282765481223582,30.687830687830587,True,84.26966292134827,True,True,-0.08050385578560748,True,True,True,1.3119722339709694,True,False,False,True,Health
PFE,2023-05-12 04:00:00,37.35,-0.24016064257028114,False,26.98029228710917,-15.747590903281273,1.6964759831346023,-2.9618082618862007,False,True,-3.282765481223582,30.687830687830587,True,24.489795918368177,False,True,-0.08050385578560748,True,True,True,0.7673789067534316,False,False,False,True,Health
PFE,2023-05-15 04:00:00,37.16,-0.22443487621097946,False,25.80166435988522,-16.041046288703242,1.6515914070640587,-3.904835790018113,False,True,-1.0285420416559443,22.43436754176607,False,43.66197183098462,True,True,0.6505906391138128,False,False,True,0.7741617913658724,False,False,False,True,Health
PFE,2023-05-16 04:00:00,37.01,-0.21858957038638194,False,24.877684767849203,-16.243444566423445,1.618965486016339,-3.8201663201663183,False,True,-1.0285420416559443,22.43436754176607,False,43.90243902438978,True,True,0.6505906391138128,False,False,True,1.1646687446361772,True,False,False,True,Health
PFE,2023-05-17 04:00:00,36.75,-0.22068027210884356,False,23.318888774413455,-16.692320545062024,1.618917131753238,-4.046997389033935,False,True,-1.0285420416559443,22.43436754176607,False,44.44444444444488,True,True,0.6505906391138128,False,False,True,1.047561241906255,True,False,False,True,Health
PFE,2023-05-18 04:00:00,36.48,-0.21792763157894723,False,21.791855073167063,-17.161743690487754,1.6338456682626674,-2.927088877062267,False,True,-1.0285420416559443,22.43436754176607,False,50.819672131146795,True,True,0.6505906391138128,False,False,True,1.2324223600436572,True,False,False,True,Health
PFE,2023-05-19 04:00:00,36.77,-0.223279847701931,False,27.2986884241126,-16.365879373147905,1.733235498109655,-1.5528781793841984,False,True,-1.0285420416559443,22.43436754176607,False,11.463844797177726,False,True,0.6505906391138128,False,False,True,1.4237091802576083,True,False,False,True,Health
PFE,2023-09-18 04:00:00,33.64,-0.11563614744351969,False,29.616744090377743,-15.293248784826558,1.966476778521867,-0.8839127872716457,False,True,-4.2761319172722185,9.333333333333371,False,29.41176470588278,False,True,1.8415923619015784,False,False,True,1.0488268364358568,True,False,False,True,Health
PFE,2023-09-21 04:00:00,32.85,-0.10776255707762561,False,27.031274538770393,-16.897165212005376,1.9859469958903884,-3.8067349926793503,False,True,-4.2761319172722185,9.333333333333371,False,2.6315789473688147,False,False,1.8415923619015784,False,False,True,1.0853550049631175,True,False,False,True,Health
PFE,2023-09-22 04:00:00,32.69,-0.09758335882532876,False,26.042998814318356,-17.15931060069212,1.9820361504063952,-4.050484297035517,False,True,-4.2761319172722185,9.333333333333371,False,32.2033898305079,True,False,1.8415923619015784,False,False,True,1.1276757237653479,True,False,False,True,Health
PFE,2023-09-26 04:00:00,32.4,-0.10586419753086418,False,27.083642526558872,-17.61421783306917,1.9776465635072862,-4.677846425419252,False,True,-0.5255474452554698,49.07407407407426,True,6.666666666666508,False,True,-2.9083045771831295,True,False,True,0.9997446095644068,False,False,False,True,Health
PFE,2023-09-27 04:00:00,32.1,-0.09376947040498451,False,25.314450241359744,-18.227523096980146,1.9870599300161749,-4.521118381915512,False,True,-0.5255474452554698,49.07407407407426,True,33.33333333333373,True,True,-2.9083045771831295,True,False,True,1.0040365928878106,True,False,False,True,Health
PFE,2023-09-28 04:00:00,32.09,-0.09816142100342795,False,25.255228293004997,-18.104256813074237,1.967146215545007,-2.3135464231354597,False,True,-0.5255474452554698,49.07407407407426,True,52.346041055718864,True,True,-2.9083045771831295,True,False,True,1.0499459742624946,True,False,False,True,Health
PFE,2023-11-13 05:00:00,28.98,-0.07798481711525196,False,29.42151738165483,-21.863066631266946,2.6372454076678076,-7.055805003207183,True,False,3.819329126536042,31.952662721893414,True,11.62790697674436,False,False,-0.37719992850995254,True,True,False,1.1765940564767146,True,False,False,True,Health
PFE,2023-12-13 05:00:00,26.66,-0.04051012753188299,False,25.509119579995552,-25.1752564065629,3.043894161961119,-7.398402222994093,True,True,-5.213114754098358,24.897959183673454,False,53.608247422680435,True,True,2.926143739363396,False,False,False,3.7244113454713275,True,True,True,True,Health
PFE,2023-12-14 05:00:00,26.13,-0.03367776502104858,False,23.402290199282486,-26.46768796159365,3.24053588828518,-8.73209919664687,True,True,-5.213114754098358,24.897959183673454,False,9.19540229885038,False,True,2.926143739363396,False,False,False,2.2448808161137777,True,True,False,True,Health
PFE,2023-12-15 05:00:00,26.63,-0.007510326699211367,False,29.332026143411454,-24.8733046456164,3.196495992413478,-7.470465601111886,True,True,-5.213114754098358,24.897959183673454,False,5.498130635583971,False,False,2.926143739363396,False,False,False,2.693885154119346,True,True,False,True,Health
PFE,2024-04-16 04:00:00,25.69,-0.13818606461658234,False,29.5913798333211,-17.12759543585924,1.9102050886971262,-4.07020164301718,False,True,-3.927927927927932,20.394736842105186,False,3.2786885245906796,False,False,0.26126046406644843,False,False,True,0.8280405970905227,False,False,False,False,Health
PFE,2024-04-17 04:00:00,25.42,-0.13296616837136122,False,27.1378353355243,-17.851458183130525,1.9134292274704372,-3.419452887537988,False,True,-3.927927927927932,20.394736842105186,False,37.20930232558145,True,True,0.26126046406644843,False,False,True,1.2303175289952057,True,False,False,False,Health
PFE,2024-04-18 04:00:00,25.39,-0.1126427727451752,False,26.87123631807995,-17.801608653010003,1.8435599575476307,-3.6066818526955147,False,True,-3.927927927927932,20.394736842105186,False,52.17391304347859,True,True,0.26126046406644843,False,False,True,1.0018904409773601,True,False,False,False,Health
PFE,2024-11-15 05:00:00,24.8,0.003225806451612856,True,22.871762264364104,-14.771186652771048,2.641721070302874,-7.18562874251496,False,True,-1.2653778558875173,5.676855895196603,False,26.22950819672136,False,True,-0.7535119192571549,True,True,True,2.6552740844624916,True,True,False,True,Health
PFE,2024-11-18 05:00:00,24.86,-0.018503620273531807,False,23.742680349518633,-14.440991301114451,2.6051341025906414,-5.259146341463417,False,True,-4.877180491278043,0.6993006993005604,False,29.09090909090908,False,False,0.8974336685382722,False,False,True,1.250418208497343,True,False,False,True,Health
PFE,2024-11-19 05:00:00,25.1,-0.0023904382470120167,False,27.27990787306768,-13.49781247419298,2.5382106979944323,-4.161893852615506,False,True,-4.877180491278043,0.6993006993005604,False,17.99999999999997,False,False,0.8974336685382722,False,False,True,0.9966160132601429,False,False,False,True,Health
PFE,2024-11-20 05:00:00,24.94,0.011226944667201089,True,26.400702434610324,-13.928899258569471,2.5009111890124402,-6.661676646706582,False,True,-4.877180491278043,0.6993006993005604,False,64.44444444444464,True,True,0.8974336685382722,False,False,True,0.8579045540682879,False,False,False,True,Health
PFE,2024-11-21 05:00:00,25.13,0.02347791484281725,True,29.314092314784205,-13.158492302237674,2.429780642662764,-3.420445810914685,False,True,-4.877180491278043,0.6993006993005604,False,21.590909090909577,False,True,0.8974336685382722,False,False,True,0.8273334984845664,False,False,False,True,Health
UNP,2022-09-23 04:00:00,203.97,0.004265333137225991,True,28.39655063917708,-10.835921777420534,2.728925631933425,-3.787735849056606,False,False,3.5455925694382495,4.498977505112451,False,36.926147704590775,True,False,-1.043817170700767,True,True,True,0.8865694887235436,False,False,False,False,Industrial
UNP,2022-09-26 04:00:00,200.86,0.00766703176341732,True,26.416648579922267,-12.088758612209814,2.7467768932486694,-7.095282146160953,False,True,-8.573400034500601,15.953798953257497,False,37.184873949580115,True,True,10.316885787659658,False,False,True,1.2297361366887734,True,False,False,True,Industrial
UNP,2022-09-27 04:00:00,197.25,0.03477820025348555,True,24.298802086093882,-13.5511855559379,2.8119967003849573,-7.5116050077366765,False,True,-8.573400034500601,15.953798953257497,False,12.816188870151665,False,True,10.316885787659658,False,False,True,1.717976421064171,True,False,False,True,Industrial
UNP,2022-09-29 04:00:00,199.2,0.017269076305220787,True,29.944126462141195,-12.486477262703428,2.771060594585169,-4.766457905053301,False,True,-8.573400034500601,15.953798953257497,False,58.09523809523749,True,True,10.316885787659658,False,False,True,0.6536255752972754,False,False,False,True,Industrial
UNP,2022-09-30 04:00:00,194.82,0.045991171337645076,True,27.143088287010062,-14.28781746811752,2.7996313504545425,-4.485953816737753,False,True,-8.573400034500601,15.953798953257497,False,1.9565217391304992,False,False,10.316885787659658,False,False,True,1.0145627425075867,True,False,False,True,Industrial
HON,2022-02-18 05:00:00,182.13,0.07335419755119976,True,28.749096282555087,-14.199416976890886,2.6230698558907903,-2.5990694689555616,False,True,-5.193326402297149,17.516405855628463,False,20.16348773841978,False,True,8.5110851835686,False,False,False,1.2722889114093654,True,False,False,True,Industrial
HON,2022-02-22 05:00:00,182.56,0.06825153374233128,True,29.632183117342112,-13.876900558443117,2.5997778683697197,-2.2122234720659884,False,True,-2.3550913838120024,4.223710483324044,False,37.32718894009224,True,False,0.47953908371027865,False,False,False,1.031090642675468,True,False,False,False,Industrial
HON,2022-02-23 05:00:00,178.96,0.07308895842646401,True,26.653736247044407,-15.444166564612566,2.665400416471553,-5.576953516593674,False,True,-2.3550913838120024,4.223710483324044,False,3.1496062992125413,False,False,0.47953908371027865,False,False,False,0.9416318295995278,False,False,False,False,Industrial
HON,2022-06-23 04:00:00,174.57,0.16045139485593185,True,29.47864220259014,-12.709013397550844,2.6624527287986077,-5.622533383791972,False,True,-4.383533518119287,0.5942275042444242,False,28.99824253075568,False,True,1.11680957531195,False,False,False,1.149022909710952,True,False,False,False,Industrial
HON,2022-09-22 04:00:00,173.25,0.10741702741702741,True,29.56491852678384,-10.474586704942773,2.3711554852508128,-2.0411625014135515,False,False,2.568355717266857,35.94771241830076,True,45.05494505494485,True,True,-1.2800060060715435,True,True,True,0.7458842540481809,False,False,False,True,Industrial
HON,2022-09-23 04:00:00,171.38,0.09633562842805454,True,27.798256097311157,-11.339962406779092,2.408363595375417,-3.36622497885537,False,False,2.568355717266857,35.94771241830076,True,33.33333333333333,True,True,-1.2800060060715435,True,True,True,1.0437293619792547,True,False,False,True,Industrial
HON,2022-09-26 04:00:00,170.07,0.10472158522961128,True,26.599146284163105,-11.91233073821807,2.399301795345071,-4.792028214745569,False,True,-7.480828420887898,22.837095386244712,False,34.870317002881265,True,True,9.276213698125503,False,False,True,1.058021142214904,True,False,False,True,Industrial
HON,2022-09-27 04:00:00,170.07,0.10019403774916213,True,26.59914628416311,-11.807795941872522,2.3992811079246246,-3.920682447319357,False,True,-7.480828420887898,22.837095386244712,False,41.4215686274508,True,True,9.276213698125503,False,False,True,0.8630471774783711,False,False,False,True,Industrial
HON,2022-09-30 04:00:00,166.97,0.08486554470863017,True,28.53184543596119,-13.114761269150534,2.5523812399923878,-2.573229081573114,False,True,-7.480828420887898,22.837095386244712,False,7.4398249452954905,False,True,9.276213698125503,False,False,True,1.1676452145107064,True,False,False,True,Industrial
UBER,2022-01-27 05:00:00,34.09,-0.13083015547081267,False,28.61506783916858,-25.441556970695757,6.118125996536772,-9.862506610259114,True,False,0.0,32.91770573566081,True,8.108108108108409,False,False,-0.793010691917384,True,False,False,0.9413278103609816,False,False,False,False,Other
UBER,2022-05-09 04:00:00,23.05,0.6828633405639912,True,25.867508343238306,-41.27290972799573,8.857065982270635,-24.15268180322474,True,False,2.108336036328251,14.381270903010032,False,7.656967840735067,False,True,-2.4176970949691956,True,True,True,1.5584106242961662,True,False,False,True,Other
UBER,2022-05-10 04:00:00,23.67,0.6231516687790453,True,28.667884546299746,-39.454134994174304,8.537086793371344,-19.681031557516103,True,False,2.108336036328251,14.381270903010032,False,49.71428571428577,True,True,-2.4176970949691956,True,True,True,1.2404504603544915,True,False,False,True,Other
UBER,2022-05-11 04:00:00,22.57,0.7035888347363759,True,26.738037091227486,-42.024009443844626,8.83583447429678,-19.679715302491108,True,False,2.108336036328251,14.381270903010032,False,4.2424242424242635,False,False,-2.4176970949691956,True,True,True,1.2911142900088615,True,False,False,True,Other
UBER,2024-08-02 04:00:00,58.99,0.512459738938803,True,28.710029980871035,-8.354053557248363,4.464149109872065,-8.400621118012431,False,True,-7.068894104652779,15.641293013555781,False,78.30882352941188,True,True,7.626857659769382,False,False,True,1.6174766505264606,True,False,False,True,Other
UBER,2024-08-05 04:00:00,58.48,0.5846443228454175,True,27.93140855541872,-9.063621542793445,4.6883208274960815,-8.281053952321205,False,True,-4.323280344673897,4.238921001926762,False,18.1102362204724,False,True,0.28391670563245874,False,False,False,1.747386102803022,True,False,False,True,Other
UBER,2024-12-11 05:00:00,61.18,0.3380189604445898,True,27.51011700801814,-12.022269625292918,4.028685254450804,-15.216186252771614,False,True,0.6292826178156741,37.40157480314927,True,21.276595744680932,False,True,-4.056247603583962,True,True,False,2.786576550312767,True,True,False,False,Other
UBER,2024-12-12 05:00:00,61.41,0.31770070021169206,True,28.33059211978098,-11.588674204505903,4.001412671592461,-5.856201134447348,False,True,0.6292826178156741,37.40157480314927,True,6.986899563318631,False,False,-4.056247603583962,True,True,False,1.6887995005098628,True,False,False,False,Other
UBER,2024-12-13 05:00:00,59.93,0.3205406307358585,True,26.270111685731397,-13.601470506375193,4.107706345632296,-9.320623392343775,False,True,0.6292826178156741,37.40157480314927,True,7.539682539682461,False,False,-4.056247603583962,True,True,False,1.6484252245230215,True,False,False,False,Other
UBER,2024-12-16 05:00:00,60.25,0.32265560165975105,True,27.497935807146753,-13.02642421254451,3.9564587277044048,-8.351080012169144,False,True,-8.157309616453567,19.75982532751095,False,11.016949152542592,False,False,4.458979634474769,False,False,True,1.3196755464468326,True,False,False,True,Other
UBER,2024-12-19 05:00:00,60.21,0.3447932237169904,True,29.477729399074548,-12.769570643362837,3.961586793418047,-1.9540791402051672,False,True,-8.157309616453567,19.75982532751095,False,9.871244635193282,False,False,4.458979634474769,False,False,True,0.9109812759054239,False,False,False,True,Other
DE,2022-05-20 04:00:00,313.31,0.15055376464204784,True,24.011990523779172,-16.366996103987365,5.296595815484405,-14.557255447380623,False,False,-0.0238379022646118,12.53497481813081,False,15.437014530396265,False,True,-0.47120612939073325,True,False,False,4.158610744904843,True,True,True,False,Industrial
DE,2023-05-31 04:00:00,345.98,0.08318399907509089,True,29.167422360597097,-11.045534776435742,2.540076493705271,-4.022414558366627,False,True,-2.788919193539763,6.596891849032622,False,9.217577706323905,False,False,2.193686923903293,False,False,True,1.7138587529752347,True,False,False,True,Industrial
DE,2024-02-22 05:00:00,356.78,0.36664050675486304,True,29.95497636089465,-8.000288249203841,2.1586762904125427,-7.276885493008988,False,True,-2.8807947019867552,6.124681006197812,False,19.639278557114555,False,True,-1.8499981224575412,True,True,True,1.2451888416219643,True,False,False,True,Industrial
AMGN,2023-02-16 05:00:00,234.22,0.2104431730851335,True,21.69560857521264,-7.602244973284275,2.073768951562109,-2.4083333333333345,False,True,-3.343189434259819,49.48019106490579,True,3.621730382293901,False,True,3.310820144530746,False,False,False,1.2051037746809536,True,False,False,True,Health
AMGN,2023-02-28 05:00:00,231.66,0.18203401536734876,True,29.49304439077964,-8.183665085574937,1.9574497928445849,-2.7619207521826783,False,True,-0.8123711340206174,67.39130434782598,True,2.090592334494849,False,True,-1.228582989354432,True,True,False,0.93516850099179,False,False,False,False,Health
AMGN,2023-03-09 05:00:00,225.79,0.21954028079188648,True,27.889064844625693,-10.018094399146086,1.9384171610626568,-3.8127289767402317,False,True,-2.8561925747308092,6.189664963089027,False,8.813559322033623,False,False,-1.933081564100425,True,True,True,0.7517945044303888,False,False,False,False,Health
AMGN,2023-05-03 04:00:00,229.31,0.35750730452226254,True,29.39795155957802,-7.474311763173047,1.8598496706870442,-3.974036850921281,False,True,-2.4559999999999915,13.67231638418089,False,4.508196721311633,False,False,-1.31286843959314,True,True,True,1.5505994175880464,True,False,False,False,Health
AMGN,2023-05-18 04:00:00,224.23,0.4027560986487091,True,29.416190956851327,-8.898271245504253,1.8693369566504963,-3.469800680184254,False,True,-1.3389505297405568,61.28296495913116,True,81.6254416961128,True,True,0.9374733452683692,False,False,True,1.090568351096893,True,False,False,True,Health
AMGN,2023-05-19 04:00:00,223.42,0.4092292543192195,True,28.575677749597553,-9.143944605259927,1.8412146678474337,-4.091006653788365,False,True,-1.3389505297405568,61.28296495913116,True,20.806451612902677,False,True,0.9374733452683692,False,False,True,1.1448547634529438,True,False,False,True,Health
AMGN,2023-05-24 04:00:00,221.32,0.3818904753298391,True,27.669936483124467,-9.752098755204068,1.8787378693907495,-1.6442982845969345,False,True,-1.5135500782141875,47.70384254920307,True,5.6910569105691104,False,False,-3.1629255732736783,True,False,True,0.8205972530911402,False,False,False,False,Health
AMGN,2023-05-25 04:00:00,217.46,0.38043778166099496,True,23.94555826776589,-11.226049233463195,1.9853994325052515,-3.019221335236133,False,True,-1.5135500782141875,47.70384254920307,True,48.9361702127661,True,True,-3.1629255732736783,True,False,True,1.3662195645475188,True,False,False,False,Health
AMGN,2023-05-26 04:00:00,216.93,0.366201078688978,True,23.478269916455755,-11.341469724129126,1.979797461888198,-2.9048428967863082,False,True,-1.5135500782141875,47.70384254920307,True,37.000000000000455,True,True,-3.1629255732736783,True,False,True,1.40658964211685,True,False,False,False,Health
AMGN,2023-05-30 04:00:00,218.53,0.3773852560289206,True,28.043461895888175,-10.592475945841429,1.9648191566690054,-2.4376088218224012,False,True,-4.091006653788365,21.179815209665893,False,7.242990654205658,False,True,2.2982287543668933,False,False,True,1.3888140570237548,True,False,False,True,Health
AMGN,2023-06-01 04:00:00,214.27,0.43473188033789145,True,26.8594195373378,-12.143370608827246,2.1702628721787773,-3.185432857401038,False,True,-4.091006653788365,21.179815209665893,False,28.796400449943825,False,True,2.2982287543668933,False,False,True,1.9880067937157204,True,False,False,True,Health
AMGN,2024-12-05 05:00:00,274.33,0.14406007363394457,True,29.951658231261593,-10.021074357035353,2.9904382377572234,-2.049487628092983,False,False,3.8503578858291254,19.176706827309186,False,20.03395585738537,False,False,1.5778366955501832,False,False,False,0.6926545110407737,False,False,False,True,Health
AMGN,2024-12-06 05:00:00,272.58,0.157018123119818,True,28.928586831540102,-10.500712653718685,2.89620608967517,-3.6377134372680087,False,False,3.8503578858291254,19.176706827309186,False,28.387096774192667,False,True,1.5778366955501832,False,False,False,0.850745484952495,False,False,False,True,Health
AMGN,2024-12-16 05:00:00,266.5,0.21733583489681063,True,28.536512596745826,-11.96467254771068,2.6346996197420163,-4.008932752224181,False,True,-3.6377134372680087,10.08156905874774,False,4.327666151467914,False,False,-2.675779019045099,True,False,False,0.8198705110652097,False,False,False,False,Health
AMGN,2024-12-17 05:00:00,265.95,0.2309832675314909,True,28.18487592774864,-12.040051192180945,2.5978773756066444,-3.55394378966456,False,True,-3.6377134372680087,10.08156905874774,False,11.959394962919376,False,False,-2.675779019045099,True,False,False,1.0299057338849853,True,False,False,False,Health
AMGN,2024-12-18 05:00:00,258.78,0.2805858257979752,True,24.028122637175915,-14.288539362553406,2.7140459476206025,-5.350938151494111,False,True,-3.6377134372680087,10.08156905874774,False,1.1750881316094712,False,False,-2.675779019045099,True,False,False,0.8805297819284313,False,False,False,False,Health
AMGN,2024-12-19 05:00:00,261.19,0.2691527240706,True,27.878349747510935,-13.374034784827277,2.7295210750325083,-4.69605195942494,False,True,-3.6377134372680087,10.08156905874774,False,55.26161081716627,True,False,-2.675779019045099,True,False,False,1.016957781512752,True,False,False,False,Health
AMGN,2024-12-30 05:00:00,259.3,0.2635557269571924,True,28.72383220200567,-13.353161849192539,2.334824788764736,-1.5490925658743993,False,True,-2.6753381124824505,51.985559566786954,True,26.143790849673554,False,False,0.9225772692551981,False,False,False,0.7518704512884862,False,False,False,True,Health
COP,2022-12-09 05:00:00,110.02,0.009452826758771238,True,29.046798780103774,3.7751842019160318,4.047851697538937,-9.95252905549191,False,False,-1.384244498016951,36.957790313168694,True,6.880189798339094,False,False,-0.9319760484850392,True,True,False,1.0187354499573216,True,False,False,False,Energy
COP,2023-03-15 04:00:00,95.24,0.26039479210415806,True,28.510437496444833,-12.466635019377447,4.113848423765945,-11.181572321178779,False,False,3.220902612826615,33.164660831509835,True,32.22656249999989,True,True,-2.5614810900589036,True,True,False,1.5294135874351877,True,False,False,False,Energy
COP,2023-03-17 04:00:00,94.39,0.29272168661934517,True,29.198354156221487,-13.035549646987011,4.189130319907537,-9.431970830934555,False,False,3.220902612826615,33.164660831509835,True,25.797101449275356,False,False,-2.5614810900589036,True,True,False,2.2317866227990693,True,True,False,False,Energy
COP,2024-08-05 04:00:00,104.57,-0.11446877689585921,False,28.890632890135148,-9.68077157884797,2.4593423653971382,-4.16972140762465,False,True,-3.052033231307383,24.866310160427645,False,56.967347743249434,True,True,-1.0117243288353173,True,False,True,1.3960330086409747,True,False,False,True,Energy
COP,2024-12-16 05:00:00,99.57,-0.07371698302701601,False,29.02974816774006,-10.27603296815404,2.270207773192532,-3.4800310197751094,False,True,-4.725863023813925,12.93375394321758,False,6.796116504853746,False,False,0.291863914539503,False,False,True,0.9768248754243448,False,False,False,False,Energy
COP,2024-12-17 05:00:00,98.26,-0.06431915326684312,False,26.620332749600465,-11.355442591270245,2.341150041942764,-4.005470887065254,False,True,-4.725863023813925,12.93375394321758,False,60.159362549800875,True,True,0.291863914539503,False,False,True,1.1201206184522312,True,False,False,False,Energy
COP,2024-12-18 05:00:00,95.85,-0.0264997391757954,False,22.86112412259865,-13.413040961412978,2.433890931199678,-6.204129562579508,False,True,-4.725863023813925,12.93375394321758,False,3.6297640653355527,False,False,0.291863914539503,False,False,True,1.0624186036414496,True,False,False,False,Energy
COP,2024-12-19 05:00:00,95.18,-0.025740701828115164,False,21.93378419630174,-13.898191957035632,2.417787196305766,-5.678327222277268,False,True,-4.725863023813925,12.93375394321758,False,4.232804232804893,False,False,0.291863914539503,False,False,True,1.2047544861753847,True,False,False,False,Energy
COP,2024-12-20 05:00:00,95.12,-0.03490328006728349,False,21.84831287565576,-13.83284287624192,2.4079544706513394,-5.840427638091461,False,True,-4.725863023813925,12.93375394321758,False,24.41860465116249,False,False,0.291863914539503,False,False,True,3.2416321380593756,True,True,True,False,Energy
COP,2024-12-23 05:00:00,96.38,-0.050217887528532734,False,28.177813521976717,-12.58104080624978,2.377182714425503,-3.203776237822631,False,True,-2.1313698895562894,9.843400447427245,False,36.95652173913085,True,False,-1.916281485022886,True,False,True,0.8643620349709874,False,False,False,False,Energy
BMY,2023-07-17 04:00:00,61.85,-0.30234438156831045,False,29.796096784730995,-10.12133595883805,1.5295567531962915,-1.0083226632522369,False,True,-2.0328381548084473,1.0526315789473086,False,72.95081967213126,True,True,-0.6552863566163913,True,True,True,0.8615955332412851,False,False,False,False,Health
BMY,2023-10-03 04:00:00,57.22,-0.05277874868926946,False,29.750709610027375,-12.436518537291146,1.5472901887180024,-2.2548684660061546,False,True,-0.22022700321870925,50.4424778761061,True,10.752688172043166,False,True,-3.939535006447026,True,False,True,0.930179072009636,False,False,False,False,Health
BMY,2023-10-04 04:00:00,56.73,-0.04882778071567062,False,27.270471895803105,-13.072307367483655,1.578866409533597,-2.0038003109345337,False,True,-0.22022700321870925,50.4424778761061,True,40.776699029125645,True,True,-3.939535006447026,True,False,True,0.9911420789626548,False,False,False,False,Health
BMY,2023-10-05 04:00:00,56.42,-0.05281814959234321,False,25.804768025655367,-13.430627238020577,1.58872004401546,-2.958376332989332,False,True,-0.22022700321870925,50.4424778761061,True,27.388535031846782,False,True,-3.939535006447026,True,False,True,0.6847950104680052,False,False,False,False,Health
BMY,2023-10-06 04:00:00,56.66,-0.0737733851041299,False,28.98695678362357,-12.949234233276924,1.5584975587257068,-2.377670572019297,False,True,-0.22022700321870925,50.4424778761061,True,11.267605633802564,False,True,-3.939535006447026,True,False,True,0.7625110859683746,False,False,False,False,Health
BMY,2023-10-09 04:00:00,56.61,-0.06730259671436145,False,28.71068474234709,-12.913177392160987,1.6295179193557188,-2.143474503025067,False,True,-1.46010186757215,25.748502994011936,False,28.222996515679476,False,False,-2.2145932143379787,True,True,True,0.7453436393823832,False,False,False,False,Health
BMY,2023-10-10 04:00:00,56.39,-0.07075722645859195,False,27.47008502735308,-13.137082871720699,1.586794926141229,-1.4505417686123678,False,True,-1.46010186757215,25.748502994011936,False,29.906542056075253,False,False,-2.2145932143379787,True,True,True,1.1450806718945536,True,False,False,False,Health
BMY,2023-10-12 04:00:00,56.26,-0.06381087806612151,False,28.823773797492404,-13.113008690144163,1.5466649769821026,-0.28358738036158293,False,True,-1.46010186757215,25.748502994011936,False,52.87356321839063,True,True,-2.2145932143379787,True,True,True,1.0096966604258777,True,False,False,False,Health
BMY,2023-10-26 04:00:00,52.97,-0.006229941476307288,False,22.770590605216643,-17.15630678537635,2.0094453451153074,-6.214589235127477,False,False,-0.3353335686551273,28.222996515679476,False,2.1097046413500933,False,False,-2.7948852699367865,True,True,True,2.164014709597579,True,True,False,True,Health
BMY,2023-10-27 04:00:00,51.02,0.029008232065856454,True,18.117828522508052,-20.045302591754254,2.4244332182055373,-9.635139922068714,True,False,-0.3353335686551273,28.222996515679476,False,56.04395604395614,True,False,-2.7948852699367865,True,True,True,1.5003826715663473,True,False,False,True,Health
BMY,2023-10-30 04:00:00,51.25,0.027512195121951244,True,20.189284289091592,-19.527242511291355,2.469030768372133,-8.482142857142861,False,True,-0.017708517797054846,38.44155844155846,True,60.550458715596264,True,True,-1.1425091039930169,True,True,True,2.2889272928347517,True,True,False,True,Health
BMY,2023-10-31 04:00:00,51.53,0.08228216572870184,True,22.7513604230995,-18.93362014846134,2.417443028233114,-8.178902352102636,False,True,-0.017708517797054846,38.44155844155846,True,71.71717171717218,True,True,-1.1425091039930169,True,True,True,1.1154498408835885,True,False,False,True,Health
BMY,2023-11-01 04:00:00,51.28,0.05928237129485181,True,22.070117305466344,-19.171477740902027,2.3580913056929473,-9.41529765059177,False,True,-0.017708517797054846,38.44155844155846,True,14.965986394557756,False,True,-1.1425091039930169,True,True,True,0.8590433667604118,False,False,False,True,Health
BMY,2023-11-02 04:00:00,51.13,0.08449051437512223,True,21.651214798330027,-19.25197525792418,2.2910759520929096,-3.473664338304694,False,True,-0.017708517797054846,38.44155844155846,True,19.117647058823913,False,True,-1.1425091039930169,True,True,True,1.0024826487810543,True,False,False,True,Health
BMY,2023-11-09 05:00:00,50.41,0.18666931164451506,True,27.515454653102097,-19.697253042588247,2.4414902738105955,-1.4081752395853853,False,True,-9.635139922068714,21.01648351648353,False,2.040816326530369,False,True,15.811625218509295,False,False,True,0.8264924256815508,False,False,False,True,Health
BMY,2023-11-10 05:00:00,50.61,0.16617269314364758,True,29.156494776918777,-19.22289818890986,2.4162105472327573,-4.184021204089361,False,True,-9.635139922068714,21.01648351648353,False,91.96428571428544,True,True,15.811625218509295,False,False,True,0.8623462697193361,False,False,False,True,Health
BMY,2023-11-13 05:00:00,50.15,0.16470588235294104,True,27.608298759423878,-19.797826497713633,2.3510858928085,-5.00094714908127,False,False,3.5280282242257988,51.13043478260866,True,14.754098360655146,False,True,0.6846201615102743,False,False,False,0.8189313464224419,False,False,False,True,Health
BMY,2023-11-20 05:00:00,48.9,0.18364008179959113,True,28.625778138842975,-21.057801661817415,2.576080633431809,-2.4925224327018936,True,True,-4.184021204089361,25.94458438287157,False,20.571428571428537,False,True,3.59237249270421,False,False,False,1.7890514958278803,True,False,False,True,Health
BMY,2023-11-21 05:00:00,48.48,0.20111386138613874,True,27.34612542493915,-21.56619858488366,2.4997266305289374,-4.038004750593838,True,True,-4.184021204089361,25.94458438287157,False,5.0847457627108845,False,False,3.59237249270421,False,False,False,0.9236633704075125,False,False,False,True,Health
BMY,2024-02-05 05:00:00,47.98,0.19674864526886204,True,29.849999323142537,-16.291972182604127,2.066786807689715,-3.789853619410466,False,True,-0.8181999600877954,22.362869198312378,False,34.09090909090867,True,True,-3.6436016856680298,True,True,True,0.9612667325948592,False,False,False,False,Health
BMY,2024-04-17 04:00:00,47.84,0.022993311036789255,True,29.432462770356658,-12.851797255405181,1.9532730898016066,-4.871743885464297,False,True,-5.366033560759719,15.895953757225382,False,16.470588235294294,False,False,3.375002292359852,False,False,False,1.0324320074878939,True,False,False,False,Health
BMY,2024-04-25 04:00:00,44.7,0.10111856823266208,True,23.354221689530746,-17.983889413248207,2.487908578186983,-7.453416149068315,False,True,-5.923616523772401,0.584795321637518,False,10.543130990415499,False,True,2.9139897291929007,False,False,False,3.505483629799884,True,True,True,True,Health
BMY,2024-04-26 04:00:00,44.85,0.11928651059085849,True,24.540237803935696,-17.56340963788368,2.4665132581373714,-8.338442673206615,False,True,-5.923616523772401,0.584795321637518,False,33.00970873786391,True,True,2.9139897291929007,False,False,False,1.6118505091910935,True,False,False,True,Health
BMY,2024-04-29 04:00:00,44.64,0.1113351254480286,True,23.98076610381064,-17.8025949757687,2.43711686373047,-9.157509157509159,False,False,1.346313173156588,50.16835016835002,True,12.941176470588148,False,False,-2.899713149624661,True,False,False,1.2125893541445598,True,False,False,True,Health
BMY,2024-04-30 04:00:00,43.94,0.15088757396449703,True,22.1666586077715,-18.93754207482776,2.4340133597114026,-10.308226168605849,False,False,1.346313173156588,50.16835016835002,True,1.2048192771081965,False,False,-2.899713149624661,True,False,False,1.2706162714792477,True,False,False,True,Health
BMY,2024-05-01 04:00:00,44.21,0.13232300384528384,True,24.53791848338111,-18.28951420522684,2.3662343867488724,-9.516987310683579,False,False,1.346313173156588,50.16835016835002,True,32.61455525606445,True,False,-2.899713149624661,True,False,False,0.9406837804173747,False,False,False,True,Health
BMY,2024-05-02 04:00:00,43.7,0.08855835240274601,True,23.105965702724603,-19.077256987355938,2.4005326725991827,-2.2371364653243853,False,False,1.346313173156588,50.16835016835002,True,33.76264949402055,True,False,-2.899713149624661,True,False,False,1.1081113481643061,True,False,False,True,Health
BMY,2024-05-03 04:00:00,43.99,0.08251875426233224,True,25.759026137935983,-18.389686357308506,2.3191027365043926,-1.917502787068004,False,False,1.346313173156588,50.16835016835002,True,33.333333333332966,True,True,-2.899713149624661,True,False,False,0.8374199173021051,False,False,False,True,Health
BMY,2024-05-06 04:00:00,43.9,0.06788154897494314,True,25.465373610471197,-18.405996608072748,2.294541623697961,-1.65770609318997,False,True,-8.338442673206615,9.7701149425287,False,14.285714285714043,False,True,8.217853438565381,False,False,False,0.6383883457443872,False,False,False,True,Health
BMY,2024-05-07 04:00:00,44.04,0.054722979109900205,True,26.8621178639367,-17.997728654997857,2.1928034654282245,0.2275830678197588,False,True,-8.338442673206615,9.7701149425287,False,34.11764705882282,True,True,8.217853438565381,False,False,False,0.767080733686334,False,False,False,True,Health
BMY,2024-05-08 04:00:00,43.67,0.10327455919395456,True,25.501955749499437,-18.535193698052375,2.1621967352987785,-1.221443112418008,False,True,-8.338442673206615,9.7701149425287,False,17.293233082707086,False,False,8.217853438565381,False,False,False,0.8285329037198361,False,False,False,True,Health
BMY,2024-05-20 04:00:00,43.36,0.08464022140221417,True,29.34855418709816,-18.034379767036175,2.026769321848724,-3.7727474478473244,False,False,2.159581723118875,45.08474576271176,True,6.802721088434993,False,True,-3.06778084026208,True,True,False,0.6882583128589539,False,False,False,False,Health
BMY,2024-05-21 04:00:00,42.27,0.10835107641353203,True,24.79929938117197,-19.93477285452034,2.1299289116558326,-5.457392082308199,False,False,2.159581723118875,45.08474576271176,True,1.6949152542375536,False,False,-3.06778084026208,True,True,False,1.1341218391650527,True,False,False,False,Health
BMY,2024-05-22 04:00:00,42.34,0.10746339159187523,True,25.59692784749105,-19.643852110883067,2.156669202112148,-4.960718294051613,False,False,2.159581723118875,45.08474576271176,True,28.68389367416863,False,False,-3.06778084026208,True,True,False,1.0805571518228942,True,False,False,False,Health
BMY,2024-05-23 04:00:00,41.54,0.13071738083774664,True,22.641257873536297,-20.99579626055547,2.192506125295015,-5.826343232827025,True,False,2.159581723118875,45.08474576271176,True,9.876543209876305,False,False,-3.06778084026208,True,True,False,0.8946217033121122,False,False,False,False,Health
BMY,2024-05-24 04:00:00,41.24,0.16028128031037836,True,21.632491519180096,-21.39768782618691,2.155495977867905,-6.336588689529865,True,False,2.159581723118875,45.08474576271176,True,28.099173553719435,False,False,-3.06778084026208,True,True,False,1.2709931610219352,True,False,False,False,Health
BMY,2024-05-28 04:00:00,40.49,0.19239318350209933,True,19.31551791051896,-22.651480988411567,2.205314369781853,-6.619003690036895,True,True,-2.024922118380057,17.199017199017238,False,11.640211640211577,False,False,-1.3426970263135884,True,True,False,1.0772229443005317,True,False,False,False,Health
BMY,2024-05-29 04:00:00,40.25,0.21217391304347832,True,18.62795202975401,-22.93273976864484,2.1957610023461833,-4.778802933522597,True,True,-2.024922118380057,17.199017199017238,False,41.17647058823496,True,True,-1.3426970263135884,True,True,False,1.216022346769009,True,False,False,False,Health
BMY,2024-05-30 04:00:00,40.25,0.19478260869565234,True,18.62795202975401,-22.75648051180534,2.161369910341865,-4.936230514879558,True,True,-2.024922118380057,17.199017199017238,False,33.33333333333368,True,True,-1.3426970263135884,True,True,False,1.1756048821063827,True,False,False,False,Health
BMY,2024-05-31 04:00:00,41.09,0.16695059625212938,True,28.901197331432268,-20.978185908655508,2.145876309123493,-1.0832932113625349,True,True,-2.024922118380057,17.199017199017238,False,12.077294685990378,False,True,-1.3426970263135884,True,True,False,2.0436362723246244,True,True,False,False,Health
ADP,2022-01-26 05:00:00,197.46,0.11820115466423586,True,17.735651893827402,-6.722113891566209,3.1320742046387138,-12.173642307521238,False,True,-4.2245854965667355,16.560509554140094,False,7.840263160137498,False,False,2.4621893840243603,False,False,False,3.016138722623912,True,True,True,True,Other
ADP,2022-01-27 05:00:00,196.42,0.13201303329599834,True,17.357842496468447,-7.146752692969098,3.142672350001996,-10.843810993599934,False,True,-4.2245854965667355,16.560509554140094,False,30.897009966777112,True,False,2.4621893840243603,False,False,False,1.7504940201943564,True,False,False,True,Other
ADP,2023-10-25 04:00:00,218.33,0.31892089955571823,True,19.003535309644587,-7.132218478215514,2.343611600323567,-12.055909127527586,False,False,0.45458235246367273,7.9999999999998295,False,10.183767228177736,False,True,-2.179330626598297,True,False,True,3.363001798584413,True,True,True,True,Other
ADP,2023-10-26 04:00:00,218.84,0.3089014805337231,True,20.013844586701047,-6.8511927672745205,2.345434815090731,-11.06957087126138,False,False,0.45458235246367273,7.9999999999998295,False,22.09737827715367,False,True,-2.179330626598297,True,False,True,1.7108980532902844,True,False,False,True,Other
ADP,2023-10-27 04:00:00,214.84,0.3402997579594116,True,18.106229307252686,-8.47588648210471,2.3826949005731577,-11.10559417411453,False,False,0.45458235246367273,7.9999999999998295,False,20.085470085470007,False,False,-2.179330626598297,True,False,True,1.3282247953469335,True,False,False,True,Other
ADP,2023-10-30 04:00:00,216.08,0.35496112550907055,True,20.631764201803943,-7.874779880084631,2.3270733860834567,-10.399734616022549,False,True,-2.351515151515149,2.5669642857144863,False,62.857142857142904,True,True,0.43447763218853463,False,False,True,1.0762016650310051,True,False,False,False,Other
ADP,2023-10-31 04:00:00,218.22,0.32545137934194845,True,24.934265549140264,-6.897896837909231,2.26077295011714,-9.24516531503431,False,True,-2.351515151515149,2.5669642857144863,False,38.37837837837816,True,True,0.43447763218853463,False,False,True,1.5493125041558438,True,False,False,False,Other
ADP,2023-11-01 04:00:00,210.37,0.36987213005656705,True,20.53642317285975,-10.155440713314633,2.6084980718561543,-3.645857188659374,False,True,-2.351515151515149,2.5669642857144863,False,51.10876451953542,True,True,0.43447763218853463,False,False,True,1.9502199920573684,True,False,False,False,Other
LMT,2023-10-05 04:00:00,397.35,0.5239461431986911,True,23.3200011434374,-11.266363782945442,1.4228755095083967,-3.3117578353124233,False,True,-2.4525409739417636,2.331961591220605,False,40.08869440079928,True,True,1.362070104022739,False,False,True,1.0378660157864805,True,False,False,True,Industrial
VRTX,2024-12-19 05:00:00,396.64,0.15775010084711583,True,23.699563738356858,-12.680169433579808,4.022247847570924,-14.539343273291394,False,True,-1.28810373186935,65.37007023230701,True,50.21000381825116,True,True,-1.9335014548068186,True,True,False,5.174976860266268,True,True,True,False,Health
VRTX,2024-12-20 05:00:00,397.27,0.1654290532886955,True,24.085550486467564,-12.432199111198631,3.9954829247807195,-14.331615379639018,False,True,-1.28810373186935,65.37007023230701,True,62.280701754386115,True,True,-1.9335014548068186,True,True,False,3.40644281305718,True,True,True,False,Health
VRTX,2024-12-30 05:00:00,399.35,0.13216476774758967,True,28.93137785787903,-11.524283771038316,3.4409468370847676,0.5235733883756755,False,True,-14.331615379639018,20.15882078164734,False,3.4981905910738207,False,False,21.17175767160182,False,False,False,0.7750760938242696,False,False,False,True,Health
AMAT,2022-06-16 04:00:00,89.59,0.546154704766157,True,29.004498339697825,-29.06529442895323,5.691066318417082,-16.45841104065646,True,True,-3.7830599263475095,36.7346938775509,True,13.207547169811376,False,True,-3.3143437830556843,True,False,True,1.6459153797580894,True,False,False,False,Tech
AMAT,2022-06-17 04:00:00,89.83,0.5214293665813201,True,29.390158910867864,-28.67032790255697,5.534433460879138,-11.82764036120927,True,True,-3.7830599263475095,36.7346938775509,True,17.77108433734911,False,True,-3.3143437830556843,True,False,True,1.7341494035750165,True,False,False,False,Tech
AMAT,2022-09-26 04:00:00,82.94,0.6284060766819388,True,29.05541495447849,-25.60728324514273,3.96834599329889,-7.5568435131520335,True,True,-7.916278105895758,17.986188128500764,False,3.6496350364961496,False,True,0.1133686579954718,False,False,True,0.9899961229472269,False,False,False,True,Tech
SYK,2022-06-13 04:00:00,207.1,0.417527764365041,True,26.848229181648,-17.676780036702088,3.247347451583684,-9.226386149463073,False,True,-3.1627906976744113,40.837917900973494,True,18.196457326892013,False,False,-1.3620523173553778,True,True,True,1.5887127393406149,True,False,False,False,Health
SYK,2022-06-14 04:00:00,200.58,0.4739754711337121,True,23.883911361876944,-20.10738576784852,3.42714468893735,-13.055916775032506,True,True,-3.1627906976744113,40.837917900973494,True,27.557160048135014,False,False,-1.3620523173553778,True,True,True,1.5593607994012806,True,False,False,False,Health
SYK,2022-06-15 04:00:00,202.51,0.4535084687175943,True,26.471868301779086,-19.18314001901635,3.37634715117832,-10.658666784311999,False,True,-3.1627906976744113,40.837917900973494,True,49.21383647798724,True,True,-1.3620523173553778,True,True,True,1.4006418780148575,True,False,False,False,Health
SYK,2022-06-16 04:00:00,195.7,0.5217169136433317,True,23.443074939037487,-21.730282392630365,3.5672942552765097,-10.627026533315076,True,True,-3.1627906976744113,40.837917900973494,True,51.25628140703511,True,True,-1.3620523173553778,True,True,True,1.2024984116067794,True,False,False,False,Health
SYK,2022-06-17 04:00:00,194.09,0.5331547220361688,True,22.77949597602661,-22.20099478258945,3.5545193742405834,-10.309611829944544,True,True,-3.1627906976744113,40.837917900973494,True,2.5728987993139856,False,True,-1.3620523173553778,True,True,True,1.8666657547056775,True,False,False,False,Health
SYK,2022-06-21 04:00:00,195.7,0.522176801226367,True,25.06380244229669,-21.387030387909828,3.4256721839194877,-5.5045871559633035,True,True,-5.510435769801769,12.905092592592696,False,34.35897435897392,True,True,1.0872672503078995,False,False,True,1.1477353135012145,True,False,False,False,Health
SYK,2022-06-22 04:00:00,196.75,0.5140025412960609,True,26.58901679777259,-20.800025302075646,3.3767480860808012,-1.9094625585801217,True,True,-5.510435769801769,12.905092592592696,False,14.675767918088523,False,False,1.0872672503078995,False,False,True,1.0419124219483362,True,False,False,False,Health
LOW,2023-10-23 04:00:00,188.38,0.4338570973564073,True,22.669993723682865,-10.943840948839698,2.04891863640281,-4.978562421185373,False,True,-1.8993685476596078,10.470085470085378,False,12.295081967212816,False,True,-0.7625572504207923,True,False,True,0.9582510487194033,False,False,False,False,Consumer
LOW,2023-10-24 04:00:00,186.24,0.45704467353951883,True,21.00517412216696,-11.850657616151656,2.0834019105272374,-6.01059803179409,False,True,-1.8993685476596078,10.470085470085378,False,29.19179734620036,False,True,-0.7625572504207923,True,False,True,0.8819948247998831,False,False,False,False,Consumer
LOW,2023-10-25 04:00:00,186.09,0.4382288140147239,True,20.889375496150247,-11.817048549962433,2.036136905190155,-3.809573038354186,False,True,-1.8993685476596078,10.470085470085378,False,34.165067178503584,True,True,-0.7625572504207923,True,False,True,1.0166049543013462,True,False,False,False,Consumer
LOW,2023-10-26 04:00:00,184.73,0.45060358360851005,True,19.822373788591932,-12.352837026164677,2.059670606881421,-3.0085057229864653,False,True,-1.8993685476596078,10.470085470085378,False,5.735660847880057,False,False,-0.7625572504207923,True,False,True,1.1944149152539536,True,False,False,False,Consumer
LOW,2023-10-27 04:00:00,183.62,0.43214246814072554,True,18.970665304181928,-12.767696843934818,2.0641535958266535,-3.611548556430444,False,True,-1.8993685476596078,10.470085470085378,False,49.166666666667034,True,True,-0.7625572504207923,True,False,True,0.9905643797634824,False,False,False,False,Consumer
PLD,2022-05-09 04:00:00,132.37,-0.03240915615320683,False,23.863168669298748,-9.53025119517332,4.45977025688497,-13.557108339319523,False,True,-5.002074319919392,4.469273743016667,False,3.278688524590291,False,False,5.730637475526645,False,False,False,1.3800848788554099,True,False,False,True,RealEstate
PLD,2022-05-10 04:00:00,125.41,0.00263136910932138,True,20.84823955774513,-14.165117221794555,5.0032563225478865,-17.688369650826996,False,True,-5.002074319919392,4.469273743016667,False,10.540540540540547,False,False,5.730637475526645,False,False,False,2.518804808160072,True,True,False,True,RealEstate
PLD,2022-05-11 04:00:00,123.74,0.01155648941328602,True,20.189128670877274,-15.178923054014486,5.052621210567952,-18.741791436826905,False,True,-5.002074319919392,4.469273743016667,False,3.69127516778522,False,False,5.730637475526645,False,False,False,1.7863771101231316,True,False,False,True,RealEstate
PLD,2022-05-12 04:00:00,123.93,0.01089324618736387,True,20.497088410329287,-14.921286914084817,4.892017113199742,-14.519244033659806,False,True,-5.002074319919392,4.469273743016667,False,81.94444444444466,True,True,5.730637475526645,False,False,False,1.6096108971835699,True,False,False,True,RealEstate
PLD,2022-05-13 04:00:00,128.35,-0.05531749123490448,False,27.505068906442308,-11.782587812500388,4.648828455064264,-8.894094264622376,False,True,-5.002074319919392,4.469273743016667,False,18.932038834951463,False,True,5.730637475526645,False,False,False,1.2376332158769023,True,False,False,True,RealEstate
PLD,2022-05-16 04:00:00,125.25,-0.02035928143712573,False,25.78813382774475,-13.793932990759245,4.624352847845723,-5.378862279972807,False,True,-12.109301890323787,6.590909090909039,False,7.670454545454442,False,True,11.562898982389868,False,False,False,0.6977403726383796,False,False,False,True,RealEstate
PLD,2022-05-17 04:00:00,125.9,-0.03050039714058783,False,26.81964045263871,-13.231326048344735,4.454557202147282,0.39071844350531126,False,True,-12.109301890323787,6.590909090909039,False,82.91925465838517,True,True,11.562898982389868,False,False,False,0.72002183678504,False,False,False,True,RealEstate
PLD,2022-05-18 04:00:00,119.53,0.029532334978666475,True,23.388683942386542,-17.47675434667981,4.8091774765178235,-3.402295134960398,False,True,-12.109301890323787,6.590909090909039,False,3.963011889035633,False,True,11.562898982389868,False,False,False,0.912219920991785,False,False,False,True,RealEstate
PLD,2022-05-19 04:00:00,119.72,0.03767123287671237,True,23.702209590783212,-17.20267653162871,4.639905487200062,-3.3970789962075476,False,True,-12.109301890323787,6.590909090909039,False,11.160831797841265,False,True,11.562898982389868,False,False,False,0.9207580576789699,False,False,False,True,RealEstate
PLD,2022-05-20 04:00:00,119.72,0.03190778483127299,True,23.702209590783212,-17.060708591144223,4.518497508507165,-6.7238021036229,False,True,-12.109301890323787,6.590909090909039,False,52.27272727272722,True,False,11.562898982389868,False,False,False,0.9203006323160319,False,False,False,True,RealEstate
PLD,2022-05-23 04:00:00,120.48,0.004482071713147295,True,25.123731966386543,-16.396654179401573,4.404055671563871,-3.8083832335329304,False,True,-8.894094264622376,41.67104571728848,True,57.07070707070708,True,True,8.450456902545822,False,False,False,1.037539584592794,True,False,False,True,RealEstate
PLD,2022-05-24 04:00:00,120.08,0.015822784810126667,True,24.861192392482465,-16.53574396626648,4.3475826562233495,-4.622716441620344,False,True,-8.894094264622376,41.67104571728848,True,72.47474747474735,True,True,8.450456902545822,False,False,False,0.9499296441389496,False,False,False,True,RealEstate
PLD,2022-05-25 04:00:00,120.03,0.04098975256185944,True,24.826268971652897,-16.432711346304245,4.172617815588304,0.4183050280264444,False,True,-8.894094264622376,41.67104571728848,True,39.55555555555495,True,True,8.450456902545822,False,False,False,0.7098804618561299,False,False,False,True,RealEstate
PLD,2022-05-26 04:00:00,122.36,0.015936580581889626,True,29.776738793167038,-14.684791094753235,4.012405497399847,2.2051453391246145,False,True,-8.894094264622376,41.67104571728848,True,24.275862068965782,False,True,8.450456902545822,False,False,False,0.8326992040939337,False,False,False,True,RealEstate
PLD,2022-06-13 04:00:00,108.43,0.12763995204279244,True,24.904190884519323,-23.32772065814533,4.578666279338103,-15.202940486431526,True,False,0.25145371680024287,44.44444444444444,True,51.57068062827249,True,False,-3.1544096475170535,True,False,False,2.8325790865260525,True,True,False,False,RealEstate
PLD,2022-06-14 04:00:00,110.66,0.09994577986625708,True,28.828385164356973,-21.581139166219756,4.428004828620613,-14.66687230104874,True,False,0.25145371680024287,44.44444444444444,True,44.58128078817737,True,True,-3.1544096475170535,True,False,False,1.19764505156461,True,False,False,False,RealEstate
PLD,2022-09-16 04:00:00,113.67,0.0694994281692618,True,29.09678693479131,-15.11474345736527,2.944380777035619,-12.311964822957645,False,True,-5.033112582781452,6.764705882352866,False,44.89795918367358,True,False,-1.3228980893124298,True,True,True,2.9722309935806392,True,True,False,True,RealEstate
PLD,2022-09-19 04:00:00,112.8,0.07189716312056738,True,28.26766198187109,-15.632093152323357,2.9723536715003203,-13.364055299539167,False,False,6.34998769382229,10.797546012269894,False,77.04280155642017,True,True,-0.1965328066602101,True,True,True,1.386388302192687,True,False,False,True,RealEstate
PLD,2022-09-20 04:00:00,110.93,0.032633192103127984,True,26.518496544438882,-16.8899070169308,2.9925560674608622,-11.312759833706421,False,False,6.34998769382229,10.797546012269894,False,46.74990818949695,True,True,-0.1965328066602101,True,True,True,1.5263201805731583,True,False,False,True,RealEstate
PLD,2022-09-21 04:00:00,108.55,0.050852141870106005,True,24.445229912620334,-18.521643848388493,3.0779332626996343,-10.348529897588376,False,False,6.34998769382229,10.797546012269894,False,1.1049723756903909,False,True,-0.1965328066602101,True,True,True,1.3159544715602098,True,False,False,True,RealEstate
PLD,2022-09-22 04:00:00,108.54,0.04339414040906564,True,24.436585121550316,-18.378664944784205,3.0083876409346053,-6.608156943727406,False,False,6.34998769382229,10.797546012269894,False,21.491228070175204,False,False,-0.1965328066602101,True,True,True,1.3513228672089612,True,False,False,True,RealEstate
PLD,2022-09-23 04:00:00,108.6,0.026703499079189674,True,24.608857889473768,-18.184294416364683,2.932626367476682,-4.460279757191876,False,False,6.34998769382229,10.797546012269894,False,13.966428204049697,False,False,-0.1965328066602101,True,True,True,1.4768612516547885,True,False,False,True,RealEstate
PLD,2022-09-26 04:00:00,104.16,0.06806835637480813,True,20.825209011163242,-21.360783923174154,3.2369719014727205,-7.659574468085106,True,True,-12.311964822957645,9.396689802455986,False,29.95594713656382,False,False,8.85233999424264,False,False,True,1.754684821403168,True,False,False,True,RealEstate
PLD,2022-09-27 04:00:00,102.28,0.09630426280797799,True,19.460814556525197,-22.60472484811878,3.406697938674074,-7.797710267736413,True,True,-12.311964822957645,9.396689802455986,False,9.898989898989818,False,False,8.85233999424264,False,False,True,1.480129828716903,True,False,False,True,RealEstate
PLD,2022-09-28 04:00:00,103.93,0.0796690079861444,True,24.157321995833968,-21.18869647023745,3.352312577956726,-4.256103178258863,True,True,-12.311964822957645,9.396689802455986,False,62.06896551724146,True,True,8.85233999424264,False,False,True,1.7222601077065682,True,False,False,True,RealEstate
PLD,2022-09-29 04:00:00,101.19,0.08212273940112658,True,21.875998047250526,-23.08841386938712,3.423034462010329,-6.7716970702045405,True,True,-12.311964822957645,9.396689802455986,False,18.253968253968033,False,True,8.85233999424264,False,False,True,1.545888632409817,True,False,False,True,RealEstate
PLD,2022-09-30 04:00:00,101.6,0.0580708661417324,True,23.047063969052697,-22.60137262578849,3.346385787219298,-6.445672191528551,True,True,-12.311964822957645,9.396689802455986,False,13.599999999999568,False,True,8.85233999424264,False,False,True,3.2973082646942915,True,True,True,True,RealEstate
PLD,2022-10-06 04:00:00,101.92,0.07397959183673453,True,29.66971239706126,-21.72982683632887,3.413102655898428,0.7214151596007579,True,True,-4.460279757191876,24.398872268213356,False,8.371040723982,False,True,-2.09929693364882,True,False,True,0.8420257269454569,False,False,False,True,RealEstate
PLD,2022-10-07 04:00:00,100.36,0.09934236747708258,True,27.9892288564771,-22.75160697728256,3.377999555143755,-1.2204724409448753,True,True,-4.460279757191876,24.398872268213356,False,40.59701492537276,True,True,-2.09929693364882,True,False,True,0.939774250570527,False,False,False,True,RealEstate
PLD,2022-10-10 04:00:00,98.9,0.13650151668351862,True,26.47770763210662,-23.694111018625446,3.3505766716777083,-5.2318896128784935,True,True,-6.445672191528551,13.161875945536918,False,3.017241379310654,False,False,-0.8361455386064809,True,True,False,0.735930780371862,False,False,False,True,RealEstate
PLD,2023-10-03 04:00:00,107.5,0.1352558139534885,True,22.45962111601809,-11.86786848251369,2.3334854370227505,-3.58744394618834,False,True,-7.395681117064468,4.113614103819665,False,26.027397260273688,False,False,5.2601435371461,False,False,True,0.8811907208693837,False,False,False,True,RealEstate
PLD,2023-10-04 04:00:00,108.42,0.12912746725696356,True,26.303112054965567,-11.015219098444346,2.2917133753915295,-2.5438202247190955,False,True,-7.395681117064468,4.113614103819665,False,89.42528735632172,True,True,5.2601435371461,False,False,True,0.966227085494494,False,False,False,True,RealEstate
PLD,2023-10-05 04:00:00,109.03,0.10061450976795383,True,28.822344901805074,-10.42084685448327,2.2340367225792015,-2.764648176224016,False,True,-7.395681117064468,4.113614103819665,False,33.888888888888914,True,True,5.2601435371461,False,False,True,1.1903934055501895,True,False,False,True,RealEstate
PLD,2023-10-06 04:00:00,108.91,0.09576714718574975,True,28.615115791116057,-10.42568060342286,2.2603862364839475,-2.9409143570091723,False,True,-7.395681117064468,4.113614103819665,False,37.857142857142975,True,True,5.2601435371461,False,False,True,0.7753059689302702,False,False,False,True,RealEstate
PLD,2023-10-18 04:00:00,104.38,0.17359647442038706,True,28.777866935251264,-13.481053840111597,2.610212873606405,-7.135231316725987,False,True,-2.9409143570091723,40.17363851617993,True,4.271356783919637,False,True,0.42135173171751195,False,False,True,1.2079668846939744,True,False,False,True,RealEstate
PLD,2023-10-19 04:00:00,102.58,0.1480795476701111,True,26.34803101500351,-14.846178759816725,2.637594530200454,-6.447788417692668,False,True,-2.9409143570091723,40.17363851617993,True,20.73170731707331,False,False,0.42135173171751195,False,False,True,1.980960581714267,True,False,False,True,RealEstate
PLD,2023-10-20 04:00:00,102.43,0.1611832470955774,True,26.149882180767484,-14.843846478736742,2.6588456296310468,-6.584587323301417,False,True,-2.9409143570091723,40.17363851617993,True,14.551607445008699,False,False,0.42135173171751195,False,False,True,1.690171509308528,True,False,False,True,RealEstate
PLD,2023-10-23 04:00:00,100.81,0.19859140958238264,True,24.046564678284803,-16.055413312763562,2.6524382869899568,-9.114677244861157,False,False,0.6794601046735904,4.089979550102307,False,11.822660098522608,False,False,-1.328526973960964,True,False,True,1.1829694617743163,True,False,False,False,RealEstate
PLD,2023-10-24 04:00:00,101.7,0.18377581120943942,True,27.496824516544553,-15.185067430498671,2.5446691587645374,-5.946545824470539,False,False,0.6794601046735904,4.089979550102307,False,23.943661971831197,False,False,-1.328526973960964,True,False,True,0.9088242394517981,False,False,False,False,RealEstate
PLD,2023-10-25 04:00:00,98.74,0.19039902774964568,True,23.64908920719735,-17.50872148457257,2.683314834632509,-5.403333972025292,False,False,0.6794601046735904,4.089979550102307,False,18.560606060605863,False,False,-1.328526973960964,True,False,True,1.1971536918186623,True,False,False,False,RealEstate
PLD,2023-10-26 04:00:00,99.63,0.1824751580849142,True,26.958679556064016,-16.626098050011876,2.597601545741372,-2.8758042503411962,False,False,0.6794601046735904,4.089979550102307,False,6.710283509477763,False,False,-1.328526973960964,True,False,True,1.0097109020169386,True,False,False,False,RealEstate
PLD,2023-10-27 04:00:00,97.32,0.18485408960131533,True,24.045301151961628,-18.408513815457,2.688764272524197,-4.988772820462772,False,False,0.6794601046735904,4.089979550102307,False,25.855513307984555,False,False,-1.328526973960964,True,False,True,1.1670285170848074,True,False,False,False,RealEstate
PLD,2023-10-30 04:00:00,98.88,0.1718244336569581,True,29.579971731394245,-16.95933717290076,2.6104636262039946,-1.9144926098601411,False,True,-6.584587323301417,3.853046594982141,False,58.01886792452836,True,True,6.305319765361506,False,False,True,1.0255079133460545,True,False,False,True,RealEstate
PLD,2024-04-17 04:00:00,106.49,-0.0738097473941215,False,17.019405060957478,-14.081015848046864,3.1011841125218447,-11.714475211407738,False,True,-4.208262939640617,19.813829787233946,False,15.656565656565538,False,False,1.795760481814268,False,False,True,2.819041205119643,True,True,False,True,RealEstate
PLD,2024-04-18 04:00:00,104.69,-0.04527653070971438,False,15.930324769920249,-15.40255003678396,3.1263637199977254,-12.939708939708938,False,True,-4.208262939640617,19.813829787233946,False,40.595903165735656,True,True,1.795760481814268,False,False,True,1.5386210551631063,True,False,False,True,RealEstate
PLD,2024-04-19 04:00:00,103.49,-0.019422166392888074,False,15.230601982667597,-16.235782430645937,3.09891033778647,-13.033613445378156,False,True,-4.208262939640617,19.813829787233946,False,41.276595744680655,True,True,1.795760481814268,False,False,True,1.6132897014704373,True,False,False,True,RealEstate
PLD,2024-04-22 04:00:00,104.08,-0.006917755572636408,False,17.157288862176127,-15.62594260838996,2.9998771557234702,-10.113135849382504,False,True,-4.601571268237937,6.024096385542171,False,62.12871287128703,True,True,2.5488642287823327,False,False,True,0.845619945612277,False,False,False,True,RealEstate
PLD,2024-04-23 04:00:00,104.83,-0.02470666793856724,False,19.657135062394147,-14.890762871495308,2.8706571093199087,-8.636918249956416,False,True,-4.601571268237937,6.024096385542171,False,30.555555555556197,True,True,2.5488642287823327,False,False,True,0.9550183587034669,False,False,False,True,RealEstate
PLD,2024-04-24 04:00:00,103.18,0.0013568521031206426,True,18.34554823685404,-16.0948590479739,2.876459171219559,-3.1082730772842404,False,True,-4.601571268237937,6.024096385542171,False,35.61643835616447,True,True,2.5488642287823327,False,False,True,1.0724084628633805,True,False,False,True,RealEstate
PLD,2024-04-25 04:00:00,103.35,-0.002418964683115643,False,18.945619700310132,-15.82296660952491,2.834736156419686,-1.279969433565764,False,True,-4.601571268237937,6.024096385542171,False,15.209438072923295,False,True,2.5488642287823327,False,False,True,0.839689408930835,False,False,False,True,RealEstate
PLD,2024-04-26 04:00:00,104.06,-0.017874303286565474,False,21.539028030981022,-15.11592291867758,2.742655173497205,0.550777852932649,False,True,-4.601571268237937,6.024096385542171,False,35.82887700534787,True,True,2.5488642287823327,False,False,True,0.8889442612351445,False,False,False,True,RealEstate
PLD,2024-04-29 04:00:00,105.01,-0.018379201980763815,False,24.99701155496254,-14.218579615798408,2.626422698248839,0.8935434281322152,False,True,-13.033613445378156,5.5555555555555465,False,60.28368794326317,True,True,12.738050707248005,False,False,False,0.6248761195675392,False,False,False,True,RealEstate
PLD,2024-04-30 04:00:00,102.05,0.03292503674669289,True,21.776595331500346,-16.49834144936327,2.7202410709459217,-2.6519126204330834,False,True,-13.033613445378156,5.5555555555555465,False,2.4875621890545787,False,True,12.738050707248005,False,False,False,1.1884668912542418,True,False,False,True,RealEstate
PLD,2024-05-01 04:00:00,101.88,0.0338633686690224,True,21.604444583406668,-16.499209896361585,2.7057797806736263,-1.2599340957549998,False,True,-13.033613445378156,5.5555555555555465,False,9.381237524950095,False,False,12.738050707248005,False,False,False,1.1475296189638615,True,False,False,True,RealEstate
PLD,2024-12-18 05:00:00,103.91,0.2278895197767299,True,27.500621884006122,-12.564986298320408,2.4645753616968675,-7.1900678813862084,False,True,-4.09316663812297,5.204460966542777,False,1.3257575757574462,False,False,-0.23378920056125185,True,True,True,1.3817972111239938,True,False,False,True,RealEstate
PLD,2024-12-19 05:00:00,101.4,0.26005917159763303,True,24.55062797273986,-14.552236498826701,2.595253829135657,-9.180474697716079,False,True,-4.09316663812297,5.204460966542777,False,0.845070422535244,False,False,-0.23378920056125185,True,True,True,1.8662107703164148,True,False,False,True,RealEstate
C,2022-03-01 05:00:00,58.59,-0.12271718723331637,False,29.030473082385903,-12.609588549591919,3.358100028478333,-8.295507904210353,False,True,-4.482501861504106,11.642675698560472,False,33.57142857142853,True,True,0.03265656446318488,False,False,False,2.0273986806542887,True,True,False,False,Finance
C,2022-03-03 05:00:00,57.62,-0.09441166261714684,False,29.549665886061014,-13.84114799075028,3.715221882370084,-5.027196307895176,False,True,-4.482501861504106,11.642675698560472,False,31.499999999999773,True,True,0.03265656446318488,False,False,False,1.8766485212413715,True,False,False,False,Finance
C,2022-03-04 05:00:00,56.59,-0.09736702597632096,False,27.469265154822107,-15.251595476042827,3.819357411970989,-8.696353662471756,False,True,-4.482501861504106,11.642675698560472,False,48.979591836734656,True,True,0.03265656446318488,False,False,False,1.7739404795615272,True,False,False,False,Finance
C,2022-03-07 05:00:00,55.55,-0.08766876687668768,False,25.515888819224315,-16.669711427972636,3.9369765555673113,-6.213067702177955,False,True,-3.3676333021515514,56.52853792025009,True,43.63636363636362,True,True,4.9952752128545,False,False,False,1.5541788340550808,True,False,False,True,Finance
C,2022-03-08 05:00:00,54.87,-0.11427009294696544,False,24.299169062593666,-17.544640160668457,4.030419458464076,-6.34920634920636,False,True,-3.3676333021515514,56.52853792025009,True,4.3478260869564975,False,True,4.9952752128545,False,False,False,1.324616241407855,True,False,False,True,Finance
C,2022-03-10 05:00:00,54.88,-0.18476676384839652,False,27.77316964103836,-17.255503138712598,4.025512114643557,-4.7552933009371685,False,True,-3.3676333021515514,56.52853792025009,True,65.37347183944622,True,True,4.9952752128545,False,False,False,0.9353728841985353,False,False,False,True,Finance
C,2022-03-11 05:00:00,54.16,-0.1248153618906942,False,26.35117330836345,-18.1917737728301,4.001320641315809,-4.294044884255177,False,True,-3.3676333021515514,56.52853792025009,True,5.555555555555336,False,True,4.9952752128545,False,False,False,0.6003804811351674,False,False,False,True,Finance
C,2022-03-14 04:00:00,54.23,-0.17352019177576983,False,26.743878981323935,-17.9383607486308,3.9008585615995828,-2.3762376237623783,False,True,-8.696353662471756,26.768642447418827,False,27.708506511498864,False,True,5.1318556165807605,False,False,False,0.7385818496086795,False,False,False,True,Finance
C,2022-04-01 04:00:00,52.33,-0.11924326390215922,False,28.73604036262324,-19.19197352782159,3.3094337176922646,-7.772294677476211,False,False,5.889955686853776,22.92490118577086,False,28.607594936708725,False,False,-0.5240806466398018,True,True,False,1.4237078607197826,True,False,False,False,Finance
C,2022-04-05 04:00:00,51.58,-0.11089569600620397,False,28.411710954486868,-20.042765475126025,3.2573900093292094,-8.65946520276253,True,True,-1.063644289450738,32.88888888888898,True,14.830908747401919,False,True,-3.1980071592831116,True,True,False,0.8837119558704063,False,False,False,False,Finance
C,2022-04-06 04:00:00,50.53,-0.07935879675440327,False,26.001449585053464,-21.501169056872936,3.2543754726408745,-8.077132981626335,True,True,-1.063644289450738,32.88888888888898,True,18.840579710145168,False,True,-3.1980071592831116,True,True,False,0.9797844970636576,False,False,False,False,Finance
C,2022-04-07 04:00:00,50.03,-0.056566060363781645,False,24.917434163910166,-22.105253794466115,3.27555852805897,-6.31086142322097,True,True,-1.063644289450738,32.88888888888898,True,63.25878594249224,True,True,-3.1980071592831116,True,True,False,1.1226715838179266,True,False,False,False,Finance
C,2022-04-11 04:00:00,50.55,-0.06429277942631062,False,29.37097253441957,-20.966361296035068,3.2523947439225216,-4.261363636363635,True,True,-7.772294677476211,10.026619343389493,False,9.090909090908815,False,False,3.0631906208343107,False,False,False,0.8140677571684529,False,False,False,True,Finance
C,2022-04-12 04:00:00,50.34,-0.015494636471990453,False,28.80259106389606,-21.127570154539,3.185100184415525,-2.4040325707638477,True,True,-7.772294677476211,10.026619343389493,False,26.996834853845186,False,False,3.0631906208343107,False,False,False,0.733535538663563,False,False,False,True,Finance
C,2022-04-13 04:00:00,50.15,-0.009172482552343042,False,28.2695514431462,-21.257392340540722,3.1311682989391936,-0.7520284979220304,True,True,-7.772294677476211,10.026619343389493,False,8.163265306122302,False,False,3.0631906208343107,False,False,False,0.8462344691248712,False,False,False,True,Finance
C,2022-04-29 04:00:00,48.21,-0.04584111180253059,False,29.417387712661554,-22.709898926954125,3.0913185315426333,-5.894983408159272,True,False,0.09827044025156884,52.131147540983534,True,8.60215053763461,False,True,-1.772578841994632,True,True,False,0.9052704582278653,False,False,False,False,Finance
C,2022-09-22 04:00:00,45.58,-0.10004387889425181,False,28.534280327594995,-16.30738407202733,2.8619733389605266,-5.90421139554087,False,False,3.746928746928746,40.23494860499257,True,6.521739130434537,False,False,-0.06258039026341145,True,True,True,1.0698133855033753,True,False,False,False,Finance
C,2022-09-23 04:00:00,44.26,-0.0912788070492544,False,24.623506988918663,-18.579376849061163,3.1047603160991395,-8.00249428393266,False,False,3.746928746928746,40.23494860499257,True,53.03867403314915,True,False,-0.06258039026341145,True,True,True,1.7024918183476685,True,False,False,False,Finance
C,2022-09-26 04:00:00,42.99,-0.05885089555710632,False,21.561605023811644,-20.75073629199888,3.248125794498924,-10.883084577114433,True,True,-5.052299190842713,15.347721822541974,False,25.85669781931464,False,True,1.5335723240049282,False,False,True,1.2912563276941211,True,False,False,True,Finance
C,2022-09-27 04:00:00,42.59,-0.03263676919464664,False,20.688992059385143,-21.319882661828224,3.2649851789011732,-9.86243386243385,True,True,-5.052299190842713,15.347721822541974,False,39.16349809885943,True,True,1.5335723240049282,False,False,True,1.1397161675262606,True,False,False,True,Finance
C,2022-09-28 04:00:00,43.4,-0.052304147465437656,False,27.121083271900364,-19.665041283576837,3.167749084927933,-6.324195985322689,False,True,-5.052299190842713,15.347721822541974,False,11.965811965812069,False,True,1.5335723240049282,False,False,True,1.0535363100247355,True,False,False,True,Finance
C,2022-09-29 04:00:00,42.39,-0.04458598726114649,False,24.45757993564865,-21.36609514899435,3.2457857879492122,-6.998683633172442,True,True,-5.052299190842713,15.347721822541974,False,35.680751173709,True,True,1.5335723240049282,False,False,True,1.1025245447709382,True,False,False,True,Finance
C,2022-09-30 04:00:00,41.67,-0.04343652507799378,False,22.742882396408714,-22.52670030451144,3.2991449384023666,-5.851784907365554,True,True,-5.052299190842713,15.347721822541974,False,4.411764705882522,False,False,1.5335723240049282,False,False,True,1.146521038070361,True,False,False,True,Finance
C,2022-10-03 04:00:00,42.56,-0.06461466165413532,False,29.337716906801294,-20.707326688836737,3.3115933884632547,-1.0002326122354077,True,True,-8.00249428393266,18.532818532818553,False,26.34408602150511,False,False,3.472267032016063,False,False,True,1.1142798336017457,True,False,False,True,Finance
C,2022-10-11 04:00:00,40.45,0.02669962917181712,True,28.261907101184278,-23.719278509850504,3.376544226751912,-8.91691060571942,True,True,-5.851784907365554,2.3346303501946406,False,2.6315789473685194,False,False,-1.894574342569233,True,False,True,1.0156624130069298,True,False,False,True,Finance
C,2023-03-13 04:00:00,44.74,0.2910147518998658,True,24.321265932184986,-10.655853600131618,3.1488921311347213,-14.258336527405135,False,False,4.324432044639304,11.70960187353631,False,5.303030303030323,False,False,-1.484335736635778,True,True,True,2.76736378240275,True,True,False,True,Finance
C,2023-08-15 04:00:00,43.21,0.40060171256653554,True,28.995951967885713,-9.377243911750622,2.210029638831873,-4.317980513728958,False,True,-3.585741404766918,6.024096385542125,False,7.368421052632335,False,False,-0.4180099153346606,True,True,True,1.060746442606627,True,False,False,False,Finance
C,2023-08-16 04:00:00,42.64,0.43996247654784226,True,26.593243441070936,-10.478506749972317,2.1868131014155527,-4.050405040504046,False,True,-3.585741404766918,6.024096385542125,False,11.965811965811996,False,False,-0.4180099153346606,True,True,True,0.8641132508020842,False,False,False,False,Finance
C,2023-08-17 04:00:00,42.46,0.4609043805934998,True,25.86437680727394,-10.760011136976967,2.2052423093611955,-4.239963915200729,False,True,-3.585741404766918,6.024096385542125,False,37.17701894822187,True,False,-0.4180099153346606,True,True,True,1.0035345348887712,True,False,False,False,Finance
C,2023-08-18 04:00:00,42.25,0.4511242603550296,True,25.00336962476744,-11.102294813042608,2.177277514659666,-5.205295041507741,False,True,-3.585741404766918,6.024096385542125,False,8.497379974507185,False,False,-0.4180099153346606,True,True,True,0.8222120238635733,False,False,False,False,Finance
C,2023-08-21 04:00:00,42.07,0.438792488709294,True,24.25795678801129,-11.379791660784457,2.215456679219705,-4.603174603174609,False,True,-2.493983810982281,26.10619469026558,False,36.70061473529668,True,True,-1.0135594707667672,True,True,True,0.936169203525068,False,False,False,False,Finance
C,2023-08-22 04:00:00,41.02,0.47294002925402245,True,20.431475937842418,-13.474593626697247,2.355393557902154,-5.068271233510757,False,True,-2.493983810982281,26.10619469026558,False,3.5460992907804347,False,False,-1.0135594707667672,True,True,True,1.3020549767331342,True,False,False,False,Finance
C,2023-08-23 04:00:00,41.08,0.5126582278481013,True,21.196434357914537,-13.232791868347455,2.264809376629056,-3.658536585365857,False,True,-2.493983810982281,26.10619469026558,False,63.44086021505464,True,True,-1.0135594707667672,True,True,True,1.0158747810736624,True,False,False,False,Finance
C,2023-08-24 04:00:00,41.08,0.5041382667964946,True,21.196434357914537,-13.118395232220086,2.268220196645885,-3.250117757889781,False,True,-2.493983810982281,26.10619469026558,False,31.578947368421407,True,True,-1.0135594707667672,True,True,True,1.0063065698733737,True,False,False,False,Finance
C,2023-08-25 04:00:00,41.24,0.4956353055286129,True,23.471825076801412,-12.668951482877711,2.249584858349675,-2.3905325443786984,False,True,-2.493983810982281,26.10619469026558,False,52.00000000000061,True,True,-1.0135594707667672,True,True,True,1.1046882688105542,True,False,False,False,Finance
C,2023-08-28 04:00:00,41.32,0.4903194578896417,True,24.643442580822438,-12.390578165229398,2.207591332904211,-1.7827430473021155,False,True,-5.205295041507741,6.8965517241378045,False,23.943661971831197,False,True,-0.3480325874502421,True,True,True,0.9251131890085914,False,False,False,False,Finance
C,2023-08-30 04:00:00,41.37,0.514140681653372,True,28.348078798993104,-12.077117691313362,2.06841530698287,0.7059396299902598,False,True,-5.205295041507741,6.8965517241378045,False,6.060606060604886,False,False,-0.3480325874502421,True,True,True,1.175186276301911,True,False,False,False,Finance
C,2023-08-31 04:00:00,41.29,0.48849600387503034,True,27.888414670144968,-12.140072240035572,2.0399689240709575,0.5111976630963966,False,True,-5.205295041507741,6.8965517241378045,False,41.909893728483766,True,False,-0.3480325874502421,True,True,True,1.1382732497518087,True,False,False,False,Finance
C,2023-09-07 04:00:00,40.73,0.4618217530076112,True,26.755337536262637,-12.914904854912754,1.9348391236903102,-1.5470147449842875,False,True,-2.3905325443786984,25.491445659101053,False,4.191616766466875,False,False,-1.5343204257190934,True,True,True,0.8283374680457198,False,False,False,True,Finance
C,2023-09-08 04:00:00,40.59,0.4276915496427691,True,25.93320539093251,-13.099979355709907,1.882022256718371,-1.6953257447323677,False,True,-2.3905325443786984,25.491445659101053,False,75.60975609756217,True,True,-1.5343204257190934,True,True,True,0.995591960402139,False,False,False,True,Finance
C,2023-09-11 04:00:00,40.59,0.4116777531411675,True,25.93320539093251,-12.986559029303399,1.8936519976816657,-2.404424140418371,False,False,0.8486905916585963,55.29411764705859,True,6.626506024097164,False,True,-4.7694364058315175,True,True,True,0.7554439994644138,False,False,False,False,Finance
C,2023-10-25 04:00:00,38.61,0.5995855995855996,True,29.5079245188856,-14.32418379726431,2.304353504022891,-4.595997034840627,False,False,2.11979295045599,6.822160894982064,False,59.64381720430071,True,True,3.115107241957027,False,False,True,0.8016256542640067,False,False,False,True,Finance
BX,2022-09-27 04:00:00,81.95,0.32068334350213545,True,28.838612991373637,-22.008026140670772,4.721760136124363,-9.885638882779846,True,True,-7.51479883615932,12.574850299401296,False,2.7649769585254482,False,True,0.8948467138471861,False,False,True,1.5660680824800595,True,False,False,True,Finance
BX,2023-10-23 04:00:00,92.74,0.7998706059952556,True,25.615814769843624,-5.005051256122785,3.344126990173163,-11.287545437153257,False,False,-1.2651003519452142,17.267552182163136,False,17.322834645669158,False,False,-1.2781126826971967,True,True,True,1.2114636178150164,True,False,False,False,Finance
BX,2023-10-25 04:00:00,91.91,0.8224349907518225,True,28.845279080509258,-5.7769836534644154,3.376234457655082,-10.156402737047898,False,False,-1.2651003519452142,17.267552182163136,False,9.26829268292671,False,False,-1.2781126826971967,True,True,True,0.8772601097842885,False,False,False,False,Finance
BX,2023-10-26 04:00:00,92.3,0.8414951245937161,True,29.971558534124807,-5.326514613480027,3.32535692388177,-2.037783909997881,False,False,-1.2651003519452142,17.267552182163136,False,14.448669201521227,False,False,-1.2781126826971967,True,True,True,0.7612510608081742,False,False,False,False,Finance
BX,2023-10-27 04:00:00,89.61,0.8949893985046311,True,26.818387945208105,-8.011678858412935,3.4762508751938843,-5.094259690743486,False,False,-1.2651003519452142,17.267552182163136,False,29.99999999999996,False,False,-1.2781126826971967,True,True,True,0.8719800326609475,False,False,False,False,Finance
GILD,2022-03-09 05:00:00,59.0,0.34745762711864403,True,28.279796632641823,-12.027591767921507,2.3085444880606163,-3.6577400391900716,False,False,0.1146601146601256,51.05787181082781,True,5.7971014492752575,False,False,-2.8316107620693143,True,True,False,1.0301966230754618,True,False,False,False,Health
GILD,2022-03-10 05:00:00,57.92,0.3727555248618786,True,24.943663008203902,-13.520580859970972,2.390802119108243,-6.141630205801329,False,False,0.1146601146601256,51.05787181082781,True,43.47826086956524,True,True,-2.8316107620693143,True,True,False,0.9971788936075591,False,False,False,False,Health
GILD,2022-03-11 05:00:00,58.0,0.3753448275862068,True,25.643404405207683,-13.285505036050886,2.372756605423329,-6.239896540575495,False,False,0.1146601146601256,51.05787181082781,True,3.6585365853659804,False,False,-2.8316107620693143,True,True,False,0.9867241291158871,False,False,False,False,Health
GILD,2022-03-14 04:00:00,58.15,0.3697334479793639,True,27.01730730523759,-12.948108491303778,2.3273166447478078,-3.501493528045141,False,False,1.2107329842931946,35.081967213114794,True,19.515197424486235,False,False,1.278106685828595,False,False,False,0.9535576078918762,False,False,False,False,Health
GILD,2022-03-15 04:00:00,58.32,0.3691700960219477,True,28.626890780690015,-12.583203114058685,2.2937916637236735,-2.049042660396372,False,False,1.2107329842931946,35.081967213114794,True,58.59030837004408,True,True,1.278106685828595,False,False,False,0.8226127603315206,False,False,False,False,Health
GILD,2022-03-16 04:00:00,57.97,0.3336208383646715,True,27.29233092449554,-12.994345720451605,2.325785612963282,-1.745762711864407,False,False,1.2107329842931946,35.081967213114794,True,52.86195286195265,True,True,1.278106685828595,False,False,False,1.0437505604462871,True,False,False,False,Health
GILD,2022-06-14 04:00:00,57.79,0.36701851531406815,True,26.528813354437418,-10.2516040055682,2.412149114306901,-7.595139110968985,False,True,-2.083333333333326,37.62376237623763,True,23.364485981308373,False,False,1.0311833437335771,False,False,True,1.3135642137702486,True,False,False,False,Health
GILD,2022-06-16 04:00:00,57.72,0.34632709632709635,True,28.908220340983515,-10.18526636248078,2.3744359156775046,-5.655442955214118,False,True,-2.083333333333326,37.62376237623763,True,49.19786096256643,True,True,1.0311833437335771,False,False,True,1.23010902078634,True,False,False,False,Health
GILD,2024-04-04 04:00:00,69.55,0.5171818835370237,True,29.183248131331236,-9.416528859163277,1.6447804157778672,-4.739076838789213,False,True,-1.4655991314968086,2.906976744185883,False,7.769423558897283,False,False,-3.687186953817434,True,True,True,0.9909483334051001,False,False,False,False,Health
GILD,2024-04-05 04:00:00,69.58,0.48304110376544984,True,29.426552660278716,-9.292819113979467,1.6775224950987129,-5.010238907849828,False,True,-1.4655991314968086,2.906976744185883,False,70.75792624846902,True,True,-3.687186953817434,True,True,True,0.9111508050672668,False,False,False,False,Health
GILD,2024-04-08 04:00:00,69.42,0.5161336790550273,True,28.857109438665738,-9.41576178398145,1.6158231445410849,-4.747530186608118,False,False,0.8814212918330844,22.159090909090878,False,0.0,False,True,-3.471450919528274,True,True,True,0.6559052221535507,False,False,False,False,Health
GILD,2024-04-10 04:00:00,68.12,0.5212859659424542,True,26.93089920659199,-10.93696168596083,1.6982294761415277,-3.9074622654817315,False,False,0.8814212918330844,22.159090909090878,False,3.250545690520311,False,False,-3.471450919528274,True,True,True,1.1454248918482763,True,False,False,False,Health
GILD,2024-04-12 04:00:00,68.07,0.5525194652563541,True,29.140655278812048,-10.814694890778147,1.6616293276724887,-2.1701638401839696,False,False,0.8814212918330844,22.159090909090878,False,44.99999999999886,True,False,-3.471450919528274,True,True,True,0.8324153575614197,False,False,False,False,Health
GILD,2024-04-15 04:00:00,67.75,0.5480442804428043,True,28.08904683140525,-11.13462452348943,1.6298285802326422,-2.4056467876692578,False,True,-5.010238907849828,22.222222222222086,False,6.622516556291054,False,False,3.035669099923477,False,False,True,1.1827457291828976,True,False,False,False,Health
GILD,2024-04-16 04:00:00,67.31,0.5531124647154955,True,26.664192178387893,-11.608750934382083,1.5981190674702335,-3.760366028024009,False,True,-5.010238907849828,22.222222222222086,False,17.730496453900752,False,False,3.035669099923477,False,False,True,0.7740712982491975,False,False,False,False,Health
GILD,2024-04-17 04:00:00,66.93,0.5587927685641714,True,25.46287786082919,-12.00174942479058,1.5628291046172742,-1.7469172049324633,False,True,-5.010238907849828,22.222222222222086,False,6.060606060607039,False,False,3.035669099923477,False,False,True,0.8448990656773514,False,False,False,False,Health
GILD,2024-04-18 04:00:00,66.16,0.5947702539298672,True,23.18358261968477,-12.901342924032406,1.5890071424646348,-3.627093954843419,False,True,-5.010238907849828,22.222222222222086,False,23.2142857142851,False,False,3.035669099923477,False,False,True,1.0365672756518292,True,False,False,False,Health
GILD,2024-04-19 04:00:00,66.76,0.5934691431995205,True,28.55064471337264,-12.005407831621923,1.5339309927790197,-1.9244894961069292,False,True,-5.010238907849828,22.222222222222086,False,13.432835820895997,False,False,3.035669099923477,False,False,True,1.650721224627049,True,False,False,False,Health
GILD,2024-04-25 04:00:00,65.27,0.5965987436800981,True,24.702698369441855,-13.554190187358017,1.698470701435609,-1.3452237001209233,False,True,-2.1701638401839696,19.31330472102957,False,6.405693950177668,False,False,-2.2559698953722895,True,False,True,2.2110759875070665,True,True,False,False,Health
GILD,2024-04-26 04:00:00,65.42,0.6285539590339346,True,26.11317513924279,-13.240229330738485,1.7614091091356179,-2.0071899340922794,False,True,-2.1701638401839696,19.31330472102957,False,45.91154762596633,True,True,-2.2559698953722895,True,False,True,1.7532798283696795,True,False,False,False,Health
GILD,2024-04-30 04:00:00,65.2,0.5901840490797547,True,28.125259881998243,-13.308079667790073,1.820544625831132,-2.7301208414142852,False,True,-1.9244894961069292,33.65949119373784,True,46.62576687116615,True,True,-1.6603770829613063,True,True,True,1.0121707075279431,True,False,False,True,Health
GILD,2024-05-03 04:00:00,64.78,0.5267057733868479,True,27.99738435201458,-13.526554074338115,1.7799609184101308,-0.9782940996637124,False,True,-1.9244894961069292,33.65949119373784,True,37.50000000000015,True,True,-1.6603770829613063,True,True,True,1.056332852659701,True,False,False,True,Health
BA,2022-03-07 05:00:00,169.17,0.2248034521487261,True,27.698832459277686,-21.482430347786536,5.137497570119569,-17.61468783481056,True,True,-3.611921733722434,72.92707292707287,True,0.8052708638359095,False,False,2.505507036011334,False,False,False,1.3437017645628355,True,False,False,False,Industrial
BA,2022-04-27 04:00:00,154.46,0.33872847339116907,True,25.978059849476825,-24.770372946378778,4.818593659848975,-15.848542631435581,True,False,3.8470319634703154,3.624382207578239,False,55.47540983606562,True,True,-2.108580841151153,True,False,True,4.630600340770996,True,True,True,False,Industrial
BA,2022-04-28 04:00:00,154.22,0.32194267928932696,True,25.863557302392465,-24.70079798241062,4.842173378060815,-14.804993923323394,True,False,3.8470319634703154,3.624382207578239,False,67.00898587933253,True,True,-2.108580841151153,True,False,True,1.5195760056593428,True,False,False,False,Industrial
BA,2022-04-29 04:00:00,148.84,0.3655603332437516,True,23.376200563388,-27.1294807725633,5.067219698400491,-15.871580375310867,True,False,3.8470319634703154,3.624382207578239,False,3.760326208298495,False,True,-2.108580841151153,True,False,True,1.1743049363447289,True,False,False,False,Industrial
BA,2022-05-02 04:00:00,148.61,0.35206244532669406,True,23.273153576429536,-27.044328703883806,5.004289626168722,-15.519299641862306,True,True,-2.759151368583057,3.146067415730245,False,76.41195465928591,True,True,-1.487565556205539,True,True,True,1.2725926540691583,True,False,False,False,Industrial
BA,2022-05-06 04:00:00,148.9,0.35580926796507706,True,29.888334050982593,-26.173715627736122,4.8683043545721265,0.040311744154797324,True,True,-2.759151368583057,3.146067415730245,False,60.39603960396048,True,True,-1.487565556205539,True,True,True,0.8025810081893164,False,False,False,False,Industrial
BA,2022-05-09 04:00:00,133.31,0.5065636486385117,True,22.72872511919548,-33.6796820330272,5.919916381337412,-10.295404077787506,True,True,-15.871580375310867,9.441489361702136,False,4.615384615384597,False,True,6.1531784824166325,False,False,True,1.2727654826611359,True,False,False,True,Industrial
BA,2022-05-10 04:00:00,132.95,0.5181647235802935,True,22.59413154859272,-33.63519303121821,5.91515751697694,-13.432738637843489,True,True,-15.871580375310867,9.441489361702136,False,34.90919266079487,True,True,6.1531784824166325,False,False,True,1.155427487486082,True,False,False,True,Industrial
BA,2022-05-11 04:00:00,129.39,0.5511245073035012,True,21.253783253805462,-35.18385582618928,6.187529669143727,-17.570236350895087,True,True,-15.871580375310867,9.441489361702136,False,2.842639593908354,False,False,6.1531784824166325,False,False,True,1.0874698333012933,True,False,False,True,Industrial
BA,2022-05-12 04:00:00,123.14,0.6466623355530292,True,19.110370445238484,-38.07863798346646,6.5656152292260765,-18.163088987838105,True,True,-15.871580375310867,9.441489361702136,False,34.666666666666664,True,False,6.1531784824166325,False,False,True,1.4620344648908787,True,False,False,True,Industrial
BA,2022-05-13 04:00:00,127.2,0.5791666666666666,True,24.441091409504867,-35.806871156124046,6.374869817637966,-14.573539288112825,True,True,-15.871580375310867,9.441489361702136,False,30.878859857482226,True,False,6.1531784824166325,False,False,True,1.7922371160278752,True,False,False,True,Industrial
BA,2022-05-16 04:00:00,124.05,0.6676340185409111,True,23.165521158113762,-37.16273885406122,6.575058864770046,-6.946215587727855,True,False,0.040311744154797324,31.74925896261613,True,19.37498575368696,False,True,-1.2253680036859227,True,False,True,0.8907044814288756,False,False,False,True,Industrial
BA,2022-05-18 04:00:00,125.52,0.6371096239643086,True,29.52148059604499,-35.977286785913535,6.507317023123742,-2.9909575701367874,True,False,0.040311744154797324,31.74925896261613,True,14.987080103359137,False,False,-1.2253680036859227,True,False,True,0.7774297524246178,False,False,False,True,Industrial
BA,2022-05-20 04:00:00,120.7,0.6785418392709195,True,28.22473068050203,-37.98384721255988,6.78976950499134,-5.110062893081757,True,False,0.040311744154797324,31.74925896261613,True,30.756159728122395,True,False,-1.2253680036859227,True,False,True,1.452065361020856,True,False,False,True,Industrial
BA,2022-05-24 04:00:00,119.4,0.6823283082077052,True,29.68106641921602,-38.19335696462301,6.553761806210681,-9.57970465732677,True,True,-14.573539288112825,25.946756655418092,False,39.00184842883551,True,True,4.594596537920359,False,False,False,0.6937194531828735,False,False,False,True,Industrial
BA,2022-09-23 04:00:00,131.26,0.49047691604449195,True,26.017919054936538,-22.425872698876404,4.515149107666434,-9.03042483886617,True,False,3.754446054538274,20.775026910656404,False,26.32759910246807,False,False,-2.809287471835198,True,False,True,1.3715665062074813,True,False,False,False,Industrial
BA,2022-09-26 04:00:00,127.34,0.5349458143552694,True,23.802714362633214,-24.55683965700663,4.634140397103283,-12.106570955273321,True,True,-8.398933468765879,14.98470948012231,False,8.258527827648269,False,False,2.273963660542022,False,False,True,1.0724006487959348,True,False,False,True,Industrial
BA,2022-09-27 04:00:00,127.51,0.4934514940004706,True,24.10450436167524,-24.271842077967513,4.569080686205405,-12.628477456488962,True,True,-8.398933468765879,14.98470948012231,False,39.381443298969344,True,False,2.273963660542022,False,False,True,0.9953052257155267,False,False,False,True,Industrial
BA,2022-09-29 04:00:00,125.33,0.4986834756243519,True,28.49800842925797,-25.22346364724396,4.901060703105867,-9.64602407901377,True,True,-8.398933468765879,14.98470948012231,False,19.590268886043507,False,False,2.273963660542022,False,False,True,1.244923074703582,True,False,False,True,Industrial
BA,2022-09-30 04:00:00,121.08,0.5602907168814006,True,26.135213964974902,-27.559082074644643,4.975311006278823,-7.755599573365835,True,True,-8.398933468765879,14.98470948012231,False,2.0066889632107787,False,False,2.273963660542022,False,False,True,1.1656476693383089,True,False,False,True,Industrial
BA,2023-09-28 04:00:00,190.43,-0.20159638712387762,False,19.08515258713473,-7.696991252654274,2.313594824522719,-4.76119029757438,False,True,-1.495716381881007,16.803278688524852,False,7.645990633661566,False,True,-3.2706975510609637,True,False,False,1.795393056212851,True,False,False,False,Industrial
BA,2023-09-29 04:00:00,191.68,-0.19542988313856435,False,22.307356077925498,-7.025504637882878,2.2379234034552375,-3.0499216023468723,False,True,-1.495716381881007,16.803278688524852,False,54.3165467625906,True,True,-3.2706975510609637,True,False,False,1.1800359495627284,True,False,False,False,Industrial
BA,2023-10-02 04:00:00,187.83,-0.18601927274663277,False,19.70463018477499,-8.812260025879263,2.330202483121477,-5.50860247509809,False,True,-4.997357166882899,5.292479108635293,False,16.33393829401102,False,True,-1.1436930785348465,True,True,True,1.1784103918555966,True,False,False,True,Industrial
BA,2023-10-03 04:00:00,188.92,-0.20326063942409478,False,22.462922027904934,-8.207432335076744,2.3274648079539304,-3.43488039255776,False,True,-4.997357166882899,5.292479108635293,False,9.906759906760126,False,True,-1.1436930785348465,True,True,True,1.5641952064448925,True,False,False,True,Industrial
BA,2023-10-04 04:00:00,186.73,-0.1699244899052107,False,20.90881330672193,-9.18773310045125,2.42726337865311,-4.466386984549276,False,True,-4.997357166882899,5.292479108635293,False,37.98232788761032,True,False,-1.1436930785348465,True,True,True,1.5420865326576716,True,False,False,True,Industrial
BA,2023-10-05 04:00:00,186.29,-0.16307907026678836,False,20.600434325169633,-9.316884444558257,2.4110478973055223,-2.1740272015963957,False,True,-4.997357166882899,5.292479108635293,False,51.13636363636368,True,True,-1.1436930785348465,True,True,True,0.9058932486724754,False,False,False,True,Industrial
BA,2023-10-06 04:00:00,187.38,-0.1746717899455651,False,23.606312423312982,-8.706475097378112,2.457955364293183,-2.243322203672793,False,True,-4.997357166882899,5.292479108635293,False,46.3054187192119,True,True,-1.1436930785348465,True,True,True,1.126499487492012,True,False,False,True,Industrial
BA,2023-10-09 04:00:00,188.49,-0.20754416679929966,False,26.651578020919587,-8.090994825266092,2.4133268874045366,0.35138156843954604,False,True,-3.0499216023468723,17.628205128205217,False,60.89238845144336,True,True,-1.9649342569939554,True,True,True,0.9603931229550359,False,False,False,True,Industrial
BA,2023-10-19 04:00:00,182.79,-0.1256633295038022,False,29.732838507409713,-10.296279995205381,2.7151870368372206,-4.448510193413502,False,True,-2.243322203672793,48.5915492957745,True,5.5432372505542995,False,False,-1.5338670941363763,True,True,True,0.7190333726263195,False,False,False,True,Industrial
BA,2023-10-20 04:00:00,180.04,-0.11197511664074644,False,27.18807227376833,-11.543332721438361,2.7001965833089407,-2.6337136985560616,False,True,-2.243322203672793,48.5915492957745,True,5.367383259414018,False,False,-1.5338670941363763,True,True,True,0.803850548157948,False,False,False,True,Industrial
BA,2023-10-23 04:00:00,181.03,-0.1324089929845882,False,29.526503099693606,-10.958966912882454,2.702339828113036,-2.1089060725680064,False,True,-1.3181769665919552,10.55038340154082,False,19.092627599243713,False,False,2.281302621970971,False,False,True,0.7198998746310674,False,False,False,True,Industrial
BA,2023-10-25 04:00:00,177.73,-0.12783435548303612,False,27.995481828242525,-12.383462452932806,2.9292762888754154,-4.286714416500626,False,True,-1.3181769665919552,10.55038340154082,False,13.767441860465022,False,False,2.281302621970971,False,False,True,2.2291354958440075,True,True,False,True,Industrial
BA,2024-01-16 05:00:00,200.52,-0.15754039497307004,False,23.719323709602396,-6.265723501637613,3.6424558356999195,-12.436681222707424,False,True,-4.473260185682504,38.48620910840289,True,8.885017421602885,False,False,2.5999351908074786,False,False,False,3.269695830553923,True,True,True,False,Industrial
BA,2024-01-17 05:00:00,203.06,-0.15744115039889683,False,26.469307803412104,-5.030395992094519,3.5432905736056632,-10.054925584691699,False,True,-4.473260185682504,38.48620910840289,True,21.075268817204055,False,False,2.5999351908074786,False,False,False,1.8384690197810203,True,False,False,False,Industrial
BA,2024-03-12 04:00:00,184.24,-0.12174337820234482,False,26.01074546392192,-12.6038683085213,2.887330165980655,-8.402107984488405,False,True,-0.4132848677986467,10.891089108910986,False,19.926199261992792,False,False,-2.507780144595939,True,True,True,2.4806303962837584,True,True,False,True,Industrial
BA,2024-03-13 04:00:00,182.35,-0.11242116808335623,False,24.817665571288966,-13.384055870982381,2.8612566991043855,-9.27860696517413,False,True,-0.4132848677986467,10.891089108910986,False,6.940874035989274,False,False,-2.507780144595939,True,True,True,1.334403309733171,True,False,False,True,Industrial
BA,2024-03-14 04:00:00,181.15,-0.10808722053546793,False,24.06297289691596,-13.834416126969195,2.848760722393399,-10.776732502585817,False,True,-0.4132848677986467,10.891089108910986,False,14.253716147424097,False,False,-2.507780144595939,True,True,True,1.2808465493884793,True,False,False,True,Industrial
BA,2024-03-15 04:00:00,182.53,-0.05429244507752151,False,26.8190402764742,-13.06401270838051,2.753241761902285,-8.040707340420173,False,True,-0.4132848677986467,10.891089108910986,False,2.446483180428509,False,False,-2.507780144595939,True,True,True,1.3348287007849504,True,False,False,True,Industrial
BA,2024-03-18 04:00:00,179.84,-0.038979092526690295,False,24.920373852509197,-14.222777652448105,2.7938325513155795,-6.571769962075957,False,True,-0.7549999999999946,22.8197674418607,False,63.221271726693416,True,True,-3.544439653547482,True,True,True,1.1476991802864167,True,False,False,True,Industrial
BA,2024-03-19 04:00:00,181.14,-0.016727393176548366,False,27.588395590596296,-13.485626703611853,2.659449280892333,-1.6825879287885481,False,True,-0.7549999999999946,22.8197674418607,False,17.647058823529413,False,True,-3.544439653547482,True,True,True,0.9119500359421592,False,False,False,True,Industrial
BA,2024-04-10 04:00:00,174.63,-0.10187253049304235,False,28.724332434932606,-15.272892353300552,2.6613098034202873,-5.5645684620376334,False,True,2.1922160444797445,65.9551760939168,True,38.69257950530034,True,False,-2.2401992156200645,True,False,True,1.1855989175944186,True,False,False,False,Industrial
BA,2024-04-11 04:00:00,173.36,-0.08121827411167515,False,27.65274252137893,-15.755881722675245,2.626112014069278,-5.417644170440273,False,True,2.1922160444797445,65.9551760939168,True,59.638554216868144,True,True,-2.2401992156200645,True,False,True,0.9438205792065449,False,False,False,False,Industrial
BA,2024-04-12 04:00:00,169.55,-0.08274845178413448,False,24.678335026822403,-17.46274420703517,2.6614214617970475,-7.420552582723583,False,True,2.1922160444797445,65.9551760939168,True,4.651162790697845,False,True,-2.2401992156200645,True,False,True,0.9513893739706732,False,False,False,False,Industrial
BA,2024-04-15 04:00:00,167.82,-0.06763198665236558,False,23.445169313813587,-18.15584177077603,2.652149460740234,-7.567746199603443,False,True,-5.103891393336458,6.713147219318409,False,7.945205479451824,False,False,-1.4962944661198185,True,True,True,0.8384161627031264,False,False,False,False,Industrial
BA,2024-04-16 04:00:00,170.55,-0.05071826443858107,False,29.43730923511707,-16.684972150769322,2.544326503546734,-4.249943858073202,False,True,-5.103891393336458,6.713147219318409,False,13.494809688580906,False,False,-1.4962944661198185,True,True,True,1.0422025192143214,True,False,False,False,Industrial
BA,2024-04-17 04:00:00,170.21,-0.06386228776217617,False,29.131484286075363,-16.71141296902231,2.4818096583794143,-2.531065681727074,False,True,-5.103891393336458,6.713147219318409,False,68.84735202492229,True,True,-1.4962944661198185,True,True,True,1.0615926001097822,True,False,False,False,Industrial
BA,2024-04-18 04:00:00,170.23,-0.04529166421899766,False,29.17809418631103,-16.562966285082567,2.427839093909031,-1.8054914628518826,False,True,-5.103891393336458,6.713147219318409,False,13.07300509337833,False,True,-1.4962944661198185,True,True,True,0.7011224320037068,False,False,False,False,Industrial
BA,2024-04-19 04:00:00,169.82,0.015015899187375004,True,28.760494911299595,-16.624850789570896,2.3587090686061485,0.15924506045412734,False,True,-5.103891393336458,6.713147219318409,False,7.234042553190975,False,True,-1.4962944661198185,True,True,True,0.6546760896163047,False,False,False,False,Industrial
BA,2024-04-23 04:00:00,169.18,0.05183827875635405,True,28.99612533706067,-16.664784210965976,2.314011631470516,-0.8032834945763678,False,True,-7.420552582723583,1.1857707509881865,False,27.27272727272727,False,True,1.1051854865386623,False,False,True,1.1291278411434416,True,False,False,True,Industrial
BA,2024-04-24 04:00:00,164.33,0.10935313089515009,True,24.239079116313096,-18.900054918009516,2.8597935954474725,-3.4545561365372124,False,True,-7.420552582723583,1.1857707509881865,False,10.671140939597356,False,True,1.1051854865386623,False,False,True,2.8406143294513884,True,True,False,True,Industrial
BSX,2022-06-14 04:00:00,35.24,0.5317820658342791,True,26.577181138991087,-15.962768990115908,3.2611158969637377,-10.965133906013126,False,True,-3.1310679611650682,38.157894736841975,True,11.654135338345965,False,True,-0.6730520974213783,True,False,False,1.538371738461939,True,False,False,False,Health
SCHW,2022-04-22 04:00:00,70.32,-0.27431740614334466,False,29.74802983731483,-12.143869255996632,4.981985722106559,-15.021148036253784,False,True,-2.2145080201101397,53.27586206896547,True,2.140672782874412,False,False,-0.9022527467188457,True,False,False,1.1861078493382566,True,False,False,True,Finance
SCHW,2022-04-25 04:00:00,70.31,-0.28032996728772575,False,29.736969525546336,-12.049979696662867,4.848255752809936,-6.178275954096602,False,False,1.297588444118003,33.943427620632356,True,48.62385321100913,True,True,-0.6174239285159477,True,True,False,0.9634720647917865,False,False,False,False,Finance
SCHW,2022-04-26 04:00:00,68.54,-0.24525824336154078,False,27.76896199263389,-14.142194857330326,4.836019848410588,-10.871261378413521,False,False,1.297588444118003,33.943427620632356,True,1.4354066985646552,False,False,-0.6174239285159477,True,True,False,0.8297464379665489,False,False,False,False,Finance
SCHW,2022-04-27 04:00:00,68.58,-0.2382618839311752,False,27.885113908820024,-13.971459138952353,4.675103534277801,-10.29431000654023,False,False,1.297588444118003,33.943427620632356,True,2.2263037791502382,False,False,-0.6174239285159477,True,True,False,0.6665589607612469,False,False,False,False,Finance
SCHW,2022-04-28 04:00:00,69.12,-0.2504340277777778,False,29.53255353868806,-13.179223142704577,4.521165886398428,-5.663982530367129,False,False,1.297588444118003,33.943427620632356,True,75.84541062801941,True,True,-0.6174239285159477,True,True,False,0.621174781898773,False,False,False,False,Finance
SCHW,2022-04-29 04:00:00,66.33,-0.24468566259611035,False,26.20201539854706,-16.545166725896564,4.747408863563321,-5.674061433447097,False,False,1.297588444118003,33.943427620632356,True,5.20231213872812,False,True,-0.6174239285159477,True,True,False,0.7606288370735756,False,False,False,False,Finance
SCHW,2022-05-09 04:00:00,64.13,-0.25853734601590517,False,29.920520208696985,-18.648493023327106,4.770520145486538,-5.538370894093392,False,True,-5.674061433447097,3.930131004366652,False,12.915129151291332,False,True,-2.4451549819944463,True,False,False,0.9146663178622844,False,False,False,False,Finance
SCHW,2023-03-09 05:00:00,66.47,0.007221302843388067,True,23.93951347849643,-13.208619354049237,3.8924791469460556,-12.642922854514394,False,False,0.3486055776892538,48.29931972789109,True,23.977272727272727,False,False,-3.8743750601660576,True,True,True,5.177658648405359,True,True,True,False,Finance
SCHW,2023-03-10 05:00:00,58.7,0.13287904599659273,True,17.552203388375272,-23.17556006633253,5.2075080988897,-24.170003875468282,True,False,0.3486055776892538,48.29931972789109,True,16.646706586826365,False,False,-3.8743750601660576,True,True,True,7.468858609268236,True,True,True,False,Finance
SCHW,2023-03-13 04:00:00,51.91,0.29319976883066845,True,14.029485504143967,-31.84463380662544,7.353179170353539,-32.23237597911227,True,True,-3.9578163771712083,33.672603901611545,True,68.28282828282826,True,True,1.9475251542358407,False,False,True,7.781523453353903,True,True,True,True,Finance
SCHW,2023-03-14 04:00:00,56.68,0.17501764290755117,True,25.362299493276225,-25.39193853843881,7.412725450561648,-24.37625083388927,True,True,-3.9578163771712083,33.672603901611545,True,27.495908346972175,False,True,1.9475251542358407,False,False,True,4.60733453932793,True,True,True,True,Finance
SCHW,2023-03-16 04:00:00,57.88,0.1644782308223911,True,29.7678848201527,-23.46808429077297,7.395822820692881,-12.923123213479759,True,True,-3.9578163771712083,33.672603901611545,True,49.03723647203064,True,True,1.9475251542358407,False,False,True,2.1016121254967306,True,True,False,True,Finance
SCHW,2023-03-17 04:00:00,56.41,0.2116645984754475,True,28.49830699108109,-25.222716861834794,7.5682033621219045,-3.9011925042589546,True,True,-3.9578163771712083,33.672603901611545,True,74.64788732394354,True,True,1.9475251542358407,False,False,True,1.8622207342325026,True,False,False,True,Finance
SCHW,2023-03-20 04:00:00,56.11,0.24166815184459112,True,28.23365989361792,-25.43029781348185,7.576941430792647,8.090926603737248,True,True,-24.170003875468282,6.94652673663169,False,3.9800995024874815,False,True,23.26023169084035,False,False,False,1.2661740055820054,True,False,False,True,Finance
SCHW,2023-03-23 04:00:00,52.89,0.348648137644167,True,29.04854971247687,-29.179451992732396,7.845677132505474,-8.621285418106428,True,True,-24.170003875468282,6.94652673663169,False,2.319902319902293,False,False,23.26023169084035,False,False,False,1.0989268537047039,True,False,False,True,Finance
SCHW,2023-03-24 04:00:00,53.26,0.33308298911002643,True,29.844665146051412,-28.479888365573036,7.636328826238921,-5.584116291437691,True,True,-24.170003875468282,6.94652673663169,False,32.72120200333906,True,False,23.26023169084035,False,False,False,1.0338636412673485,True,False,False,True,Finance
SCHW,2023-04-04 04:00:00,50.0,0.43779999999999997,True,29.287825523109134,-31.51495914264388,6.622542969162491,-7.149489322191272,True,True,-5.584116291437691,24.184476940382435,False,5.367948467694685,False,True,2.5434793520207277,False,False,False,0.5569104636939131,False,False,False,False,Finance
SCHW,2023-04-05 04:00:00,48.87,0.4808676079394314,True,28.022763376927056,-32.8417824177402,6.531399529298751,-11.483426915413887,True,True,-5.584116291437691,24.184476940382435,False,48.11320754716952,True,False,2.5434793520207277,False,False,False,0.6997569409035888,False,False,False,False,Finance
SCHW,2023-04-06 04:00:00,49.35,0.4646403242147923,True,29.417427699010652,-31.96429171497709,6.175080959558243,-5.946255002858769,True,True,-5.584116291437691,24.184476940382435,False,19.58939264328472,False,False,2.5434793520207277,False,False,False,0.5269098922323315,False,False,False,False,Finance
SCHW,2023-08-22 04:00:00,56.46,0.13832801983705267,True,27.8212236517549,-10.990191805211818,2.700394767699444,-7.397080531408884,False,True,-1.2939001848428888,9.954751131221697,False,5.813953488372167,False,True,-3.716412013507575,True,True,True,2.17310212667978,True,True,False,False,Finance
SCHW,2023-10-03 04:00:00,51.3,0.23586744639376223,True,25.517834796306154,-17.10193515436712,2.9450574227519404,-5.350553505535061,False,True,-5.273102026794918,0.9174311926605844,False,24.336283185840603,False,False,-1.622790386195272,True,False,True,1.6300245939625904,True,False,False,False,Finance
SCHW,2023-10-04 04:00:00,51.41,0.25948259093561576,True,26.234064769834177,-16.784045509022285,2.846248360843178,-5.461566752482538,False,True,-5.273102026794918,0.9174311926605844,False,62.13017751479282,True,True,-1.622790386195272,True,False,True,1.086865611716916,True,False,False,False,Finance
SCHW,2023-10-05 04:00:00,51.06,0.25910693301997667,True,25.397217171821758,-17.207646023490668,2.855510557610543,-6.397800183318047,False,True,-5.273102026794918,0.9174311926605844,False,75.09025270758127,True,True,-1.622790386195272,True,False,True,0.8876504330055597,False,False,False,False,Finance
SCHW,2023-10-06 04:00:00,51.52,0.25970496894409933,True,28.620005402166527,-16.324709926519425,2.9314978897664243,-6.1566484517304065,False,True,-5.273102026794918,0.9174311926605844,False,40.18264840182651,True,True,-1.622790386195272,True,False,True,1.1721928723830388,True,False,False,False,Finance
SCHW,2023-10-13 04:00:00,51.33,0.40190921488408327,True,29.367841734825074,-15.973200729077202,2.728714705854002,-0.36878881987578715,False,True,-0.4533091568449721,60.09035484012452,True,21.527598381124523,False,True,-3.230685725201987,True,True,True,1.3883344126706088,True,False,False,False,Finance
SCHW,2023-10-23 04:00:00,49.33,0.45367930265558476,True,29.616359535248115,-18.531004737129226,3.283898654088682,-8.172002978406557,False,False,-0.36878881987578715,5.205479452054724,False,3.067484662576521,False,False,-3.97809060807347,True,False,True,1.0408403763752625,True,False,False,True,Finance
SCHW,2024-07-18 04:00:00,62.27,0.5318773084952626,True,20.888161523790174,-9.275781383795593,3.4719764329675042,-18.151945320715036,False,True,-0.6649477541050275,3.4246575342463954,False,27.096774193548544,False,True,-4.012029952780383,True,True,True,2.1368334624302134,True,True,False,False,Finance
SCHW,2024-07-19 04:00:00,62.08,0.5326997422680413,True,20.657381032986418,-9.466548970974268,3.401831326228282,-17.64393738392146,False,True,-0.6649477541050275,3.4246575342463954,False,52.05479452054777,True,True,-4.012029952780383,True,True,True,1.3973447085161408,True,False,False,False,Finance
PANW,2022-05-09 04:00:00,76.585,0.30182150551674614,True,24.27297069649395,-9.987681548290515,6.139318937547377,-19.659061106740104,False,True,-1.801953113108612,8.888796542553193,False,13.10951239008783,False,False,-0.4344782613849296,True,False,False,2.2755819116239153,True,True,False,True,Tech
PANW,2022-05-11 04:00:00,77.7783,0.281205683333269,True,29.740168526292656,-8.460232331997219,6.32263834833182,-15.652460587973104,False,True,-1.801953113108612,8.888796542553193,False,20.28382924047529,False,True,-0.4344782613849296,True,False,False,1.4327172574293547,True,False,False,True,Tech
PANW,2022-05-18 04:00:00,73.1,0.2904240766073871,True,29.893590818728196,-13.635106572399488,6.995815832882781,-6.014916756987498,False,True,-10.050274354947852,5.852398278755219,False,11.370343316289079,False,False,4.0919768372204235,False,False,False,1.4952208095923847,True,False,False,True,Tech
PANW,2022-05-19 04:00:00,72.7283,0.32073759458147655,True,29.60037572151301,-13.953754922637815,6.903869594080694,-8.806583433331195,False,True,-10.050274354947852,5.852398278755219,False,25.749272360175063,False,True,4.0919768372204235,False,False,False,2.1560716545452436,True,True,False,True,Tech
PANW,2022-11-04 04:00:00,71.105,0.7022712889388931,True,29.298959835420153,-15.90912896727631,5.004730808456754,-16.87514613046528,False,False,4.65026157721371,24.380952380952404,False,18.24006834686046,False,False,-1.573630025561168,True,False,False,2.3825099115494375,True,True,False,True,Tech
PANW,2022-12-22 05:00:00,71.575,1.1014320642682498,True,29.024075407883522,-14.255604149007187,3.9797547627257486,-6.186512877645978,False,True,-7.985407377381426,1.5796703296704546,False,41.012658227848334,True,True,-1.0164751813733663,True,True,False,1.228689956191046,True,False,False,False,Tech
PANW,2022-12-23 05:00:00,70.635,1.1058965102286402,True,27.652805514328225,-15.251983671925531,3.885227186893629,-6.443708609271514,False,True,-7.985407377381426,1.5796703296704546,False,26.258992805756037,False,True,-1.0164751813733663,True,True,False,0.8138163897377552,False,False,False,False,Tech
PANW,2022-12-27 05:00:00,69.605,1.1232670066805541,True,26.19252602282296,-16.350546551422315,3.780587694337444,-7.513951634334304,False,True,-4.971680302076786,3.4353193773482906,False,8.588114050155314,False,True,0.7765493469787055,False,False,False,0.8119675781257839,False,False,False,True,Tech
PANW,2022-12-28 05:00:00,68.665,1.1472365834122185,True,24.90019195233769,-17.336434977936296,3.708919582690965,-8.00509110396569,False,True,-4.971680302076786,3.4353193773482906,False,20.415224913495024,False,False,0.7765493469787055,False,False,False,0.8783437260806211,False,False,False,True,Tech
PANW,2022-12-30 05:00:00,69.77,1.0529597248100906,True,29.977882839792237,-15.742407962732088,3.4987941992776035,-2.52183024799163,False,True,-4.971680302076786,3.4353193773482906,False,48.40000000000032,True,True,0.7765493469787055,False,False,False,0.9860812242172371,False,False,False,True,Tech
PANW,2023-01-03 05:00:00,69.225,1.0462260743950886,True,29.035806796396837,-16.263927313881897,3.580654518585131,-1.996177532384813,False,True,-6.443708609271514,6.320346320346472,False,15.838247683235002,False,False,-2.270913221216697,True,False,False,1.1361036658128436,True,False,False,False,Tech
PANW,2023-01-04 05:00:00,69.27,1.0422260718925944,True,29.23355524022739,-16.074131555555265,3.539793064032795,-0.4812872638459975,False,True,-6.443708609271514,6.320346320346472,False,35.86698337292133,True,True,-2.270913221216697,True,False,False,1.2289223488274297,True,False,False,False,Tech
PANW,2023-01-05 05:00:00,67.555,1.1426985419287985,True,26.233270108274198,-18.003885643940997,3.679138746304252,-1.6165440908759932,False,True,-6.443708609271514,6.320346320346472,False,48.393574297189076,True,True,-2.270913221216697,True,False,False,1.5797006090083303,True,False,False,False,Tech
PANW,2023-01-06 05:00:00,67.425,1.2278086763070082,True,26.01531159453589,-18.013515125329853,3.6062024832730417,-3.815977175463625,False,True,-6.443708609271514,6.320346320346472,False,38.43930635838127,True,True,-2.270913221216697,True,False,False,1.002556023620572,True,False,False,False,Tech
PANW,2023-01-09 05:00:00,67.54,1.34002072845721,True,26.596314685632596,-17.727359195566123,3.607308506758855,-3.19621613874157,False,True,-1.2246053656119638,57.731958762886315,True,7.800000000000296,False,True,-5.049524746952095,True,True,True,1.190781622800701,True,False,False,False,Tech
PANW,2023-01-10 05:00:00,67.095,1.4106863402638052,True,25.753523276391583,-18.12058318511056,3.5624211034507693,-3.076923076923066,False,True,-1.2246053656119638,57.731958762886315,True,35.47486033519569,True,True,-5.049524746952095,True,True,True,1.2737611195153595,True,False,False,False,Tech
PANW,2024-02-21 05:00:00,130.985,0.45352521281062685,True,22.602061683934533,-2.2496126548945123,6.444564822903824,-28.862760006517128,False,False,9.227380745377612,18.46565566458514,False,11.831340465701997,False,True,9.350206267583893,False,False,False,7.794576340347017,True,True,True,True,Tech
PANW,2024-02-22 05:00:00,133.91,0.40400268837278763,True,25.606888794293912,-0.06610426340024965,6.2493130798216,-27.288029755925393,False,False,9.227380745377612,18.46565566458514,False,23.878069432684104,False,False,9.350206267583893,False,False,False,2.988698578150248,True,True,False,True,Tech
ADI,2022-09-02 04:00:00,148.63,0.22572831864361165,True,29.70575820338651,-8.25635784900887,3.1962394452129144,-6.327598159702519,False,True,-6.281379002566101,14.641080312722126,False,14.444444444444452,False,True,2.0551061105005264,False,False,False,0.8124750771945688,False,False,False,True,Tech
ADI,2022-09-06 04:00:00,148.23,0.20393982324765592,True,29.3588002027576,-8.42578206535291,3.1465299552076123,-4.484825053160646,False,True,-5.553571428571436,1.7837235228539199,False,48.022598870056285,True,True,-1.0639004897767923,True,False,False,0.7211307912113194,False,False,False,True,Tech
ADI,2022-09-26 04:00:00,140.82,0.22716943615963658,True,29.356536143105785,-12.072180684473034,2.992190575797351,-5.875275716863859,False,True,-3.1586457387469236,38.76404494382034,True,6.410256410256037,False,True,-0.16741317847840387,True,True,True,1.3592896745045908,True,False,False,True,Tech
ADI,2023-10-25 04:00:00,159.79,0.4404530946867764,True,27.28951976848358,-10.283827320365301,2.4866977910203736,-6.702866818473763,False,True,-1.666954072541249,13.79310344827577,False,22.636103151862176,False,True,-1.5134783625410764,True,True,True,1.659688878332669,True,False,False,False,Tech
ADI,2023-10-30 04:00:00,155.88,0.47626379266102137,True,24.892613606267155,-12.20205219092513,2.5746535603647946,-4.875816195764937,False,True,-2.6597299351142745,6.327543424317855,False,29.372937293728913,False,False,-1.0327705039972601,True,True,True,1.3639342497497353,True,False,False,True,Tech
ADI,2023-10-31 04:00:00,157.33,0.41810207843386515,True,28.797196844945365,-11.284850474381775,2.4813090596043046,-4.608015521736486,False,True,-2.6597299351142745,6.327543424317855,False,54.03225806451649,True,True,-1.0327705039972601,True,True,True,0.9727519853172587,False,False,False,True,Tech
SBUX,2022-01-14 05:00:00,100.12,0.04874151018777462,True,25.342715277081247,-10.551391343142873,2.557386978678124,-6.925722785163135,False,False,4.093619293405704,4.125736738703215,False,36.52482269503559,True,False,-0.8313812736641557,True,False,False,1.8427414156112045,True,False,False,False,Consumer
SBUX,2022-01-18 05:00:00,97.73,0.06681673999795357,True,22.62471814018477,-12.57629117039055,2.6235492800633664,-7.827973215127793,False,True,-8.036248610754903,0.9200968523002309,False,11.891891891891868,False,False,5.716694358917684,False,False,False,1.5576101483055904,True,False,False,True,Consumer
SBUX,2022-01-19 05:00:00,96.87,0.0843398368948074,True,21.721942675464707,-13.23037519869279,2.5764965748113866,-6.891580161476352,False,True,-8.036248610754903,0.9200968523002309,False,5.590062111801456,False,False,5.716694358917684,False,False,False,1.4384601873319873,True,False,False,True,Consumer
SBUX,2022-01-20 05:00:00,95.72,0.10959047221061424,True,20.541582519709312,-14.138634624082044,2.6711897063053898,-7.846346394531634,False,True,-8.036248610754903,0.9200968523002309,False,3.880597014925244,False,False,5.716694358917684,False,False,False,2.43865079381183,True,True,False,True,Consumer
SBUX,2022-01-21 05:00:00,96.31,0.10725781331118256,True,22.857631301182607,-13.492255254299304,2.683241335967319,-5.947265624999998,False,True,-8.036248610754903,0.9200968523002309,False,14.734693877551011,False,False,5.716694358917684,False,False,False,1.5238348572866127,True,False,False,True,Consumer
SBUX,2022-01-24 05:00:00,98.1,0.09051987767584113,True,29.565420699996288,-11.780115410462418,2.7333323502775317,-2.017578905313633,False,True,-6.925722785163135,13.005050505050516,False,8.735993510115101,False,False,2.8476616081629214,False,False,False,1.8089825757179805,True,False,False,True,Consumer
SBUX,2022-01-25 05:00:00,97.01,0.12112153386248847,True,27.97048007675106,-12.649428621870562,2.785293670983062,-0.7367236263174037,False,True,-6.925722785163135,13.005050505050516,False,52.027027027027096,True,True,2.8476616081629214,False,False,False,1.2438700182314826,True,False,False,True,Consumer
SBUX,2022-01-26 05:00:00,95.58,0.140615191462649,True,25.989616567250607,-13.817526120795756,2.9045357720435154,-1.331681635181181,False,True,-6.925722785163135,13.005050505050516,False,18.18181818181801,False,True,2.8476616081629214,False,False,False,1.1466671092419216,True,False,False,True,Consumer
SBUX,2022-01-27 05:00:00,95.32,0.13722198908938332,True,25.634152594549125,-13.931621389509566,2.86276443123535,-0.41788549937318287,False,True,-6.925722785163135,13.005050505050516,False,12.304779933743065,False,True,2.8476616081629214,False,False,False,0.700520874317411,False,False,False,True,Consumer
SBUX,2022-02-23 05:00:00,89.65,0.13329615170105957,True,27.750470530449412,-17.109304293067034,2.7999876487979884,-5.14231298275315,False,True,-1.3368421052631585,8.022549869904704,False,4.729729729729911,False,False,-1.634567157737865,True,True,False,1.1147323184163718,True,False,False,False,Consumer
SBUX,2022-03-07 05:00:00,84.46,0.21359223300970887,True,28.23194338789925,-20.915643580364325,3.2615629054021955,-7.985619348512918,True,True,-0.8142275551746403,78.4977908689248,True,1.9298245614034977,False,False,1.3865532820251714,False,False,True,1.7729363132365872,True,False,False,False,Consumer
SBUX,2022-03-08 05:00:00,84.0,0.19404761904761902,True,27.647006643720296,-21.178948648633504,3.313886767749577,-6.811626358997113,True,True,-0.8142275551746403,78.4977908689248,True,7.5949367088606055,False,False,1.3865532820251714,False,False,True,1.2705299804070136,True,False,False,False,Consumer
SBUX,2022-03-14 04:00:00,79.29,0.2528692142767057,True,27.25262765573858,-24.979925411428667,3.9307056924872046,-6.121240824058716,True,True,-2.7543745949449083,14.426633785450232,False,10.820295364819552,False,False,-2.1187402211200412,True,False,True,1.9529245205332073,True,False,False,True,Consumer
SBUX,2022-04-26 04:00:00,75.63,0.49081052492397204,True,29.13274233924272,-24.419598625524618,2.926553556749969,-6.88254124599853,True,True,-2.4779195289499456,10.220440881763384,False,0.0,False,False,-4.315979517470547,True,False,False,0.8934923526888855,False,False,False,False,Consumer
SBUX,2022-04-27 04:00:00,74.74,0.5291677816430294,True,27.714731216749307,-25.120445029937617,2.9171204857420028,-6.773107147311974,True,True,-2.4779195289499456,10.220440881763384,False,3.4285714285707467,False,False,-4.315979517470547,True,False,False,0.8618410891287613,False,False,False,False,Consumer
SBUX,2023-09-27 04:00:00,91.17,0.06789514094548643,True,29.48919623818152,-7.956667999166851,1.7722973453698738,-4.1929382093316425,False,False,0.9970612930310763,17.60154738878186,False,33.617021276595885,True,True,-3.0082898205186503,True,True,True,0.85562253520877,False,False,False,True,Consumer
SBUX,2023-09-28 04:00:00,91.08,0.07037768994290738,True,29.24878465251091,-7.973840243670725,1.739879020567341,-2.169709989258861,False,False,0.9970612930310763,17.60154738878186,False,73.73103974239443,True,True,-3.0082898205186503,True,True,True,0.8529609576069429,False,False,False,True,Consumer
SBUX,2023-10-03 04:00:00,89.48,0.06794814483683509,True,25.495366637512976,-9.364434188674458,1.79441410625834,-2.7391304347825995,False,True,-2.649901278187672,16.497461928934165,False,14.516129032258618,False,False,-0.6455839917415718,True,True,True,1.1487572189343505,True,False,False,True,Consumer
SBUX,2024-04-10 04:00:00,85.95,-0.006050029086678288,False,28.522395950528534,-9.73830877825082,1.6100512377866065,-3.100338218714771,False,False,0.7496417153566304,20.89552238805988,False,27.559055118110688,False,True,-3.432055042553739,True,True,True,1.0149919120817812,True,False,False,False,Consumer
SBUX,2024-04-11 04:00:00,85.9,-0.004772991850989672,False,28.376923805005465,-9.702848587178488,1.5832286300855352,-1.963022141063686,False,False,0.7496417153566304,20.89552238805988,False,60.95238095238117,True,True,-3.432055042553739,True,True,True,0.945790298863497,False,False,False,False,Consumer
SBUX,2024-04-12 04:00:00,84.92,-0.014248704663212486,False,25.618916841488918,-10.63757835926092,1.6225282713280709,-2.2222222222222143,False,False,0.7496417153566304,20.89552238805988,False,51.63934426229476,True,True,-3.432055042553739,True,True,True,1.1877556725277831,True,False,False,False,Consumer
SBUX,2024-04-15 04:00:00,85.17,-0.05177879535047547,False,27.553320676549998,-10.281885120016282,1.623816493412617,-2.316779447184303,False,True,-4.967720757194449,0.3816793893129015,False,17.58620689655155,False,True,2.8748892716906616,False,False,True,1.420301101718271,True,False,False,False,Consumer
SBUX,2024-04-16 04:00:00,85.42,-0.04589089206274877,False,29.527068512668368,-9.928745756618905,1.651424774786252,-1.962584643635934,False,True,-4.967720757194449,0.3816793893129015,False,22.598870056496743,False,True,2.8748892716906616,False,False,True,1.2876780632097256,True,False,False,False,Consumer
SBUX,2024-05-01 04:00:00,74.44,0.09699086512627608,True,17.622015312904765,-20.790030221479867,3.3447610908896594,-16.12394366197183,True,False,3.167687235044747,26.77595628415314,False,40.97222222222219,True,True,-0.27314064925102466,True,True,True,5.920502523165692,True,True,True,True,Consumer
SBUX,2024-05-02 04:00:00,74.93,0.10476444681702923,True,19.58722708196588,-20.10750645139098,3.256651162871767,-14.697176684881597,True,False,3.167687235044747,26.77595628415314,False,86.35097493036267,True,True,-0.27314064925102466,True,True,True,1.983315273774575,True,False,False,True,Consumer
SBUX,2024-05-03 04:00:00,73.11,0.13130898645876066,True,17.880952812560295,-21.876652390894087,3.3460063419522053,-17.15580736543909,True,False,3.167687235044747,26.77595628415314,False,4.95049504950494,False,True,-0.27314064925102466,True,True,True,1.7318779273552534,True,False,False,True,Consumer
SBUX,2024-05-06 04:00:00,72.9,0.12743484224965695,True,17.68947283663384,-21.929366762622866,3.2619486650809666,-17.468583720140373,True,False,0.7305102157288079,40.64748201438831,True,13.422818791946545,False,True,-1.910584298449991,True,True,True,1.3897149462194194,True,False,False,False,Consumer
SBUX,2024-05-07 04:00:00,72.5,0.10758620689655163,True,17.30925159334745,-22.1846258504277,3.1540381772386534,-18.069838399819183,True,False,0.7305102157288079,40.64748201438831,True,66.66666666666711,True,True,-1.910584298449991,True,True,True,1.538421630022559,True,False,False,False,Consumer
SBUX,2024-05-08 04:00:00,73.5,0.16557823129251692,True,21.832716234312944,-20.945245722848092,3.105132149705957,-1.2627619559376635,True,False,0.7305102157288079,40.64748201438831,True,1.7977528089890498,False,True,-1.910584298449991,True,True,True,1.6278604945188129,True,False,False,False,Consumer
SBUX,2024-07-08 04:00:00,74.57,0.27598229851146594,True,29.664938358835652,-15.511166993607794,1.9803747361965531,-4.2132305716120815,False,True,-2.577900137654865,7.643312101910664,False,5.0505050505047535,False,True,-1.755625069004163,True,True,True,0.8447885627183751,False,False,False,True,Consumer
SBUX,2024-07-09 04:00:00,72.75,0.30501718213058426,True,25.10615541661011,-17.428869545769533,2.0724546617734907,-5.678724231816412,False,True,-2.577900137654865,7.643312101910664,False,1.047120418847961,False,True,-1.755625069004163,True,True,True,1.1224200674289282,True,False,False,True,Consumer
SBUX,2024-07-10 04:00:00,72.51,0.28837401737691337,True,24.569946281686263,-17.55605896331295,2.0115688440730137,-5.622803592346726,False,True,-2.577900137654865,7.643312101910664,False,19.51219512195236,False,False,-1.755625069004163,True,True,True,1.0431273919561213,True,False,False,True,Consumer
SBUX,2024-07-11 04:00:00,73.3,0.2616643929058664,True,29.87883533275396,-16.519459582456236,1.9861285709301746,-3.8814581694204153,False,True,-2.577900137654865,7.643312101910664,False,18.309859154929917,False,False,-1.755625069004163,True,True,True,1.1365122537568386,True,False,False,True,Consumer
MDT,2022-06-13 04:00:00,90.17,-0.025063768437396106,False,26.6600457113374,-17.5778552321734,2.9494556869001203,-5.57126400670227,False,True,-3.6334275333064103,1.9102196752628184,False,20.873786407767298,False,False,-0.5638764517446382,True,False,False,1.2820175244267107,True,False,False,True,Health
MDT,2022-06-14 04:00:00,88.48,-0.0025994575045208412,False,24.55520294537144,-18.968459219327865,3.002826668449036,-8.282367575412042,False,True,-3.6334275333064103,1.9102196752628184,False,30.227238066188818,True,True,-0.5638764517446382,True,False,False,1.1028443556684933,True,False,False,True,Health
MDT,2022-06-15 04:00:00,89.35,-0.0022383883603803723,False,27.71894092475786,-18.023473765594584,2.913079660338013,-6.965847563515215,False,True,-3.6334275333064103,1.9102196752628184,False,40.52631578947336,True,True,-0.5638764517446382,True,False,False,0.7562363166584565,False,False,False,True,Health
MDT,2022-06-16 04:00:00,87.4,0.017620137299771077,True,25.17109391941366,-19.654159307407454,2.9614969593540517,-6.223175965665229,False,True,-3.6334275333064103,1.9102196752628184,False,40.7239819004526,True,True,-0.5638764517446382,True,False,False,0.9540796132826667,False,False,False,True,Health
MDT,2022-06-17 04:00:00,88.22,0.001133529811834011,True,28.161418861693985,-18.747536586251677,2.895231762491558,-4.873840845374156,False,True,-3.6334275333064103,1.9102196752628184,False,28.334907494860985,False,True,-0.5638764517446382,True,False,False,1.1435783464210514,True,False,False,True,Health
MDT,2022-06-21 04:00:00,88.71,-0.01465449216548298,False,29.962553594254487,-18.147221643056696,2.805631108693712,-1.6191638017078902,False,True,-2.8697109342270766,29.57264957264943,False,36.585365853658175,True,True,0.2507029416164652,False,False,False,0.8911885994220747,False,False,False,False,Health
MDT,2022-09-23 04:00:00,82.66,-0.0448826518267601,False,29.415949441028282,-17.0701763661651,2.4317772859299738,-8.409972299168977,False,False,2.901376146789003,35.0000000000001,True,69.24928136907506,True,True,0.128299002326826,False,False,True,0.9001719482708154,False,False,False,True,Health
MDT,2022-09-26 04:00:00,81.33,-0.03823927210131561,False,27.066067326340825,-18.254818262747094,2.468461151143165,-9.310883140053527,False,True,0.5795163267580561,28.187919463087326,False,33.85826771653521,True,True,-2.2246114501382808,True,False,True,1.0586751863462456,True,False,False,True,Health
MDT,2022-09-27 04:00:00,80.89,-0.027197428606749896,False,26.31705961572164,-18.545526156780575,2.481217253141088,-8.557540131132713,False,True,0.5795163267580561,28.187919463087326,False,25.0,False,True,-2.2246114501382808,True,False,True,0.775112627926885,False,False,False,True,Health
MDT,2023-03-10 05:00:00,76.72,0.11757038581856105,True,29.200007564814303,-12.11869672919419,2.1834714588924475,-8.02062102865364,False,True,-1.5448113207547243,26.972909305064658,False,29.18781725888341,False,False,0.12295715409325059,False,False,True,1.001298872095349,True,False,False,False,Health
MDT,2023-10-11 04:00:00,72.89,0.2259569213883934,True,23.60289435579535,-13.347721189137603,2.183526851877166,-4.431624491936537,False,True,-2.3794692911423887,32.173913043478166,True,13.793103448275962,False,False,-1.4163817062186168,True,True,True,1.427126000263196,True,False,False,True,Health
MDT,2023-10-12 04:00:00,71.29,0.26258942348155423,True,20.57069059901378,-15.121020484933828,2.3195444552764823,-6.382140512147072,False,True,-2.3794692911423887,32.173913043478166,True,13.821138211382289,False,False,-1.4163817062186168,True,True,True,1.6278938170965795,True,False,False,True,Health
MDT,2023-10-13 04:00:00,71.96,0.2484713729849919,True,24.920346315443037,-14.201026988112037,2.2673153883274297,-5.465055176037847,False,True,-2.3794692911423887,32.173913043478166,True,21.56133828996331,False,False,-1.4163817062186168,True,True,True,1.2750325754432719,True,False,False,True,Health
MDT,2023-10-16 04:00:00,71.75,0.25421602787456443,True,24.468070878602568,-14.328221228889449,2.254881233919904,-4.4988686277119605,False,True,-2.858601327207755,39.00000000000006,True,31.250000000000245,True,False,-0.25317512489906324,True,True,True,1.3826892818831944,True,False,False,True,Health
MDT,2023-10-19 04:00:00,72.35,0.25818935729094683,True,29.921395750541514,-13.271114711683921,2.2242500296615266,1.4868845560386923,False,True,-2.858601327207755,39.00000000000006,True,56.019317005863556,True,True,-0.25317512489906324,True,True,True,1.020384265350281,True,False,False,True,Health
MDT,2023-10-24 04:00:00,71.96,0.2644524735964424,True,29.886712567257455,-13.398877530853612,2.2159196990324994,-1.167422057409706,False,True,-5.465055176037847,18.003565062388432,False,36.47058823529349,True,True,4.220550336798445,False,False,True,1.718699829902291,True,False,False,True,Health
MDT,2023-10-25 04:00:00,71.4,0.26876750700280105,True,28.108163242768043,-13.952325370212519,2.2228376951289737,-1.7881705639614776,False,True,-5.465055176037847,18.003565062388432,False,30.20134228187949,True,True,4.220550336798445,False,False,True,0.9766190099709867,False,False,False,True,Health
MDT,2023-10-26 04:00:00,70.37,0.28748046042347575,True,25.144281458350232,-15.065224633931715,2.217602822447384,-2.7366966136834647,False,True,-5.465055176037847,18.003565062388432,False,4.9382716049384445,False,False,4.220550336798445,False,False,True,1.01617395453497,True,False,False,True,Health
MDT,2023-10-27 04:00:00,69.43,0.30087858274521073,True,22.783163178705543,-16.06448318618969,2.3319327153794065,-4.497936726272345,False,True,-5.465055176037847,18.003565062388432,False,16.386554621848795,False,False,4.220550336798445,False,False,True,1.258469843614932,True,False,False,True,Health
MDT,2023-10-30 04:00:00,69.97,0.29341146205516644,True,27.022686008960655,-15.281749469841376,2.2834063063499643,-3.343003177234427,False,False,1.0283490828238095,32.196969696970015,True,74.24242424242385,True,True,-2.0119248502351916,True,False,True,1.0930425870032925,True,False,False,True,Health
CI,2023-03-09 05:00:00,271.93,0.25866951053579945,True,23.58229645923148,-6.916530430219635,2.296097735659179,-5.445251921137717,False,True,-2.434730618481362,16.876712328767347,False,9.723546234508927,False,False,-2.9453465174576587,True,True,True,1.1415301155786586,True,False,False,False,Health
CI,2023-03-15 04:00:00,270.36,0.3021526853084775,True,26.387234035855908,-7.212822113744888,2.28587335343218,-3.20779034798796,False,True,-2.3014332890749944,16.180758017492877,False,50.0,True,True,-0.6401128132631495,True,True,True,0.9504120029473513,False,False,False,True,Health
CI,2023-03-17 04:00:00,269.45,0.30773798478381886,True,29.77551050029403,-7.40274539621288,2.3299062271962394,-2.245682774633584,False,True,-2.3014332890749944,16.180758017492877,False,29.687499999999616,False,True,-0.6401128132631495,True,True,True,2.1189249042050684,True,True,False,True,Health
CI,2023-03-23 04:00:00,256.58,0.3857276482968277,True,26.931375342117796,-11.564278845827166,2.7048480297377457,-6.504390919360137,False,True,-3.948147890023357,25.875273522975757,False,9.59999999999995,False,False,1.576965854810508,False,False,True,1.8892215020954743,True,False,False,True,Health
CI,2023-03-29 04:00:00,254.03,0.43321654922646924,True,28.99622276993598,-12.062508316196077,2.72384197937636,-6.067889365478473,False,True,-2.245682774633584,22.686567164178808,False,37.90849673202604,True,True,-2.423288537095847,True,False,True,1.5574646087674773,True,False,False,True,Health
CI,2023-03-30 04:00:00,254.09,0.42898185682238554,True,29.0801677894443,-11.936221620272915,2.70747387435068,-0.970457557097193,False,True,-2.245682774633584,22.686567164178808,False,54.71698113207519,True,True,-2.423288537095847,True,False,True,1.4114721517364899,True,False,False,True,Health
CI,2023-11-29 05:00:00,262.87,0.28504584014912315,True,24.702066338329566,-7.882530816947848,2.8096256489853695,-8.244615867918604,False,True,-3.6322089969646254,29.06827508622184,False,1.4348345954564097,False,False,2.5158813583240347,False,False,False,3.855748910164281,True,True,True,True,Health
CI,2023-11-30 05:00:00,262.88,0.28218198417528906,True,24.715966511519763,-7.806748601737973,2.812353769926038,-8.82036696611287,False,True,-3.6322089969646254,29.06827508622184,False,46.194926568758014,True,False,2.5158813583240347,False,False,False,3.1635063922614215,True,True,True,True,Health
CI,2023-12-04 05:00:00,262.91,0.2556388117606785,True,29.470128703270372,-7.673185708637639,2.921785399470302,-8.15692028226087,False,False,1.8721687429218647,6.560636182902304,False,20.61503416856501,False,False,-2.136846741976639,True,False,False,1.2838440840216867,True,False,False,False,Health
CI,2023-12-05 05:00:00,257.78,0.25149352160757243,True,26.927963772878602,-9.389277817701005,2.927237453828732,-9.892337807606266,False,False,1.8721687429218647,6.560636182902304,False,11.648745519712888,False,False,-2.136846741976639,True,False,False,1.2999609760169322,True,False,False,False,Health
CI,2023-12-06 05:00:00,257.49,0.23426152471940664,True,26.787289145831192,-9.405656757711462,2.838274585149941,-2.046639023091257,False,False,1.8721687429218647,6.560636182902304,False,40.75829383886254,True,False,-2.136846741976639,True,False,False,0.8753716567187905,False,False,False,False,Health
CI,2023-12-07 05:00:00,257.94,0.23730324881755438,True,27.42090061824731,-9.163749022014134,2.705018663834712,-1.8791844187461937,False,False,1.8721687429218647,6.560636182902304,False,64.4859813084118,True,True,-2.136846741976639,True,False,False,1.220432910001541,True,False,False,False,Health
CI,2023-12-08 05:00:00,258.8,0.2031298299845441,True,28.69103967196285,-8.780464582366463,2.6621557418701243,-3.7989740539736694,False,False,1.8721687429218647,6.560636182902304,False,84.34782608695691,True,True,-2.136846741976639,True,False,False,1.126285291072708,True,False,False,False,Health
CI,2024-12-11 05:00:00,294.03,-0.05740910791415843,False,26.063698284587193,-11.417333557654992,2.8494159301334787,-10.932388222464573,False,False,2.846704216775775,10.79274116523399,False,2.5285229725560825,False,True,-2.691151961748739,True,True,False,2.419394877334094,True,True,False,False,Health
CI,2024-12-12 05:00:00,282.96,-0.024208368674017433,False,22.22888245411781,-14.627082844629172,3.1169420607614673,-12.290381575276665,False,False,2.846704216775775,10.79274116523399,False,4.739010989010973,False,False,-2.691151961748739,True,True,False,2.333099844275444,True,True,False,False,Health
CI,2024-12-13 05:00:00,281.86,-0.028453842333073243,False,21.884317403537246,-14.832199550349745,3.060690979227236,-11.311790063245331,False,False,2.846704216775775,10.79274116523399,False,32.352941176470864,True,False,-2.691151961748739,True,True,False,1.6467506079331549,True,False,False,False,Health
CI,2024-12-16 05:00:00,273.26,0.0027080436214594883,True,19.357914498386524,-17.287348011063976,3.2404833367135573,-14.378818737270871,False,True,-5.917702782711665,11.196033877298001,False,11.675126903553268,False,False,2.3296434144047806,False,False,False,1.9018230414693207,True,False,False,False,Health
CI,2024-12-17 05:00:00,265.59,0.023720772619451047,True,17.425755670537992,-19.451807702108198,3.3979329567255934,-14.702765198959444,False,True,-5.917702782711665,11.196033877298001,False,18.96111104686804,False,False,2.3296434144047806,False,False,False,1.9727343596950238,True,False,False,False,Health
CB,2022-09-26 04:00:00,174.74,0.21111365457250764,True,26.156552146580022,-9.873423231877327,2.2673021074315103,-8.932666249739418,False,True,-2.9487179487179493,6.900212314225102,False,16.494845360824897,False,True,0.3344516469273584,False,False,True,1.2259198117158372,True,False,False,True,Finance
LRCX,2022-09-22 04:00:00,38.683,0.6042835354031488,True,28.218980234787907,-22.841706435507312,4.178553957445712,-6.43624226006192,True,False,4.781385834824858,24.23362374959677,False,9.341923607915453,False,True,-2.720371304932845,True,True,True,1.1716761729825784,True,False,False,False,Tech
LRCX,2022-09-23 04:00:00,38.056,0.5923901618667229,True,26.696540454356718,-23.909933049279218,4.192800526228907,-7.003567763061436,True,False,4.781385834824858,24.23362374959677,False,67.7169171110029,True,True,-2.720371304932845,True,True,True,1.1052213269306872,True,False,False,False,Tech
LRCX,2022-09-26 04:00:00,37.144,0.6528106827482232,True,24.616211545207936,-25.542756826238943,4.261399300675701,-9.232197839792777,True,True,-9.219574958960042,11.972951471758094,False,2.258292166548796,False,True,0.23309753236806507,False,False,True,0.8654431739710925,False,False,False,True,Tech
LRCX,2022-09-27 04:00:00,37.67,0.6658348818688611,True,28.09640367282942,-24.303915082648608,4.135178435124344,-6.618740704015869,True,True,-9.219574958960042,11.972951471758094,False,59.7887896019499,True,True,0.23309753236806507,False,False,True,0.9039793514464829,False,False,False,True,Tech
LRCX,2022-09-29 04:00:00,37.055,0.7025502631223857,True,28.259912059291878,-25.17777483946072,4.163756441616249,-4.208567070806302,True,True,-9.219574958960042,11.972951471758094,False,56.428571428571374,True,True,0.23309753236806507,False,False,True,1.1806507460511078,True,False,False,True,Tech
LRCX,2022-09-30 04:00:00,36.6,0.6888251366120217,True,27.09467306188697,-25.90411782709322,4.217298856895338,-3.8259407189405015,True,True,-9.219574958960042,11.972951471758094,False,1.6108247422684079,False,False,0.23309753236806507,False,False,True,1.4585397726154985,True,False,False,True,Tech
LRCX,2022-10-11 04:00:00,32.705,1.0026295673444428,True,25.9018340303551,-32.71006794327418,5.862384834811132,-18.366073434340922,True,True,-3.8259407189405015,29.314767314034533,False,16.97099892588603,False,False,-3.125243275657408,True,True,True,2.990371704199464,True,True,False,True,Tech
LRCX,2022-10-12 04:00:00,32.398,0.9912340267917772,True,25.365971336201383,-33.11983422165552,5.666312841825497,-18.986772023705324,True,True,-3.8259407189405015,29.314767314034533,False,10.567010309278496,False,False,-3.125243275657408,True,True,True,1.9225293101585827,True,False,False,True,Tech
LRCX,2022-10-14 04:00:00,31.495,1.0636608985553262,True,28.333183148547096,-34.564778243869895,6.5815091127129275,-15.977483726389929,True,True,-3.8259407189405015,29.314767314034533,False,2.4353690520794813,False,False,-3.125243275657408,True,True,True,1.4256262171639902,True,False,False,True,Tech
LRCX,2022-10-17 04:00:00,31.542,1.036142286475176,True,28.547115912142555,-34.24160654744105,6.475493409158801,-10.065009124087599,True,False,2.415300546448096,4.18210693488603,False,16.44417475728164,False,False,-0.6841890963227737,True,True,True,2.1570945058292783,True,True,False,True,Tech
LRCX,2024-08-02 04:00:00,76.3,0.2574049803407601,True,29.075834882857098,-13.19962366090309,6.308541895945691,-14.714298488777612,False,True,-14.274363911686084,0.9649964037401186,False,10.541851149061756,False,False,11.22034546893973,False,False,False,1.9972546391364312,True,False,False,True,Tech
LRCX,2024-08-07 04:00:00,74.805,0.3635452175656706,True,28.600837048597306,-14.566491767426513,6.590128393168504,-18.79966132603881,False,True,-2.450087775730281,12.773244686209326,False,7.829716193656239,False,False,2.6809997431297194,False,False,False,0.8573550203936336,False,False,False,True,Tech
AMT,2022-01-26 05:00:00,242.6,-0.08990107172300088,False,28.54181845487955,-7.623393672160855,3.122412608421927,-2.5702811244979973,False,True,-5.986945757371142,21.326122736891577,False,15.754061985541428,False,False,4.22150834875652,False,False,False,1.0498633122885461,True,False,False,True,RealEstate
AMT,2022-01-27 05:00:00,236.43,-0.07769741572558475,False,24.982186750641542,-9.883366152191549,3.2720240011966917,-3.866796779702364,False,True,-5.986945757371142,21.326122736891577,False,12.30925737538155,False,False,4.22150834875652,False,False,False,1.1944437692562102,True,False,False,True,RealEstate
AMT,2022-02-17 05:00:00,228.67,-0.10504220055101232,False,28.826942755713073,-11.929607608580433,2.7910504282797914,-5.706981155416269,False,False,-0.13778011913928578,9.799789251844109,False,19.15789473684203,False,True,-2.3420673493721678,True,False,False,0.8943279766711056,False,False,False,False,RealEstate
AMT,2022-02-18 05:00:00,228.44,-0.12764839782875148,False,28.674537442905965,-11.91285212017318,2.7378190955585775,-3.5711270578303145,False,False,-0.13778011913928578,9.799789251844109,False,37.69063180827862,True,True,-2.3420673493721678,True,False,False,1.4356026972800033,True,False,False,False,RealEstate
AMT,2022-02-22 05:00:00,228.37,-0.11564566274028987,False,28.624935244950052,-11.835100531224043,2.7422779213126,-2.5267830466515817,False,True,-3.867223958121979,9.418837675350678,False,58.241758241758326,True,True,0.6117669836702477,False,False,False,1.3447299421332093,True,False,False,False,RealEstate
AMT,2022-02-23 05:00:00,227.45,-0.13945922180699055,False,27.940837143688512,-12.083637964690546,2.7049091214935967,-2.545096190925056,False,True,-3.867223958121979,9.418837675350678,False,15.243463152095227,False,True,0.6117669836702477,False,False,False,1.0350326524415225,True,False,False,False,RealEstate
AMT,2022-09-21 04:00:00,234.15,-0.29015588298099504,False,29.324734855959292,-8.565454222222108,2.718008213669644,-7.016916845365728,False,False,4.281443093482151,9.089569105291728,False,1.2507444907685297,False,False,-1.061236335399407,True,True,True,1.242490011629112,True,False,False,False,RealEstate
AMT,2022-09-22 04:00:00,232.78,-0.28808316865710115,False,28.565036791417352,-9.018047610228882,2.669129988462348,-5.011017709948584,False,False,4.281443093482151,9.089569105291728,False,11.76470588235294,False,False,-1.061236335399407,True,True,True,0.9228271031765025,False,False,False,False,RealEstate
AMT,2022-09-23 04:00:00,228.81,-0.28801188759232554,False,26.428392180737482,-10.475566172183985,2.7446855542294757,-6.9461954532514465,False,False,4.281443093482151,9.089569105291728,False,50.880000000000116,True,False,-1.061236335399407,True,True,True,1.1964750588212192,True,False,False,False,RealEstate
AMT,2022-09-26 04:00:00,221.37,-0.27862854045263585,False,22.962023353850082,-13.271025609347742,2.9895486940488136,-10.557575757575755,False,True,-6.001758477006003,8.8930060213061,False,29.42779291553144,False,True,3.5926802368211996,False,False,True,1.3091126505357378,True,False,False,True,RealEstate
AMT,2022-09-27 04:00:00,220.6,-0.26418857660924755,False,22.631186543546548,-13.4558190110283,3.0133250638585083,-7.271963009667937,False,True,-6.001758477006003,8.8930060213061,False,16.073968705547586,False,True,3.5926802368211996,False,False,True,1.1478181782994732,True,False,False,True,RealEstate
AMT,2022-09-28 04:00:00,221.06,-0.25608432099882394,False,23.341768631402665,-13.16064638805939,2.925389880618524,-5.590433482810164,False,True,-6.001758477006003,8.8930060213061,False,30.33980582524268,True,True,3.5926802368211996,False,False,True,1.1733665155357056,True,False,False,True,RealEstate
AMT,2022-09-29 04:00:00,213.72,-0.2433557926258656,False,20.16004326337184,-15.90978695989228,3.133247416888553,-8.187988658819489,False,True,-6.001758477006003,8.8930060213061,False,26.621463270344357,False,False,3.5926802368211996,False,False,True,1.233576779556766,True,False,False,True,RealEstate
AMT,2022-09-30 04:00:00,214.7,-0.263623660922217,False,21.69478157718008,-15.3935050986393,3.072156927668667,-6.166688518858443,False,True,-6.001758477006003,8.8930060213061,False,50.47258979206033,True,True,3.5926802368211996,False,False,True,1.4336888829013505,True,False,False,True,RealEstate
AMT,2022-10-03 04:00:00,217.17,-0.273932863655201,False,25.577822571301294,-14.297186097004086,3.0455723300429605,-1.8972760536658195,False,True,-6.9461954532514465,14.356659142212216,False,66.27737226277365,True,True,3.4891633985213444,False,False,True,1.1804917024740724,True,False,False,True,RealEstate
AMT,2022-10-04 04:00:00,220.08,-0.2788531443111596,False,29.983019875144667,-13.035019563973474,3.0233454905685555,-0.23572076155937705,False,True,-6.9461954532514465,14.356659142212216,False,15.45098039215663,False,True,3.4891633985213444,False,False,True,1.114389542122092,True,False,False,True,RealEstate
AMT,2022-10-05 04:00:00,214.14,-0.25483328663491167,False,26.530849032711345,-15.252508607621849,3.1754634425863792,-3.1303718447480366,False,True,-6.9461954532514465,14.356659142212216,False,44.80519480519468,True,True,3.4891633985213444,False,False,True,0.8229817901146848,False,False,False,True,RealEstate
AMT,2022-10-06 04:00:00,203.07,-0.20214704289161367,False,21.550869444478852,-19.476232981925968,3.509668953260598,-4.983155530600792,False,True,-6.9461954532514465,14.356659142212216,False,2.548330404217857,False,False,3.4891633985213444,False,False,True,1.5185259773507798,True,False,False,True,RealEstate
AMT,2022-10-07 04:00:00,194.63,-0.1853260031855315,False,18.673006129114157,-22.647300166377697,3.7548205629737685,-9.347927340475081,True,True,-6.9461954532514465,14.356659142212216,False,16.01049868766402,False,False,3.4891633985213444,False,False,True,1.5594811395923331,True,False,False,True,RealEstate
AMT,2022-10-10 04:00:00,189.58,-0.1263846397299293,False,17.19354232561852,-24.46905484350973,3.9265027354567987,-12.704333011005197,True,True,-6.166688518858443,18.693693693693664,False,6.731813246471291,False,False,1.0945429773564275,False,False,False,0.9569277471626311,False,False,False,True,RealEstate
AMT,2022-10-11 04:00:00,189.27,-0.13224494108944895,False,17.103956010303712,-24.40758632549657,3.905238567595308,-13.999454743729556,True,True,-6.166688518858443,18.693693693693664,False,59.612518628912255,True,True,1.0945429773564275,False,False,False,1.1621238424936218,True,False,False,True,RealEstate
AMT,2022-10-12 04:00:00,183.79,-0.09157190271505511,False,15.560470409180555,-26.40146915040728,4.0084096554118185,-14.172970953581764,True,True,-6.166688518858443,18.693693693693664,False,21.134751773049423,False,True,1.0945429773564275,False,False,False,1.1993884245378188,True,False,False,True,RealEstate
AMT,2022-10-13 04:00:00,189.85,-0.10887542796944949,False,23.754490618555288,-23.792952411059012,4.102551991190713,-6.510070419067315,True,True,-6.166688518858443,18.693693693693664,False,12.810851544838098,False,True,1.0945429773564275,False,False,False,1.5694762710608918,True,False,False,True,RealEstate
AMT,2022-10-14 04:00:00,185.78,-0.10157175153407261,False,22.196575907224396,-25.23752699504596,4.185558741467726,-4.547089349021216,True,True,-6.166688518858443,18.693693693693664,False,9.461235216819977,False,False,1.0945429773564275,False,False,False,1.1208306158377894,True,False,False,True,RealEstate
AMT,2022-10-24 04:00:00,185.4,-0.12659115426105716,False,29.241280699711886,-24.357422609598512,4.001419706675327,-3.6833082238038384,True,True,-4.547089349021216,38.05000000000007,True,16.827586206896537,False,True,1.4289451860989733,False,False,False,0.7767924857916061,False,False,False,True,RealEstate
AMT,2023-02-22 05:00:00,199.28,-0.046918908069048526,False,28.101389800841268,-12.914567589659901,2.771443072701624,-7.3762491285149885,False,True,-2.404755471494191,47.60348583877997,True,10.58282208588952,False,True,-2.4950030088152997,True,False,True,1.9714315224441425,True,False,False,False,RealEstate
AMT,2023-02-24 05:00:00,195.73,-0.04623716343943174,False,28.189253996853687,-14.243271581027129,2.879162639293523,-7.674528301886796,False,True,-2.404755471494191,47.60348583877997,True,26.612903225806132,False,False,-2.4950030088152997,True,False,True,1.398047567041155,True,False,False,False,RealEstate
AMT,2023-02-27 05:00:00,195.08,-0.006766454787779486,False,27.74636182093029,-14.4043259639717,2.9350598084507373,-7.219632835536949,False,True,-2.980804724990771,16.825095057034076,False,30.72463768115946,True,True,-1.9784303378478363,True,True,True,1.1740696758709483,True,False,False,False,RealEstate
AMT,2023-09-22 04:00:00,166.21,0.4227182479995186,True,27.515859574651884,-15.915955621133277,2.428351577322674,-7.732874430998105,False,False,0.055312793849204844,59.810554803788996,True,7.7720207253888685,False,False,-2.340229615656908,True,True,True,1.972389246385899,True,False,False,False,RealEstate
AMT,2023-09-25 04:00:00,165.72,0.4218561428916243,True,27.043117744613387,-16.028787451860822,2.3964743041914165,-7.692307692307699,False,True,-0.41461661783404047,67.42532005689871,True,69.61130742049505,True,True,-2.46470767427045,True,True,True,1.3624413007166636,True,False,False,True,RealEstate
AMT,2023-09-26 04:00:00,162.91,0.42268737339635387,True,24.4489606482321,-17.309030029463692,2.3982866885211904,-8.147271087054586,False,True,-0.41461661783404047,67.42532005689871,True,11.60714285714255,False,True,-2.46470767427045,True,True,True,1.328869858825308,True,False,False,True,RealEstate
AMT,2023-09-27 04:00:00,159.69,0.44229444548813324,True,21.861074037461805,-18.790385876239355,2.5080573510957986,-9.988163012231555,False,True,-0.41461661783404047,67.42532005689871,True,28.787878787878974,False,True,-2.46470767427045,True,True,True,1.503541622974021,True,False,False,True,RealEstate
AMT,2023-09-28 04:00:00,162.32,0.432725480532282,True,28.516490945790885,-17.30931016501133,2.4869973857434817,-4.134183793999524,False,True,-0.41461661783404047,67.42532005689871,True,34.83146067415743,True,True,-2.46470767427045,True,True,True,1.2495250711306212,True,False,False,True,RealEstate
AMT,2023-10-03 04:00:00,158.1,0.4502213788741303,True,27.164957231846348,-19.033674948973296,2.54045545912277,-2.9525504879995057,False,True,-7.732874430998105,1.907183725365617,False,8.941176470588129,False,False,3.5892673343768777,False,False,True,0.8005341823059159,False,False,False,True,RealEstate
AMT,2023-10-04 04:00:00,157.68,0.4184424150177575,True,26.794487226498504,-19.09380611633253,2.537992002398633,-1.2586887093744115,False,True,-7.732874430998105,1.907183725365617,False,53.6575130484961,True,True,3.5892673343768777,False,False,True,0.9973865620943635,False,False,False,True,RealEstate
AMT,2023-10-05 04:00:00,158.71,0.4074097410371116,True,29.33951913826962,-18.414597026557757,2.5070332800151274,-2.22400197141448,False,True,-7.732874430998105,1.907183725365617,False,36.95652173913025,True,True,3.5892673343768777,False,False,True,0.682543315558031,False,False,False,True,RealEstate
AMT,2024-04-16 04:00:00,172.21,0.2929562743162417,True,24.720290060274547,-11.723678543124189,2.585997058202535,-10.684093148695606,False,True,-3.7552507718002004,17.82051282051262,False,7.269789983845189,False,True,-1.0793187903196055,True,True,True,1.5000384380903644,True,False,False,True,RealEstate
AMT,2024-04-17 04:00:00,172.02,0.2672363678642018,True,24.58409295432789,-11.717233660661668,2.498608631101766,-5.462739063530442,False,True,-3.7552507718002004,17.82051282051262,False,41.228070175438475,True,True,-1.0793187903196055,True,True,True,1.0393845415533205,True,False,False,True,RealEstate
AMT,2024-04-18 04:00:00,171.0,0.29222222222222216,True,23.825197281273557,-12.133690621798186,2.475580007263006,-4.276757725033575,False,True,-3.7552507718002004,17.82051282051262,False,9.73451327433661,False,False,-1.0793187903196055,True,True,True,0.863716336109523,False,False,False,True,RealEstate
AMT,2024-04-19 04:00:00,171.3,0.24109748978400458,True,24.562794458247094,-11.874494131963013,2.391466248080086,-4.408482142857128,False,True,-3.7552507718002004,17.82051282051262,False,26.29310344827653,False,True,-1.0793187903196055,True,True,True,1.083824540610628,True,False,False,True,RealEstate
AMT,2024-04-22 04:00:00,172.3,0.22408589669181644,True,27.096858461281883,-11.259735060352542,2.2877689195960302,-3.26746013923197,False,True,-5.768522900562656,13.051702395964638,False,32.12435233160634,True,False,3.8919895785367586,False,False,True,0.9836995270853717,False,False,False,True,RealEstate
AMT,2024-04-26 04:00:00,171.69,0.31288951016366706,True,28.876383797583514,-11.194740878509426,2.2023004758908105,0.22767075306480145,False,True,-5.768522900562656,13.051702395964638,False,9.9722991689747,False,False,3.8919895785367586,False,False,True,0.6353564421649478,False,False,False,True,RealEstate
AMT,2024-11-12 05:00:00,193.72,-0.05229196778856082,False,26.675864372265398,-7.702072195287187,3.063227340972436,-9.413140051437917,False,True,-5.179533213644538,9.786700125470531,False,46.58823529411741,True,False,3.156572679306424,False,False,False,1.1170702388300333,True,False,False,True,RealEstate
AMT,2024-11-14 05:00:00,194.77,-0.06787492940391227,False,28.778135337522077,-7.070977893645002,2.8869970044036095,-1.5666851973517915,False,True,-5.179533213644538,9.786700125470531,False,38.36973926704766,True,True,3.156572679306424,False,False,False,0.8458669158422922,False,False,False,True,RealEstate
AMT,2024-12-18 05:00:00,184.85,-0.06664863402758991,False,23.373165742194008,-11.150801394834506,2.5711322656923303,-7.385139536048902,False,True,-0.909090909090915,40.495866110431855,True,3.7081339712918875,False,False,-3.391622935710592,True,True,False,1.7388499978379375,True,False,False,True,RealEstate
AMT,2024-12-19 05:00:00,179.4,-0.027257525083612122,False,20.066235347469924,-13.65206195497826,2.691335957585584,-9.325246398786957,False,True,-0.909090909090915,40.495866110431855,True,6.593406593406834,False,False,-3.391622935710592,True,True,False,1.8611119804212393,True,False,False,True,RealEstate
AMT,2024-12-20 05:00:00,183.73,-0.04860392967942073,False,28.697746720983577,-11.466061111958663,2.716615888330353,-6.811726516534799,False,True,-0.909090909090915,40.495866110431855,True,5.341880341880366,False,False,-3.391622935710592,True,True,False,2.113933380142917,True,True,False,True,RealEstate
AMT,2024-12-23 05:00:00,184.38,-0.04322594641501243,False,29.92110583943527,-11.05413932580894,2.6519803368502033,-4.82630465080266,False,True,-4.799613713182039,7.465900933237555,False,44.81792717086792,True,False,1.9007536432804617,False,False,True,0.943661176429505,False,False,False,True,RealEstate
AMT,2024-12-26 05:00:00,183.98,-0.0394608109577127,False,29.910179800772823,-11.052091816587398,2.4536077216669083,-0.47065187990262825,False,True,-4.799613713182039,7.465900933237555,False,76.79558011049639,True,True,1.9007536432804617,False,False,True,0.565126566823572,False,False,False,True,RealEstate
AMT,2024-12-27 05:00:00,181.87,-0.03464012756364443,False,28.020923087347406,-11.96645601998923,2.415536895356814,1.376811594202887,False,True,-4.799613713182039,7.465900933237555,False,12.765957446808896,False,True,1.9007536432804617,False,False,True,0.633456689735127,False,False,False,True,RealEstate
AMT,2024-12-30 05:00:00,181.92,-0.03913808267370256,False,28.13676106588127,-11.83749159937268,2.3359200421932216,-0.9851412398628412,False,True,-6.811726516534799,23.80710659898474,False,84.79200772362833,True,True,5.408178904311023,False,False,True,0.7245981364365129,False,False,False,True,RealEstate
MU,2022-06-16 04:00:00,55.01,0.21614251954190156,True,27.44064898784085,-28.751471147811632,6.006451160009702,-16.67676461678279,True,True,-4.609929078014174,13.173224971824881,False,27.636363636363566,False,True,-1.378311567615631,True,True,True,1.2856488406111906,True,False,False,False,Tech
MU,2022-06-17 04:00:00,55.75,0.18026905829596407,True,29.41405824037626,-27.5927884700602,5.851881381239895,-10.970935803257742,True,True,-4.609929078014174,13.173224971824881,False,79.04411764705881,True,True,-1.378311567615631,True,True,True,1.3418207752183526,True,False,False,False,Tech
MU,2022-09-22 04:00:00,49.66,0.3809907370116794,True,29.3425048381139,-26.926056204039796,4.074508258161138,-5.750616815334986,True,False,1.970530800639092,65.736040609137,True,30.731707317072992,True,False,-2.6797018069257716,True,True,True,1.2429640567466682,True,False,False,False,Tech
MU,2022-09-26 04:00:00,48.88,0.3954582651391161,True,28.873150183758455,-27.684599769293406,4.041078686761797,-6.18042226487524,True,True,-7.99094707520891,20.451127819548866,False,4.2424242424242635,False,True,0.5975533829276181,False,False,True,1.0729815159530471,True,False,False,True,Tech
MU,2024-07-25 04:00:00,107.45,0.04197301070265236,True,28.470055006260434,1.609144128978117,4.664060382849435,-8.514261387824607,False,False,1.4817629179331382,19.051321928460233,False,31.095406360423887,True,False,-2.7004062938772444,True,True,False,1.1161725543341545,True,False,False,False,Tech
MU,2024-07-30 04:00:00,102.56,0.02262090483619339,True,26.856071701612148,-3.037681386007426,4.847976190135186,-10.231947483588621,False,True,-14.444028453762636,1.9069767441860965,False,5.508474576271196,False,True,8.12362913523379,False,False,False,1.0729410534257091,True,False,False,False,Tech
MU,2024-08-02 04:00:00,92.7,0.17346278317152097,True,27.098163243414355,-12.249515702977751,6.3883827278282626,-15.272826981080334,False,True,-14.444028453762636,1.9069767441860965,False,24.622356495468406,False,True,8.12362913523379,False,False,False,1.5176069386338,True,False,False,False,Tech
MU,2024-08-05 04:00:00,90.42,0.23722627737226287,True,25.997370669764223,-14.284898018231656,6.697032914103897,-16.161335187760773,False,True,-4.244705058638198,38.68968570163785,True,37.057220708446835,True,True,0.27479141242365834,False,False,False,1.5061170410736808,True,False,False,True,Tech
MU,2024-08-06 04:00:00,89.0,0.3358426966292134,True,25.307831794160588,-15.499584437383218,6.615645513011691,-13.221528861154452,False,True,-4.244705058638198,38.68968570163785,True,49.86522911051206,True,True,0.27479141242365834,False,False,False,1.0659629013372698,True,False,False,True,Tech
MU,2024-08-07 04:00:00,86.8,0.42534562211981575,True,24.235331749851923,-17.44387848774089,6.874836947460933,-20.961573483882713,False,True,-4.244705058638198,38.68968570163785,True,3.1428571428571264,False,True,0.27479141242365834,False,False,False,1.1733046512505247,True,False,False,True,Tech
SO,2022-10-07 04:00:00,64.12,0.03618215845290074,True,24.660754237607286,-11.009056115962533,3.0456729583641717,-5.705882352941172,False,True,-2.925566343042074,18.29268292682923,False,15.000000000000274,False,False,2.2763261492395825,False,False,True,1.1537897371440569,True,False,False,False,Utilities
SO,2022-10-10 04:00:00,63.99,0.048601343959993715,True,24.478953841860466,-11.090490501711598,2.949959983897082,-8.231751039724655,False,True,-9.32124283237764,2.1126760563381057,False,4.8076923076926885,False,False,8.895226856155913,False,False,False,0.698093033218994,False,False,False,True,Utilities
SO,2022-10-11 04:00:00,63.64,0.03236957888120684,True,23.966675909837726,-11.474816486366922,2.886754974190161,-9.973122082331297,False,True,-9.32124283237764,2.1126760563381057,False,22.881355932203657,False,False,8.895226856155913,False,False,False,0.9190094341420129,False,False,False,True,Utilities
SO,2022-10-12 04:00:00,61.5,0.08211382113821131,True,21.064085150208985,-14.328428491572973,3.041544860914058,-10.51942383238761,False,True,-9.32124283237764,2.1126760563381057,False,0.8676789587853851,False,False,8.895226856155913,False,False,False,1.1622800902817676,True,False,False,True,Utilities
SO,2023-02-28 05:00:00,63.06,0.06644465588328563,True,29.250557857466607,-8.819509197033684,2.203611115818249,-3.798627002288324,False,True,-0.3738038277511957,66.79245283018838,True,2.857142857142799,False,False,-1.754952775388563,True,True,False,1.1362939264069971,True,False,False,True,Utilities
SO,2023-03-01 05:00:00,62.32,0.0728498074454429,True,26.856096875151525,-9.800740342694482,2.2229464520968794,-4.475781729000605,False,True,-0.3738038277511957,66.79245283018838,True,60.204081632653164,True,False,-1.754952775388563,True,True,False,1.3302154648989493,True,False,False,True,Utilities
KKR,2022-03-07 05:00:00,51.16,0.11415168100078188,True,28.684567751286455,-20.029057409354685,5.592363033418958,-14.903526280771795,True,False,3.1619885018599803,42.85714285714279,True,1.2903225806450578,False,False,0.7756728554603631,False,False,False,1.626038738904888,True,False,False,False,Finance
KKR,2022-09-23 04:00:00,43.89,0.40145819093187507,True,29.245470058649083,-19.916837938594597,4.32345989526532,-9.542456718878823,False,False,4.5685279187817285,38.31325301204822,True,52.43243243243233,True,True,-1.1680507581566801,True,True,True,1.8156820028051979,True,False,False,True,Finance
KKR,2022-09-26 04:00:00,43.66,0.4221255153458545,True,28.774232609233145,-20.174975083613848,4.269741038612548,-11.815794788931534,True,True,-5.786407766990287,20.49469964664316,False,7.692307692307654,False,True,1.102221643722423,False,False,True,1.668977224621227,True,False,False,True,Finance
KLAC,2022-09-26 04:00:00,303.57,0.46773396580689797,True,29.360528178002227,-13.062811788747485,3.879162430839167,-9.205921938088835,False,True,-6.451612903225823,23.35579082451065,False,6.461232604373531,False,True,-0.24139562919527346,True,False,True,0.8329542283922242,False,False,False,True,Tech
KLAC,2022-10-12 04:00:00,274.81,0.771442087260289,True,28.8712367927407,-20.25189577494201,4.784585248563169,-16.483817049080685,True,True,-1.6157347204161288,2.011095700416228,False,12.307692307692308,False,False,-3.9689725930098674,True,False,True,1.2566190986872572,True,False,False,False,Tech
KLAC,2022-10-14 04:00:00,263.7,0.8443306788016687,True,27.322207261118457,-23.151311245391543,5.63397193770445,-16.06187929717342,True,True,-1.6157347204161288,2.011095700416228,False,2.932882120699274,False,False,-3.9689725930098674,True,False,True,1.1797488977978585,True,False,False,False,Tech
KLAC,2022-10-17 04:00:00,263.22,0.8212901755185773,True,27.202585372872427,-23.113007037910123,5.529817317302372,-12.066546402084565,True,False,3.8099329213891586,4.69865515523832,False,12.406015037594404,False,False,0.25112934567057543,False,False,True,1.2501193707684788,True,False,False,False,Tech
ICE,2022-05-04 04:00:00,109.86,-0.014108865829237205,False,27.69297062030557,-12.345749602479808,3.3232699062261415,-5.861182519280206,False,True,-5.845980888139401,1.9335347432023777,False,58.13559322033899,True,True,2.6397476080896265,False,False,False,2.236256596739543,True,True,False,True,Finance
ICE,2022-05-05 04:00:00,101.63,0.055003443865000445,True,21.11905160598184,-18.759358755598374,3.9662273616297568,-14.775681341719082,False,True,-5.845980888139401,1.9335347432023777,False,9.736842105263097,False,True,2.6397476080896265,False,False,False,2.3312870417407896,True,True,False,True,Finance
ICE,2022-05-06 04:00:00,99.81,0.06412183147981154,True,19.988990562572386,-20.053422325888825,3.9619132980603275,-13.815732665572922,True,True,-5.845980888139401,1.9335347432023777,False,40.56939501779358,True,True,2.6397476080896265,False,False,False,1.8820275493923506,True,False,False,True,Finance
ICE,2022-05-09 04:00:00,96.99,0.11856892463140523,True,18.35052128719326,-22.13934750464297,4.18798798228994,-14.531194924215729,True,True,-1.2281449893390195,29.972247918593975,False,8.058608058608005,False,False,-0.9174662304566428,True,False,False,1.2923369376006981,True,False,False,True,Finance
ICE,2022-05-10 04:00:00,96.47,0.12169586399917076,True,18.056605797511313,-22.38257892662609,4.253364041545051,-15.732005590496156,True,True,-1.2281449893390195,29.972247918593975,False,22.41379310344817,False,False,-0.9174662304566428,True,False,False,1.2075579858482968,True,False,False,True,Finance
ICE,2022-05-11 04:00:00,94.55,0.14849286092014813,True,16.975474219685157,-23.745815913825506,4.273012297455665,-13.935918441653017,True,True,-1.2281449893390195,29.972247918593975,False,0.931677018633576,False,False,-0.9174662304566428,True,False,False,0.9265399968546799,False,False,False,True,Finance
ICE,2022-05-12 04:00:00,95.5,0.1503664921465968,True,19.542418658601704,-22.803131745512193,4.202822038457466,-6.031683558004519,True,True,-1.2281449893390195,29.972247918593975,False,20.98092643051798,False,False,-0.9174662304566428,True,False,False,0.9157842680514559,False,False,False,True,Finance
ICE,2022-05-13 04:00:00,98.27,0.10918896916658194,True,26.662381319039437,-20.401145527627552,4.0651874287640055,-1.5429315699829749,True,True,-1.2281449893390195,29.972247918593975,False,22.701149425287507,False,False,-0.9174662304566428,True,False,False,0.893232992159353,False,False,False,True,Finance
ICE,2022-05-16 04:00:00,97.31,0.11602096392970918,True,25.80992215262505,-21.012293239605555,3.9617992513765325,0.32993092071347263,True,True,-13.815732665572922,6.329359901839407,False,52.450980392157064,True,True,13.794356524268458,False,False,False,0.6249839269855605,False,False,False,True,Finance
ICE,2022-05-18 04:00:00,95.11,0.13584270844285573,True,26.481051027942897,-22.47293457610455,3.980478768439719,0.5922792173453262,True,True,-13.815732665572922,6.329359901839407,False,11.444141689373339,False,True,13.794356524268458,False,False,False,0.7078447943190159,False,False,False,True,Finance
ICE,2022-05-19 04:00:00,95.9,0.13847758081334716,True,28.409677431824942,-21.658821438156007,3.924164578922927,0.41884816753927634,True,True,-13.815732665572922,6.329359901839407,False,4.610951008645436,False,True,13.794356524268458,False,False,False,0.8099040530250666,False,False,False,True,Finance
ICE,2022-06-17 04:00:00,90.33,0.23104173585741172,True,27.75791058843878,-23.517900621391377,3.1770738016636395,-7.619145019431384,True,True,-1.7137293086660232,1.5444015444012436,False,6.021505376344103,False,False,-4.486884826033666,True,True,False,3.015762586822319,True,True,True,False,Finance
ICE,2022-09-21 04:00:00,93.61,0.17690417690417704,True,28.961306922821485,-14.847320149088425,2.414139649715093,-6.2587622671740455,False,False,2.0932069510268603,40.19138755980871,True,1.9607843137253809,False,True,-2.335847631161203,True,True,True,1.5380501591142197,True,False,False,False,Finance
ICE,2022-09-23 04:00:00,93.24,0.15004290004290022,True,29.30524285392082,-14.93438137173905,2.3631087281374628,-4.143106816078957,False,False,2.0932069510268603,40.19138755980871,True,64.32160804020077,True,True,-2.335847631161203,True,True,True,1.1678742872099073,True,False,False,False,Finance
ICE,2022-09-26 04:00:00,91.59,0.1821159515230919,True,26.569623262668472,-16.302814012465667,2.3656445272799442,-5.596784168212732,False,True,-5.928433268858813,6.64857530529165,False,2.6666666666670835,False,True,1.5353697859069593,False,False,True,1.570285238469799,True,False,False,True,Finance
ICE,2022-09-27 04:00:00,91.5,0.21114754098360655,True,26.42472469234744,-16.24851364239602,2.346371560731,-3.5318924617817604,False,True,-5.928433268858813,6.64857530529165,False,52.9100529100529,True,True,1.5353697859069593,False,False,True,1.3463948527995815,True,False,False,True,Finance
ICE,2022-09-29 04:00:00,90.75,0.203526170798898,True,28.935666822910157,-16.67285475020016,2.3982187344332275,-3.5190304061237576,False,True,-5.928433268858813,6.64857530529165,False,4.733727810650793,False,True,1.5353697859069593,False,False,True,0.8929983849248927,False,False,False,True,Finance
ICE,2022-09-30 04:00:00,90.35,0.19081350304371902,True,28.258232588072335,-16.899236596039767,2.414735197997945,-3.099528099528104,False,True,-5.928433268858813,6.64857530529165,False,1.3327410039982708,False,False,1.5353697859069593,False,False,True,1.0993008985575397,True,False,False,True,Finance
ICE,2023-03-10 05:00:00,95.39,0.4361044134605305,True,23.766469522615463,-9.238414964451016,2.474681510136137,-6.918423106947702,False,True,-4.294650359443553,19.20000000000016,False,13.400000000000034,False,False,0.9003377269610535,False,False,True,1.806202978646718,True,False,False,False,Finance
DUK,2022-09-30 04:00:00,93.02,-0.07804773167060841,False,22.7027096819442,-12.397989722187152,2.683100668775743,-10.30758846784302,False,True,-3.431015653440117,3.9179104477610776,False,6.666666666666638,False,False,1.1546128321805016,False,False,True,1.9977114386248238,True,False,False,True,Utilities
DUK,2022-10-06 04:00:00,90.77,-0.027982813704968468,False,27.41619799662254,-14.139773203337914,2.9058134922047403,-4.553101997896947,False,True,-2.261803788521355,27.351920380628332,False,3.8724667613266575,False,False,-0.4846953312090285,True,False,True,1.473198121984381,True,False,False,False,Utilities
DUK,2022-10-07 04:00:00,89.07,-0.001459526215336182,False,25.620621421449638,-15.615593843387634,2.943422491889619,-4.246398623951841,False,True,-2.261803788521355,27.351920380628332,False,20.082815734989573,False,False,-0.4846953312090285,True,False,True,1.0695316263759798,True,False,False,False,Utilities
DUK,2022-10-10 04:00:00,89.15,0.008076275939427946,True,25.866678526947528,-15.409003560693089,2.8207341860298922,-6.4827441518934155,False,True,-10.30758846784302,2.0351526364477226,False,8.31404664411628,False,False,9.634752333780728,False,False,False,0.9864062532065384,False,False,False,True,Utilities
DUK,2022-10-11 04:00:00,89.53,-0.016754160616553104,False,27.10031530434345,-14.921042658978612,2.7549344073808815,-7.815074135090616,False,True,-10.30758846784302,2.0351526364477226,False,7.60869565217393,False,False,9.634752333780728,False,False,False,1.5537625699963806,True,False,False,True,Utilities
DUK,2022-10-12 04:00:00,85.97,0.031522624171222535,True,23.204509296083096,-18.154990691119533,2.9648553543649236,-8.562008083386507,False,True,-10.30758846784302,2.0351526364477226,False,1.775147928994145,False,False,9.634752333780728,False,False,False,1.3073459967282943,True,False,False,True,Utilities
DUK,2022-10-13 04:00:00,87.99,0.01670644391408116,True,29.40574702944743,-16.096399787133496,3.076284636721528,-3.0626859094414427,False,True,-10.30758846784302,2.0351526364477226,False,26.050420168067166,False,False,9.634752333780728,False,False,False,2.101972309372139,True,True,False,True,Utilities
DUK,2022-10-14 04:00:00,86.82,0.0246486984565768,True,27.995639506904904,-17.070033635907834,3.146797732094855,-2.5261030650050476,False,True,-10.30758846784302,2.0351526364477226,False,13.725490196078077,False,False,9.634752333780728,False,False,False,1.3613638871768194,True,False,False,True,Utilities
DUK,2023-03-01 05:00:00,91.91,-0.011424219345011366,False,23.486512537301063,-9.353573685113217,2.084689926500893,-5.704319277726477,False,False,0.38341237009382745,61.152882205513805,True,5.7522123893803165,False,False,-0.9901538337179661,True,False,True,1.1562239471867781,True,False,False,False,Utilities
DUK,2023-05-23 04:00:00,90.75,0.12165289256198353,True,27.392295415488665,-8.555009549688327,1.8032828648298453,-3.467716200404214,False,True,-1.9223027375201207,18.37088388214905,False,8.683473389355822,False,False,-2.2236772108822467,True,True,True,1.35073247023563,True,False,False,True,Utilities
DUK,2023-05-24 04:00:00,90.16,0.13320763087843845,True,26.055789795220274,-9.066742235147201,1.7923873112744089,-3.074607611266389,False,True,-1.9223027375201207,18.37088388214905,False,9.629629629629333,False,False,-2.2236772108822467,True,True,True,1.0284896745677452,True,False,False,True,Utilities
DUK,2023-05-25 04:00:00,88.89,0.13826077174035323,True,23.408221489526568,-10.25523180546379,1.8432262345101555,-4.223682792802497,False,True,-1.9223027375201207,18.37088388214905,False,37.07865168539304,True,False,-2.2236772108822467,True,True,True,1.2893649295315182,True,False,False,True,Utilities
DUK,2023-05-26 04:00:00,88.7,0.13213077790304406,True,23.031176120241422,-10.353870950554782,1.8255572071290878,-4.118473678521239,False,True,-1.9223027375201207,18.37088388214905,False,90.76923076923148,True,True,-2.2236772108822467,True,True,True,1.0709022039138907,True,False,False,True,Utilities
DUK,2023-05-30 04:00:00,88.01,0.15100556754914196,True,21.666309214825873,-10.953312956939024,1.8358709363713137,-4.305751875611607,False,True,-5.069266290405339,8.873720136518946,False,7.643312101911151,False,True,3.076199507818056,False,False,True,1.053154341747846,True,False,False,False,Utilities
DUK,2023-05-31 04:00:00,89.29,0.1599283234404747,True,29.958600758262136,-9.571331966153197,1.8277002819308763,-1.6088154269972343,False,True,-5.069266290405339,8.873720136518946,False,21.30684901769243,False,True,3.076199507818056,False,False,True,1.416527779297157,True,False,False,False,Utilities
DUK,2023-06-01 04:00:00,88.12,0.1735133908306854,True,27.13138759266144,-10.660634768054216,1.88625871883868,-2.262644188110019,False,True,-5.069266290405339,8.873720136518946,False,22.62773722627762,False,False,3.076199507818056,False,False,True,1.238798704541046,True,False,False,False,Utilities
CME,2022-05-09 04:00:00,201.6,-0.08080357142857142,False,28.63787776924404,-10.052874119430419,3.382851840902565,-7.002491004705236,False,True,-1.6059572940965272,40.49640757674733,True,11.002444987774984,False,True,1.696220267914339,False,False,False,1.224704966867155,True,False,False,True,Finance
CME,2022-05-10 04:00:00,200.27,-0.08383682029260509,False,27.96633295726445,-10.551519760244977,3.431573841256247,-8.619273590071174,False,True,-1.6059572940965272,40.49640757674733,True,28.851244044468128,False,True,1.696220267914339,False,False,False,1.0562993846713422,True,False,False,True,Finance
CME,2022-05-11 04:00:00,198.62,-0.06882489175309647,False,27.116782246712315,-11.18871922014269,3.370267996119313,-9.988217166681768,False,True,-1.6059572940965272,40.49640757674733,True,14.742857142857376,False,False,1.696220267914339,False,False,False,1.0038731573708333,True,False,False,True,Finance
CME,2022-05-12 04:00:00,196.01,-0.059384725269118865,False,25.78258076997882,-12.247874021687545,3.434494662101727,-8.093027617573977,False,True,-1.6059572940965272,40.49640757674733,True,56.3321799307958,True,True,1.696220267914339,False,False,False,1.6418289711281913,True,False,False,True,Finance
CME,2022-05-16 04:00:00,196.17,-0.06963348116429624,False,29.15927414556311,-11.979274740875393,3.376769874823186,-2.693452380952388,False,True,-4.089541351326709,17.28971962616821,False,20.1067615658362,False,True,0.14654581316169146,False,False,False,1.22603188427603,True,False,False,True,Finance
CME,2022-05-17 04:00:00,196.03,-0.07253991735958776,False,29.077280384097786,-11.936573008175142,3.3302017557344854,-2.117141858491045,False,True,-4.089541351326709,17.28971962616821,False,37.878787878787875,True,True,0.14654581316169146,False,False,False,0.97928099942817,False,False,False,True,Finance
CME,2022-05-18 04:00:00,188.48,-0.03533531409168078,False,24.99533926111055,-15.19895418564771,3.554622260905366,-5.1052260598127175,False,True,-4.089541351326709,17.28971962616821,False,17.185554171855483,False,True,0.14654581316169146,False,False,False,1.0705757311274298,True,False,False,True,Finance
CME,2022-05-19 04:00:00,190.15,-0.04322902971338416,False,27.42234112585376,-14.324421974585135,3.465939539671975,-2.9896433855415516,False,True,-4.089541351326709,17.28971962616821,False,10.058027079303843,False,False,0.14654581316169146,False,False,False,0.9420342409141435,False,False,False,True,Finance
CME,2022-05-23 04:00:00,191.6,-0.06017745302713984,False,29.944326872553344,-13.4387289413678,3.2367117982349978,-2.3296120711627677,False,True,-4.881874792033091,47.156726768377226,True,10.30303030303037,False,True,3.3047370555047806,False,False,False,1.0713218962866438,True,False,False,True,Finance
CME,2022-09-21 04:00:00,182.03,0.10816898313464818,True,27.723286549892983,-13.017299978222436,2.4353220635973427,-4.8457919498170465,False,False,3.405413734655083,10.814249363867633,False,1.0434782608696047,False,True,-1.882203518729486,True,True,True,1.017684941342733,True,False,False,False,Finance
CME,2022-09-23 04:00:00,181.08,0.10354539430086152,True,28.508946930344244,-13.249035069794079,2.4514754758013564,-5.470870745458334,False,False,3.405413734655083,10.814249363867633,False,43.268337975859176,True,True,-1.882203518729486,True,True,True,0.9077151810281324,False,False,False,False,Finance
CME,2022-09-26 04:00:00,179.98,0.1132348038670965,True,27.480584337716603,-13.657664369472474,2.4176778884381704,-5.631291946308725,False,True,-4.8480031790184785,14.555689585846418,False,68.39546191247908,True,True,1.3394728656940469,False,False,True,0.8533897432777862,False,False,False,True,Finance
CME,2022-09-27 04:00:00,176.26,0.14410529899012836,True,24.289627773384087,-15.312144280788331,2.5711763720373817,-5.869158878504677,False,True,-4.8480031790184785,14.555689585846418,False,17.15116279069737,False,True,1.3394728656940469,False,False,True,1.2435014902504378,True,False,False,True,Finance
CME,2022-09-30 04:00:00,177.13,0.13848585784452094,True,29.37476491016494,-14.533760902372105,2.4974257872725647,-2.1813563066048203,False,True,-4.8480031790184785,14.555689585846418,False,4.309252217997155,False,False,1.3394728656940469,False,False,True,1.1462968946161247,True,False,False,True,Finance
CME,2022-10-07 04:00:00,169.92,0.27171610169491545,True,27.63587210045722,-17.430731429265762,2.781260986066459,-4.070456726697913,False,True,-5.470870745458334,19.352159468438654,False,10.424028268550801,False,False,1.4797751069705267,False,False,True,1.2605552420321822,True,False,False,False,Finance
CME,2022-10-10 04:00:00,169.46,0.2811282898619143,True,27.269536816390783,-17.50935275055668,2.6994125321531275,-4.893927489056004,False,True,-2.1813563066048203,29.796511627906746,False,37.42802303262949,True,False,-2.5793401030670515,True,False,True,1.3508888007966107,True,False,False,True,Finance
CME,2022-10-11 04:00:00,169.95,0.294851426890262,True,28.358944622751814,-17.128413903517895,2.612428790015003,-6.687530884533032,False,True,-2.1813563066048203,29.796511627906746,False,34.200743494424415,True,True,-2.5793401030670515,True,False,True,1.062322678302982,True,False,False,True,Finance
SNPS,2022-01-25 05:00:00,291.66,0.22289652334910515,True,27.612794182430537,-4.760904244169721,4.384444731731811,-6.960571647314017,False,False,-1.2713403559752923,14.275517487508901,False,9.96197718631182,False,False,2.6027586311376805,False,False,False,1.1075209918352409,True,False,False,True,Tech
SNPS,2022-01-26 05:00:00,288.56,0.2381133906293318,True,26.697106183191938,-5.71902357845979,4.635201630742728,-7.554302556545133,False,False,-1.2713403559752923,14.275517487508901,False,27.147275755412743,False,True,2.6027586311376805,False,False,False,1.4200848387420018,True,False,False,True,Tech
SNPS,2022-01-27 05:00:00,285.36,0.2261003644519204,True,25.74791814967031,-6.7017588651398885,4.666018155856407,-7.9365079365079305,False,False,-1.2713403559752923,14.275517487508901,False,24.101549094565858,False,False,2.6027586311376805,False,False,False,1.1123055736462952,True,False,False,True,Tech
SNPS,2022-09-22 04:00:00,306.97,0.45887220249535776,True,27.248698344442392,-4.381676770867395,2.900016700160086,-2.8391466734189907,False,False,2.9102129719264402,36.85932388222465,True,10.312500000000426,False,False,-1.9131353890063152,True,False,True,0.9026603559258783,False,False,False,False,Tech
SNPS,2022-09-23 04:00:00,303.28,0.46514771828013735,True,25.616288457689045,-5.479057563800612,2.897566521231169,-3.47856529072913,False,False,2.9102129719264402,36.85932388222465,True,64.92805755395604,True,True,-1.9131353890063152,True,False,True,0.6868842144852696,False,False,False,False,Tech
SNPS,2022-09-26 04:00:00,303.34,0.47263796400079117,True,25.69423834884187,-5.408964701420038,2.839588690970731,-4.4056472961048865,False,True,-7.634193662178856,17.854027333527156,False,7.874139750232227,False,True,2.854853775935884,False,False,True,0.8281764304601473,False,False,False,True,Tech
SNPS,2022-09-27 04:00:00,306.09,0.5051455454278153,True,29.34870435033927,-4.508181281451553,2.788790140096003,-3.215708594194655,False,True,-7.634193662178856,17.854027333527156,False,65.47144754316027,True,True,2.854853775935884,False,False,True,0.7235377629730504,False,False,False,True,Tech
SNPS,2022-10-11 04:00:00,277.34,0.7892478546188795,True,25.72480604668809,-13.16725286005619,3.6868815957579235,-13.789244637861364,False,False,0.7352941176470562,20.320466132556238,False,8.136792452830143,False,False,-3.2684574992660087,True,False,True,2.26222601504639,True,True,False,False,Tech
SNPS,2022-10-12 04:00:00,276.19,0.7729461602520005,True,25.365789944325858,-13.410758693235739,3.581322547877893,-14.058561782369239,False,False,0.7352941176470562,20.320466132556238,False,4.324324324324479,False,False,-3.2684574992660087,True,False,True,1.4087437963729135,True,False,False,False,Tech
PH,2022-06-16 04:00:00,240.54,0.5458967323522077,True,29.711293636740322,-16.824884984512497,3.7077201223523035,-13.149913344887343,False,False,1.510706952185381,19.449378330372998,False,22.265624999999993,False,True,-2.9012025838458744,True,False,False,1.5637388271719475,True,False,False,False,Other
PH,2022-06-17 04:00:00,236.37,0.5833227566950121,True,27.919176952584184,-18.117980105462504,3.808833299185327,-10.333447137817231,False,False,1.510706952185381,19.449378330372998,False,28.58744394618842,False,True,-2.9012025838458744,True,False,False,2.249953480010188,True,True,False,False,Other
PH,2022-09-23 04:00:00,244.62,0.5693320251819147,True,29.81485579918433,-12.673242894456227,3.1672242813798754,-5.951557093425608,False,False,5.330917053648965,17.99544419134378,False,46.228373702422225,True,False,-0.32105789732441714,True,True,True,1.1386946076848128,True,False,False,False,Other
PH,2022-09-26 04:00:00,239.98,0.6297608134011168,True,27.71070543458323,-14.207347460410416,3.225555477315041,-9.496153265952644,False,True,-6.770852001863858,5.505279034690928,False,31.895424836601254,True,True,3.192952987235298,False,False,True,1.77378119184374,True,False,False,True,Other
PH,2022-09-27 04:00:00,238.29,0.6468588694447943,True,26.964280226588368,-14.68578641590803,3.2813841611957897,-7.981927710843372,False,True,-6.770852001863858,5.505279034690928,False,29.411764705882277,False,True,3.192952987235298,False,False,True,1.6928612634525528,True,False,False,True,Other
MDLZ,2022-09-30 04:00:00,54.83,0.2329016961517416,True,23.1682004169974,-12.095064999530921,2.3437214308489223,-6.988973706530965,False,True,-1.6794390999510855,31.74046191144564,True,5.555555555555515,False,True,1.4283111739948229,False,False,True,1.903223217056454,True,False,False,True,Staples
MDLZ,2023-10-12 04:00:00,61.04,0.15547182175622543,True,19.93806605638918,-12.592368235023995,2.395786448988883,-6.193330259720298,False,True,-1.462444980832034,16.12903225806513,False,13.875598086124338,False,False,-1.6600760671471981,True,True,True,1.1040149470074456,True,False,False,True,Staples
MDLZ,2023-10-13 04:00:00,61.53,0.16691045018690054,True,23.287104557911253,-11.78633107797033,2.3323169452783303,-2.888257575757569,False,True,-1.462444980832034,16.12903225806513,False,18.51851851851869,False,False,-1.6600760671471981,True,True,True,1.0182270261142539,True,False,False,True,Staples
MDLZ,2024-12-09 05:00:00,61.44,-0.12451171875,False,22.587232081399062,-11.231479971206632,1.8261560821214111,-5.810210026061635,False,False,0.8540372670807317,12.500000000000554,False,39.64285714285706,True,True,-4.467675493119694,True,True,True,2.4929385333845637,True,True,False,False,Staples
MDLZ,2024-12-10 05:00:00,61.75,-0.12485829959514172,False,25.771948991783905,-10.687760413670333,1.880378699724712,-4.721493596667181,False,False,0.8540372670807317,12.500000000000554,False,55.08982035928148,True,True,-4.467675493119694,True,True,True,1.223096157955403,True,False,False,False,Staples
MDLZ,2024-12-18 05:00:00,60.02,-0.09513495501499503,False,25.65315595489708,-12.64539665894807,2.0238148795826163,-4.9112801013941665,False,True,-3.2178598922247947,15.140845070422545,False,4.460966542751102,False,False,0.9722675229234978,False,False,True,1.575925822373366,True,False,False,True,Staples
MDLZ,2024-12-19 05:00:00,59.27,-0.08638434283786067,False,23.43652516808359,-13.618894274256569,2.0187300223470466,-5.364841130448661,False,True,-3.2178598922247947,15.140845070422545,False,3.125000000000116,False,False,0.9722675229234978,False,False,True,1.4146575142149556,True,False,False,True,Staples
MDLZ,2024-12-20 05:00:00,59.39,-0.08031655160801487,False,24.55973381353434,-13.328062154443135,2.008805798858181,-4.101404811884379,False,True,-3.2178598922247947,15.140845070422545,False,2.8661033191042717,False,False,0.9722675229234978,False,False,True,3.171605951222106,True,True,True,True,Staples
MDLZ,2024-12-23 05:00:00,59.28,-0.07827260458839402,False,24.209132012223417,-13.372325562136634,1.9707184947036296,-3.594080338266381,False,True,-1.479478205536111,40.30226700251894,True,44.91725768321524,True,False,4.09194047119259,False,False,True,0.7681969906827467,False,False,False,True,Staples
PNC,2022-04-29 04:00:00,166.1,-0.2827212522576761,False,28.838018166932144,-13.411597656514317,2.964219356567427,-4.1269841269841345,False,True,-5.251759610178663,5.163991625959585,False,7.774390243902298,False,True,1.3646435491102338,False,False,False,1.3159670631967895,True,False,False,True,Finance
PNC,2022-05-11 04:00:00,159.83,-0.3018832509541388,False,29.43135749968858,-15.821953898133836,3.261996426838856,-7.995625143909734,False,True,-4.1269841269841345,7.103064066852234,False,2.60869565217401,False,False,-2.6012460129502313,True,True,False,0.6864325067363025,False,False,False,True,Finance
PNC,2022-05-12 04:00:00,159.3,-0.28644067796610173,False,28.96228196238138,-15.966460247455327,3.2326354388492096,-5.667081186711664,False,True,-4.1269841269841345,7.103064066852234,False,62.008895478131606,True,True,-2.6012460129502313,True,True,False,0.7998432622902885,False,False,False,True,Finance
PNC,2022-05-13 04:00:00,157.44,-0.2912220528455284,False,27.316832356343845,-16.807352345437288,3.2504286124023793,-5.509542671948154,False,True,-4.1269841269841345,7.103064066852234,False,14.680851063829776,False,True,-2.6012460129502313,True,True,False,0.8742381915507903,False,False,False,True,Finance
PNC,2022-05-16 04:00:00,155.27,-0.2319829973594385,False,25.49683970138701,-17.80716414042488,3.2732002546606362,-5.13227836500274,False,True,0.31306441902470006,24.789144501065298,False,46.3783783783786,True,True,-0.9430808964992154,True,True,True,1.0584806217515779,True,False,False,False,Finance
PNC,2023-03-07 05:00:00,145.72,0.03239088663189671,True,29.67374514253364,-10.709221909715888,2.5244487056726643,-7.725430597771021,False,False,-0.06305567816381474,52.162849872773734,True,8.775981524249312,False,False,-4.2064829485791595,True,True,True,1.5718746989651713,True,False,False,False,Finance
PNC,2023-03-08 05:00:00,145.13,0.03582994556604446,True,29.04901607235658,-10.972678288306103,2.457016197339365,-6.494426905482897,False,False,-0.06305567816381474,52.162849872773734,True,43.33333333333329,True,False,-4.2064829485791595,True,True,True,1.1844769685315013,True,False,False,False,Finance
PNC,2023-03-09 05:00:00,137.87,0.10858054689199981,True,22.712465265555455,-15.296175722217702,2.799028012598931,-8.233493077742281,False,False,-0.06305567816381474,52.162849872773734,True,6.288343558282174,False,False,-4.2064829485791595,True,True,True,1.8836706162441932,True,False,False,False,Finance
PNC,2023-03-10 05:00:00,137.16,0.10075823855351418,True,22.20239761347978,-15.600261390126539,3.098949036194011,-10.288442671201514,False,False,-0.06305567816381474,52.162849872773734,True,20.44967880085655,False,False,-4.2064829485791595,True,True,True,2.7185327641419343,True,True,False,False,Finance
PNC,2023-03-13 04:00:00,130.06,0.17422727971705365,True,17.878469002732533,-19.809823713863484,3.745894228738834,-14.815299973801421,False,True,-3.533345952426037,34.49643140364781,True,58.447488584475074,True,True,2.692673963952541,False,False,True,4.592164603331466,True,True,True,True,Finance
PNC,2023-03-14 04:00:00,130.53,0.13759289052325152,True,19.003000853307473,-19.363419309006506,4.109336137323136,-10.424101015646448,False,True,-3.533345952426037,34.49643140364781,True,30.527210884353796,True,True,2.692673963952541,False,False,True,2.3316671783103806,True,True,False,True,Finance
PNC,2023-03-15 04:00:00,125.05,0.18976409436225516,True,16.214966268461747,-22.573500168209236,4.429137715235195,-13.83587128781093,True,True,-3.533345952426037,34.49643140364781,True,59.74358974358961,True,True,2.692673963952541,False,False,True,1.9619870116570435,True,False,False,True,Finance
PNC,2023-03-16 04:00:00,130.12,0.14970796188134017,True,26.90063394961683,-19.278240096296393,4.537145781241543,-5.621237397548418,False,True,-3.533345952426037,34.49643140364781,True,33.33333333333333,True,True,2.692673963952541,False,False,True,1.8407386815173326,True,False,False,True,Finance
PNC,2023-03-17 04:00:00,123.72,0.21330423537019083,True,22.925820110348578,-23.0706094824133,4.881907485634004,-9.798775153105865,True,True,-3.533345952426037,34.49643140364781,True,23.53923205342228,False,True,2.692673963952541,False,False,True,2.0044227981139513,True,True,False,True,Finance
PNC,2023-03-20 04:00:00,127.35,0.20777385159010597,True,29.306205419794907,-20.64913184978667,4.781459825898427,-2.0836536982930975,True,True,-10.288442671201514,21.098328630345065,False,21.51898734177216,False,True,10.352849330266412,False,False,True,1.1005037767079475,True,False,False,True,Finance
PNC,2023-03-23 04:00:00,122.13,0.26946696143453686,True,29.249199841052285,-23.415517178637778,4.913847724200944,-6.140485705502618,True,True,-10.288442671201514,21.098328630345065,False,12.334801762114571,False,False,10.352849330266412,False,False,True,1.160266226245909,True,False,False,True,Finance
PNC,2023-08-24 04:00:00,117.67,0.513639840231155,True,29.822702520458854,-14.261848354744691,2.53378240319612,-4.720647773279351,False,True,-1.1562452457021255,61.44736842105259,True,0.7892867478755333,False,False,-0.7343989414456242,True,True,True,1.661066682526262,True,False,False,False,Finance
PNC,2023-10-20 04:00:00,111.82,0.6658916115185121,True,27.91977724102111,-15.117861681565783,2.7798473890951225,-5.349585237853405,False,True,-1.9956015313187248,49.7584541062799,True,8.158765159867489,False,False,-3.0352190924828215,True,True,True,1.1930984233275033,True,False,False,True,Finance
PNC,2023-10-23 04:00:00,109.71,0.7155227417737673,True,25.020307362634128,-16.58077535468069,2.8724774116384846,-7.127740624735468,False,True,-1.8118351063829752,23.625000000000007,False,7.008086253369039,False,False,0.3714958548471259,False,False,True,1.2342546719391192,True,False,False,True,Finance
SHW,2022-01-27 05:00:00,283.17,-0.18465939188473357,False,20.906309562024806,-4.985487898209836,3.1261439956654486,-4.86797016730498,False,True,-4.566549099684436,20.26351658337111,False,22.207534699273065,False,True,3.8525047408588087,False,False,False,1.8503845518201,True,False,False,True,Materials
SHW,2022-02-04 05:00:00,281.73,-0.15365775742732413,False,28.73939768761524,-5.292500357507385,3.0309983383655803,-2.075078206465053,False,True,-5.060623743759307,0.5474452554746463,False,20.40072859744996,False,True,0.7652823780315288,False,False,False,0.7195263483867025,False,False,False,True,Materials
SHW,2022-02-07 05:00:00,279.22,-0.1565432275624956,False,27.515237520196045,-6.078926341594606,2.9283107801018535,-2.5444138075459755,False,False,-1.7585794775482388,51.39259824494471,True,0.0,False,False,5.369196691300782,False,False,False,0.7243482562954082,False,False,False,True,Materials
SHW,2022-02-08 05:00:00,279.67,-0.17220295348088832,False,28.106491039342295,-5.872042770126885,2.7918383830587357,-4.578798321334732,False,False,-1.7585794775482388,51.39259824494471,True,55.92377796188928,True,True,5.369196691300782,False,False,False,0.559497627191163,False,False,False,True,Materials
SHW,2022-02-11 05:00:00,273.1,-0.1506774075430246,False,29.123185259344982,-7.92504241482382,2.8873491552239416,-3.063216554857484,False,False,-1.7585794775482388,51.39259824494471,True,11.642949547219041,False,False,5.369196691300782,False,False,False,0.6248305297291232,False,False,False,True,Materials
SHW,2022-02-14 05:00:00,270.48,-0.1398624667258208,False,27.878655489639513,-8.728373191959603,2.8514006068026045,-3.130148270181221,False,True,-2.075078206465053,7.397622192866615,False,23.787740164684674,False,False,-0.2836520374940199,True,False,False,0.5519292254481561,False,False,False,False,Materials
SHW,2022-02-15 05:00:00,271.57,-0.16364105018963804,False,29.233544591961653,-8.284262139736285,2.7636149768445892,-2.8962706046411935,False,True,-2.075078206465053,7.397622192866615,False,27.65072765072731,False,False,-0.2836520374940199,True,False,False,0.6244427031551851,False,False,False,False,Materials
SHW,2022-02-17 05:00:00,267.22,-0.16465833395703922,False,27.665044993056576,-9.595033994204371,2.751402218366752,-4.540420819490576,False,True,-2.075078206465053,7.397622192866615,False,11.582134746404861,False,True,-0.2836520374940199,True,False,False,0.5273568729174023,False,False,False,False,Materials
SHW,2022-02-18 05:00:00,268.07,-0.169507964337673,False,28.81984889765166,-9.223395213264176,2.6835970642783935,-1.8418161845477954,False,True,-2.075078206465053,7.397622192866615,False,25.99805258033071,False,True,-0.2836520374940199,True,False,False,0.7511468136750327,False,False,False,False,Materials
SHW,2022-02-22 05:00:00,261.58,-0.14729719397507446,False,25.475625109590883,-11.320327284249828,2.7978586843889377,-3.2904466134279886,False,True,-3.063216554857484,5.521472392638242,False,32.279314888010255,True,False,0.2628946818316491,False,False,False,1.2221877939629608,True,False,False,False,Materials
SHW,2022-02-23 05:00:00,259.4,-0.14772552043176546,False,24.44934175826256,-11.953730959042494,2.7561489069864424,-4.481349191736939,False,True,-3.063216554857484,5.521472392638242,False,5.151515151515013,False,False,0.2628946818316491,False,False,False,1.2594544623659942,True,False,False,False,Materials
SHW,2022-02-24 05:00:00,258.94,-0.14289024484436552,False,24.22755376985877,-12.003833424122273,2.788548738301117,-5.021457653229655,False,True,-3.063216554857484,5.521472392638242,False,25.612226109372216,False,False,0.2628946818316491,False,False,False,1.2620458348973604,True,False,False,False,Materials
SHW,2022-03-01 05:00:00,255.53,-0.12331233123312324,False,28.735069041570252,-12.879813706082219,2.899121836378197,-2.312867956265763,False,True,-1.8418161845477954,19.723979298447112,False,16.614090431125277,False,False,-3.2027240025016446,True,False,False,1.5555083247445196,True,False,False,False,Materials
SHW,2022-03-07 05:00:00,242.95,-0.09434039925910676,False,25.639168293407522,-16.74089559390341,3.1968873063787893,-7.669212936571279,False,False,-0.2984295146790106,90.41143107824414,True,0.3205128205127113,False,False,0.6453974412506946,False,False,False,1.4585849381705396,True,False,False,True,Materials
SHW,2022-03-08 05:00:00,239.85,-0.0944757139879091,False,24.398020356585842,-17.65739997724155,3.360698360314914,-6.13626580049309,False,False,-0.2984295146790106,90.41143107824414,True,30.72390572390571,True,False,0.6453974412506946,False,False,False,1.3344683872895882,True,False,False,True,Materials
SHW,2022-03-09 05:00:00,241.71,-0.11422779363700308,False,26.691064747069,-16.87808562742284,3.289604875494222,-7.113211897625094,False,False,-0.2984295146790106,90.41143107824414,True,56.66156202143976,True,True,0.6453974412506946,False,False,False,1.1992607937205024,True,False,False,True,Materials
SHW,2022-03-10 05:00:00,237.55,-0.10082087981477594,False,24.873923608660274,-18.159579065376654,3.284329653283282,-7.940629359789186,False,False,-0.2984295146790106,90.41143107824414,True,47.35376044568288,True,True,0.6453974412506946,False,False,False,1.0433545303400107,True,False,False,True,Materials
SHW,2022-03-11 05:00:00,233.59,-0.07106468598826998,False,23.251164661984124,-19.36722999822609,3.279097875638869,-9.632867809199585,False,False,-0.2984295146790106,90.41143107824414,True,4.64716006884699,False,True,0.6453974412506946,False,False,False,0.790942770112113,False,False,False,True,Materials
SHW,2022-03-14 04:00:00,237.63,-0.08870933804654291,False,28.38436733159438,-17.825710874728262,3.1812776603532154,-2.189750977567395,False,True,-3.2850675347027236,37.4387947269303,True,23.162939297124908,False,True,-0.7471737884028995,True,False,False,0.8330418112833512,False,False,False,True,Materials
SHW,2022-06-14 04:00:00,229.48,0.0871099877985011,True,29.39809258062341,-16.859779369710594,4.133167597921597,-17.223965660282083,False,True,-2.703093902659681,54.49999999999988,True,20.71778140293633,False,False,-2.1740538416395783,True,False,False,0.9316014693458913,False,False,False,True,Materials
SHW,2022-06-15 04:00:00,228.99,0.08253635529935788,True,29.21368507052399,-16.896423857670186,4.130321007412557,-14.58146821844225,False,True,-2.703093902659681,54.49999999999988,True,50.3841931942921,True,True,-2.1740538416395783,True,False,False,0.9572071212549099,False,False,False,True,Materials
SHW,2022-06-16 04:00:00,218.95,0.1343685773007537,True,25.661728315667723,-20.377344120815977,4.431027533140711,-16.428107943051273,True,True,-2.703093902659681,54.49999999999988,True,36.7532467532466,True,True,-2.1740538416395783,True,False,False,0.9399989625470402,False,False,False,True,Materials
SHW,2022-06-17 04:00:00,222.79,0.10992414381255888,True,29.207033553977798,-18.827596002643844,4.43026271343131,-9.95473284293913,False,True,-2.703093902659681,54.49999999999988,True,35.98673300165839,True,True,-2.1740538416395783,True,False,False,1.5467452193952673,True,False,False,True,Materials
SHW,2022-06-21 04:00:00,220.15,0.1186918010447422,True,28.21090458447019,-19.631212310333982,4.387994221157556,-7.44555620953502,False,True,-7.981255578696822,0.6432936635573774,False,42.13564213564233,True,True,5.079527757027091,False,False,False,1.4799106157546942,True,False,False,False,Materials
SHW,2022-06-22 04:00:00,221.2,0.11681735985533459,True,29.244518311400462,-19.092941068961668,4.330993303165162,-3.6081575736447657,False,True,-7.981255578696822,0.6432936635573774,False,1.405152224824406,False,True,5.079527757027091,False,False,False,1.3548253154905987,True,False,False,False,Materials
SHW,2022-09-22 04:00:00,208.05,0.23148281663061754,True,28.242914247516218,-18.90762459329352,2.9711816124040924,-7.066601152454544,False,False,3.684051593977822,31.95307108350581,True,7.6763485477179465,False,False,-1.4091621164339818,True,True,True,1.6070040754809234,True,False,False,False,Materials
CDNS,2022-01-18 05:00:00,153.53,0.1199765518139777,True,27.849814068620557,-2.6152352704095336,3.8244544333834236,-7.445141065830718,False,True,-10.909578749664606,0.3976143141153234,False,16.712328767123637,False,False,9.438524187762276,False,False,False,1.697746147013321,True,False,False,True,Tech
CDNS,2022-01-19 05:00:00,153.17,0.1638049226349807,True,27.637557552123344,-2.8160872957755867,3.7074540701954137,-9.490043136559711,False,True,-10.909578749664606,0.3976143141153234,False,5.3627760252362195,False,False,9.438524187762276,False,False,False,1.4689709955086578,True,False,False,True,Tech
CDNS,2022-01-20 05:00:00,150.31,0.22021156277027476,True,25.945741888916064,-4.586748198593861,3.84886454618256,-11.675872605476556,False,True,-10.909578749664606,0.3976143141153234,False,3.626220362621916,False,False,9.438524187762276,False,False,False,0.9663991733807215,False,False,False,True,Tech
CDNS,2022-01-21 05:00:00,148.3,0.22980445043830056,True,24.796886809442324,-5.807702008447007,3.840813403899965,-9.107624417749438,False,True,-10.909578749664606,0.3976143141153234,False,4.630650496141304,False,False,9.438524187762276,False,False,False,1.428880082881003,True,False,False,True,Tech
CDNS,2022-01-25 05:00:00,142.39,0.30367301074513664,True,24.88938664372019,-9.442493228162753,4.385883055374061,-7.255910896893125,False,True,-2.5719792796048746,17.687074829932012,False,1.210287443267538,False,False,1.7129841454575967,False,False,False,1.5136235833470522,True,False,False,True,Tech
CDNS,2022-01-26 05:00:00,141.49,0.30772492755671776,True,24.4298888382922,-9.925117127685592,4.5594219416370985,-7.625514134621647,False,True,-2.5719792796048746,17.687074829932012,False,24.86308871851053,False,False,1.7129841454575967,False,False,False,1.3418032473154318,True,False,False,True,Tech
CDNS,2022-01-27 05:00:00,138.98,0.30047488847316184,True,23.146465798960485,-11.421463336001471,4.673490500580264,-7.5377553057015545,False,True,-2.5719792796048746,17.687074829932012,False,15.632957953709328,False,False,1.7129841454575967,False,False,False,0.9207455625926135,False,False,False,True,Tech
CDNS,2022-10-11 04:00:00,148.04,0.7035936233450419,True,28.009061864191906,-8.643666763307538,3.5399791351442964,-13.593649681900432,False,False,1.5282350748586637,12.482269503546064,False,12.499999999999863,False,False,-3.077043518010647,True,False,True,1.9368192439206557,True,False,False,True,Tech
CDNS,2022-10-12 04:00:00,147.97,0.691221193485166,True,27.9608307910864,-8.607868041874198,3.457631684592389,-12.80494991160872,False,False,1.5282350748586637,12.482269503546064,False,3.99999999999961,False,False,-3.077043518010647,True,False,True,1.2452660156389328,True,False,False,True,Tech
CDNS,2024-07-25 04:00:00,258.38,0.4175245762055886,True,25.85546328771666,-8.620144969478735,3.593553392111527,-7.000683871432168,False,True,-1.6941235090778828,41.11627906976759,True,2.0427302017657682,False,False,-2.5849302440007382,True,False,False,1.7591032852655493,True,False,False,False,Tech
CDNS,2024-07-26 04:00:00,258.79,0.43371073070829613,True,26.23724181794772,-8.397894640047177,3.5184430373493933,-7.558492587962129,False,True,-1.6941235090778828,41.11627906976759,True,14.918759231906083,False,False,-2.5849302440007382,True,False,False,1.2779340050650259,True,False,False,False,Tech
CDNS,2024-07-29 04:00:00,259.05,0.4073344914109245,True,26.495717187504244,-8.23002055871537,3.435076614350082,-9.763828897868176,False,True,-11.315614407450825,15.280594996619273,False,7.246376811594043,False,False,12.168917027608206,False,False,False,0.7536382927795926,False,False,False,True,Tech
CDNS,2024-07-30 04:00:00,253.11,0.41033542728457983,True,24.392714042746753,-10.242003218017858,3.544657534645031,-10.558676985052474,False,True,-11.315614407450825,15.280594996619273,False,22.921914357682716,False,False,12.168917027608206,False,False,False,1.3782568011293657,True,False,False,True,Tech
CDNS,2024-08-05 04:00:00,246.84,0.4354642683519687,True,29.202786575698372,-12.149718702601533,4.174378677861911,-4.713375796178343,False,True,-7.558492587962129,2.966226138032445,False,59.105431309904176,True,True,6.069409654256974,False,False,False,1.6049353426794826,True,False,False,True,Tech
PYPL,2022-01-21 05:00:00,163.54,-0.5133912192735721,False,29.12111173133774,-30.082506639146857,4.336708818762854,-9.65140047511187,True,True,-0.5196733481811489,22.93785925402095,False,2.484472049689242,False,False,-2.317408236249563,True,True,True,1.6441472240728592,True,False,False,True,Finance
PYPL,2022-01-24 05:00:00,162.17,-0.5122402417216501,False,28.3684951757054,-30.455998389805604,4.5657245407668325,-9.107723349400288,True,True,-4.893390191897662,17.306590257879563,False,38.86884898053665,True,False,0.6724912222211943,False,False,True,1.8242965820071628,True,False,False,True,Finance
PYPL,2022-01-25 05:00:00,158.2,-0.4891908975979772,False,26.25125326724635,-31.940689743875485,4.657533923645494,-9.320188008712604,True,True,-4.893390191897662,17.306590257879563,False,51.950354609928816,True,True,0.6724912222211943,False,False,True,0.9950909952669561,False,False,False,True,Finance
PYPL,2022-01-26 05:00:00,156.98,-0.4787234042553191,False,25.618489348364243,-32.246676107490664,4.806201093573943,-9.547680783635847,True,True,-4.893390191897662,17.306590257879563,False,15.142276422764025,False,True,0.6724912222211943,False,False,True,1.1711967146614524,True,False,False,True,Finance
PYPL,2022-01-27 05:00:00,158.11,-0.4963000442729746,False,27.364880870565464,-31.542630822322483,4.702515798088171,-8.754616805170812,True,True,-4.893390191897662,17.306590257879563,False,26.123128119800608,False,True,0.6724912222211943,False,False,True,0.9096888511159754,False,False,False,True,Finance
PYPL,2022-02-02 05:00:00,132.57,-0.35490684166855246,False,26.50831740512507,-41.909267291590645,7.68526082653595,-15.54975156070837,True,True,-8.339872211635468,1.4475271411337811,False,32.69054178145085,True,True,0.23323987638654842,False,False,True,6.520778638672189,True,True,True,True,Finance
PYPL,2022-02-03 05:00:00,124.3,-0.3376508447304908,False,24.21829826756741,-45.285197439959475,8.112202827870545,-21.383846689013986,True,True,-8.339872211635468,1.4475271411337811,False,5.9210526315789895,False,True,0.23323987638654842,False,False,True,2.281094949200372,True,True,False,True,Finance
PYPL,2022-02-04 05:00:00,126.08,-0.339863578680203,False,25.705979845106,-44.254829786552186,7.7266749850185885,-22.896281800391392,True,True,-8.339872211635468,1.4475271411337811,False,56.41509433962257,True,True,0.23323987638654842,False,False,True,1.3913937100665748,True,False,False,True,Finance
PYPL,2022-02-07 05:00:00,121.41,-0.343381929000906,False,24.355098856036665,-46.07107546621062,7.975531179736235,-29.388158659997675,True,False,-0.01222942399411453,30.41509433962265,True,10.20179372197307,False,False,-1.2619245161524906,True,False,True,1.2313282525622984,True,False,False,True,Finance
PYPL,2022-02-08 05:00:00,120.26,-0.3479128554797938,False,24.020343310200317,-46.33314559971105,7.760572406757438,-31.592718998862345,True,False,-0.01222942399411453,30.41509433962265,True,35.77480700433082,True,True,-1.2619245161524906,True,False,True,1.2110486798194677,True,False,False,True,Finance
PYPL,2022-02-09 05:00:00,122.94,-0.3427688303237352,False,26.553886659287787,-44.88966218325271,7.2909745109556585,-7.26408689748812,True,False,-0.01222942399411453,30.41509433962265,True,57.66319886595696,True,True,-1.2619245161524906,True,False,True,1.1201199611124004,True,False,False,True,Finance
PYPL,2022-02-10 05:00:00,119.02,-0.33246513191060323,False,25.22874410495756,-46.39808911249565,7.401265863420045,-4.2477876106194685,True,False,-0.01222942399411453,30.41509433962265,True,7.941176470588121,False,True,-1.2619245161524906,True,False,True,1.10392495364563,True,False,False,True,Finance
PYPL,2022-02-11 05:00:00,115.29,-0.3298638216671004,False,24.00136723794305,-47.82835131364587,7.476601006056343,-8.558058375634515,True,False,-0.01222942399411453,30.41509433962265,True,9.090909090909133,False,False,-1.2619245161524906,True,False,True,0.8879560402177289,False,False,False,True,Finance
PYPL,2022-02-14 05:00:00,114.12,-0.3172975814931651,False,23.613305520414237,-48.10811666810395,7.240940169400045,-6.004447739065966,True,True,-22.896281800391392,8.54014598540145,False,17.079889807162683,False,False,17.49064876346942,False,False,True,0.8095964753686935,False,False,False,True,Finance
PYPL,2022-02-15 05:00:00,115.46,-0.33544084531439455,False,25.106824293464676,-47.24948878570659,6.7935520017539375,-3.9913520705138983,True,True,-22.896281800391392,8.54014598540145,False,58.786610878661115,True,True,17.49064876346942,False,False,True,0.6678796499664515,False,False,False,True,Finance
PYPL,2022-02-16 05:00:00,110.54,-0.3245883842952778,False,23.30509771595645,-49.247339848650164,6.917331595280715,-10.086220920774359,True,True,-22.896281800391392,8.54014598540145,False,3.6281179138324355,False,True,17.49064876346942,False,False,True,0.9903449572717573,False,False,False,True,Finance
PYPL,2022-02-17 05:00:00,105.2,-0.28479087452471485,False,21.501549728365813,-51.4493610819602,7.1851872956615255,-11.611493866577039,False,True,-22.896281800391392,8.54014598540145,False,3.2710280373833007,False,False,17.49064876346942,False,False,True,1.1179209463307025,True,False,False,True,Finance
PYPL,2022-02-18 05:00:00,103.65,-0.27178002894356,False,20.993693536690472,-51.9151130066589,7.02747029532541,-10.096278948737968,False,True,-22.896281800391392,8.54014598540145,False,16.707087038534215,False,False,17.49064876346942,False,False,True,0.9197223947921963,False,False,False,True,Finance
PYPL,2022-02-22 05:00:00,103.17,-0.2712028690510808,False,20.82961699421575,-51.8881963142114,6.789186259458193,-9.595162986330186,False,True,-8.558058375634515,3.812117086453389,False,13.056379821958794,False,False,-1.52249678915658,True,False,False,0.9212686109338255,False,False,False,True,Finance
PYPL,2022-02-23 05:00:00,100.72,-0.2697577442414615,False,19.971630038080885,-52.78156059283477,6.808992754345798,-12.766326000346439,False,True,-8.558058375634515,3.812117086453389,False,2.522704339051464,False,False,-1.52249678915658,True,False,False,0.8031007947068314,False,False,False,True,Finance
PYPL,2022-02-24 05:00:00,105.02,-0.2975623690725576,False,25.752192387855946,-50.51572151189123,6.795591827971689,-4.993667450696593,False,True,-8.558058375634515,3.812117086453389,False,2.230483271375416,False,False,-1.52249678915658,True,False,False,1.0916844518269997,True,False,False,True,Finance
PYPL,2022-03-03 05:00:00,101.34,-0.24235247681073613,False,28.17499682339062,-51.071188516513125,6.620172166689297,-3.504094458198437,False,True,-10.096278948737968,4.5588235294118,False,6.966618287373061,False,False,-1.8590830009396098,True,True,False,0.7137118823225361,False,False,False,False,Finance
PYPL,2022-03-04 05:00:00,99.91,-0.2502252026824142,False,27.425195984595554,-51.511885092037666,6.504816631997236,-9.942311159185147,False,True,-10.096278948737968,4.5588235294118,False,34.21750663129956,True,True,-1.8590830009396098,True,True,False,0.7511728153277363,False,False,False,False,Finance
PYPL,2022-03-07 05:00:00,93.61,-0.18983014635188544,False,24.350644927200946,-54.321362682246665,6.967853698579951,-16.36737246493345,False,False,7.033285094066555,46.08433734939764,True,1.6105417276720273,False,False,-0.5713752851549403,True,True,False,1.0008048674610475,True,False,False,False,Finance
PYPL,2022-03-08 05:00:00,94.9,-0.19989462592202312,False,26.175655617453597,-53.44315578555593,6.860146169963044,-10.90038494038118,False,False,7.033285094066555,46.08433734939764,True,12.440944881889873,False,False,-0.5713752851549403,True,True,False,0.9575185710603916,False,False,False,False,Finance
PYPL,2022-04-21 04:00:00,89.4,-0.16901565995525725,False,29.11822597905564,-49.943760291946475,6.095456210903764,-14.99477037177902,True,True,-4.679866289534596,8.659697300670919,False,6.704545454545495,False,False,-1.565056594059,True,True,True,1.744759664406874,True,False,False,False,Finance
PYPL,2022-04-22 04:00:00,86.03,-0.16563989306056026,False,27.11842092698137,-51.580957182660406,6.236312256781152,-15.912423028052004,False,True,-4.679866289534596,8.659697300670919,False,1.1709601873535644,False,False,-1.565056594059,True,True,True,1.3183699458013405,True,False,False,False,Finance
PYPL,2022-04-25 04:00:00,87.78,-0.17908407382091596,False,29.81408365978867,-50.34605016756196,5.961030225613932,-12.726188108967984,False,True,-8.002877439079214,2.3408239700374547,False,25.78347578347578,False,False,-2.421523735257103,True,True,True,0.9721671569357442,False,False,False,False,Finance
PYPL,2022-04-26 04:00:00,83.7,-0.11266427718040628,False,27.280651301497016,-52.40459577974492,6.164336944578499,-19.25525757283426,False,True,-8.002877439079214,2.3408239700374547,False,3.9451323136686494,False,False,-2.421523735257103,True,True,True,1.0555895905619206,True,False,False,False,Finance
PYPL,2022-04-27 04:00:00,82.61,-0.08001452608643023,False,26.629617124637857,-52.77525580890426,6.187347631206758,-12.950474183350902,False,True,-8.002877439079214,2.3408239700374547,False,10.925306577480377,False,False,-2.421523735257103,True,True,True,1.4739105319997998,True,False,False,False,Finance
PYPL,2022-05-11 04:00:00,75.17,-0.17932685911932955,False,29.836146491017725,-54.82826203579555,7.2128095681380096,-18.927955133735974,False,False,2.2085319074741427,25.867635189669073,False,2.7932960893855783,False,False,-1.6077330029817039,True,False,True,0.772854648229354,False,False,False,True,Finance
PYPL,2022-05-12 04:00:00,74.29,-0.16206757302463326,False,29.25336404505136,-55.10981581246437,7.231611289810343,-13.039915720472905,False,False,2.2085319074741427,25.867635189669073,False,40.576890543055356,True,True,-1.6077330029817039,True,False,True,1.3571838783908257,True,False,False,True,Finance
PYPL,2022-12-16 05:00:00,69.26,-0.09023967658099918,False,29.4028567091123,-32.014004164024605,4.592799962550713,-5.858366181867591,True,True,-6.76823176823177,1.6666666666666723,False,33.60995850622421,True,True,-1.41525988240927,True,True,False,1.5890807096698456,True,False,False,True,Finance
PYPL,2022-12-19 05:00:00,68.95,-0.10456852791878168,False,28.927426080896048,-32.09995218833024,4.475567419746619,-6.57181571815717,True,True,-1.4599517814090635,52.78350515463899,True,64.86486486486521,True,True,-3.7883769696098746,True,True,False,0.9294892537074552,False,False,False,True,Finance
PYPL,2022-12-20 05:00:00,68.76,-0.09744037230948233,False,28.62195262513524,-32.06882031199833,4.375129702370441,-6.702849389416555,True,True,-1.4599517814090635,52.78350515463899,True,12.750000000000483,False,True,-3.7883769696098746,True,True,False,0.5819482498493669,False,False,False,True,Finance
PYPL,2022-12-22 05:00:00,68.57,-0.08764765932623586,False,29.316374348226535,-31.8253262558509,4.282227025459873,-1.719936935645694,True,True,-1.4599517814090635,52.78350515463899,True,88.57377722975781,True,True,-3.7883769696098746,True,True,False,1.0005412321588738,True,False,False,True,Finance
PYPL,2022-12-27 05:00:00,68.33,-0.07683301624469485,False,29.94367826525022,-31.63456820730051,4.017846309024586,-0.8992023205221189,True,True,-5.858366181867591,8.653846153846178,False,41.666666666666444,True,True,-0.4141473386123029,True,True,True,0.6182320039472942,False,False,False,True,Finance
PYPL,2022-12-28 05:00:00,67.55,-0.09089563286454483,False,28.396395774598005,-32.1962805572823,4.004274820602147,-1.7597440372309592,True,True,-5.858366181867591,8.653846153846178,False,11.857870816691555,False,True,-0.4141473386123029,True,True,True,0.5435581851758825,False,False,False,True,Finance
PYPL,2023-05-12 04:00:00,61.69,0.04684713892040859,True,29.84518330259389,-27.142287046634657,4.273258321406923,-17.71375216753368,True,False,2.4534915071447783,67.33067729083662,True,13.240418118466721,False,True,-1.4215858867043463,True,True,True,1.685285700962874,True,False,False,True,Finance
PYPL,2023-05-16 04:00:00,60.8,0.05427631578947367,True,29.56897859756254,-27.80252534067903,4.040118545938777,-7.745998027463774,True,True,-1.3552631578947372,70.29126213592234,True,4.081299485756041,False,False,-1.1887832008448451,True,True,True,0.9678352338737346,False,False,False,True,Finance
PYPL,2023-10-25 04:00:00,51.49,0.5867158671586716,True,28.018565553001608,-25.903825770908607,3.1380955169083324,-7.72401433691755,True,True,-3.496624545611915,6.547619047619015,False,16.77419354838738,False,False,-2.2798323763742467,True,True,True,1.6775226335999958,True,False,False,False,Finance
PYPL,2023-10-26 04:00:00,51.75,0.6152657004830919,True,29.471192002287317,-25.340019121336354,3.0635569305078403,-5.582922824302139,True,True,-3.496624545611915,6.547619047619015,False,36.97478991596627,True,True,-2.2798323763742467,True,True,True,1.2294081239556363,True,False,False,False,Finance
PYPL,2023-10-27 04:00:00,50.39,0.5931732486604484,True,26.462892904596767,-27.104066811002202,3.134136485412567,-5.619029780857843,True,True,-3.496624545611915,6.547619047619015,False,9.859154929577493,False,False,-2.2798323763742467,True,True,True,1.2894278075959724,True,False,False,False,Finance
CL,2022-10-10 04:00:00,68.48,0.005695093457943834,True,25.35001226198034,-12.078553742525255,2.1371334131311532,-3.698495288988879,False,True,-6.990599761684102,1.6028495102404856,False,41.025641025641,True,False,5.498628431163244,False,False,True,1.0452696415902316,True,False,False,True,Staples
INTC,2022-02-22 05:00:00,44.69,-0.4269411501454464,False,29.64572952605871,-16.373408833159026,3.2471912811893224,-6.073980664144596,False,True,-0.7915017704644756,5.263157894736948,False,54.0163354556562,True,True,-1.4653161500809309,True,True,False,1.321255056931499,True,False,False,False,Tech
INTC,2022-02-23 05:00:00,44.65,-0.4369540873460246,False,29.534152749429815,-16.311290701011245,3.203296622352521,-7.824112303881092,False,True,-0.7915017704644756,5.263157894736948,False,8.51027101674414,False,True,-1.4653161500809309,True,True,False,0.890106739427635,False,False,False,False,Tech
INTC,2022-06-13 04:00:00,37.77,-0.05798252581413832,False,28.541352743893928,-23.031425833845777,3.575340696183319,-12.851868943239497,True,True,-2.6038159371492675,3.1446540880501432,False,8.771929824561523,False,False,-3.7462186311512657,True,False,True,1.4787726160041936,True,False,False,False,Tech
INTC,2022-06-14 04:00:00,37.93,-0.05562878987608755,False,29.498047344513527,-22.530351533844193,3.4302437483201618,-12.864691017688957,True,True,-2.6038159371492675,3.1446540880501432,False,59.09090909090885,True,False,-3.7462186311512657,True,False,True,0.912092933341284,False,False,False,False,Tech
INTC,2022-06-17 04:00:00,36.97,-0.1100892615634298,False,29.240928850016157,-23.97188297248923,3.6282549674486173,-5.640632976008164,True,True,-2.6038159371492675,3.1446540880501432,False,24.34210526315779,False,True,-3.7462186311512657,True,False,True,1.9071059199096332,True,False,False,False,Tech
INTC,2022-09-01 04:00:00,31.76,0.15585642317380355,True,29.519924926782288,-27.282896363874155,3.089179894542843,-8.97105187732874,True,True,-2.0216006646358253,13.718411552346868,False,63.59712230215827,True,True,-3.892874098218191,True,True,True,1.0184752200526352,True,False,False,False,Tech
INTC,2022-09-02 04:00:00,31.22,0.18449711723254314,True,27.625748857306757,-28.3158494299301,3.21900017127036,-6.414868105515592,True,True,-2.0216006646358253,13.718411552346868,False,12.167300380228136,False,True,-3.892874098218191,True,True,True,0.9825204156712732,False,False,False,False,Tech
INTC,2022-09-06 04:00:00,30.36,0.25757575757575757,True,24.886915862444926,-30.07975473289055,3.323130551269972,-7.832422586520938,True,True,-5.709440361786333,0.5847953216373103,False,2.830188679245384,False,True,-2.1863952677353082,True,True,True,1.313165596086957,True,False,False,False,Tech
INTC,2022-09-07 04:00:00,30.65,0.2401305057096248,True,27.497215760680685,-29.204687254937685,3.2278563644260836,-4.990700557966521,True,True,-5.709440361786333,0.5847953216373103,False,50.34013605442195,True,False,-2.1863952677353082,True,True,True,1.058699253474187,True,False,False,False,Tech
INTC,2022-09-08 04:00:00,30.75,0.2549593495934961,True,28.420950810600406,-28.768349730745697,3.2051785561105066,-3.665413533834594,True,True,-5.709440361786333,0.5847953216373103,False,49.09808944391079,True,True,-2.1863952677353082,True,True,True,1.0622677770892215,True,False,False,False,Tech
INTC,2022-09-13 04:00:00,29.29,0.320245817685217,True,26.90369999961257,-31.569176445010484,3.587300459751964,-3.524374176548095,True,True,-6.414868105515592,6.808510638297885,False,2.3809523809523303,False,True,-1.276826463343217,True,True,True,1.9155950727853117,True,False,False,True,Tech
INTC,2022-09-14 04:00:00,29.18,0.29814941740918455,True,26.56384762412725,-31.60959409335967,3.528435317878574,-4.796084828711256,True,True,-6.414868105515592,6.808510638297885,False,22.516556291390515,False,True,-1.276826463343217,True,True,True,1.0712545335023016,True,False,False,True,Tech
INTC,2022-09-15 04:00:00,28.84,0.3172676837725381,True,25.491952455574506,-32.1878044862998,3.4884006674362458,-6.21138211382114,True,True,-6.414868105515592,6.808510638297885,False,18.57142857142845,False,False,-1.276826463343217,True,True,True,1.0342907603860436,True,False,False,True,Tech
INTC,2022-09-16 04:00:00,29.24,0.24281805745554053,True,29.1158525077297,-31.032843316673997,3.414772274367787,-7.0565797838525235,True,True,-6.414868105515592,6.808510638297885,False,31.11111111111089,True,False,-1.276826463343217,True,True,True,1.7739899404019983,True,False,False,True,Tech
INTC,2022-09-20 04:00:00,28.96,0.19647790055248615,True,29.011247247756373,-31.269599050611447,3.2903057842141306,-1.1266643905769813,True,False,0.768737988468926,93.08176100628934,True,54.94505494505515,True,True,-3.1225939627510524,True,True,True,0.7762737122038984,False,False,False,False,Tech
INTC,2022-09-21 04:00:00,28.47,0.20056199508254302,True,27.16335304229248,-32.213755807139535,3.3913751860126853,-2.433173406442768,True,False,0.768737988468926,93.08176100628934,True,0.8849557522122141,False,True,-3.1225939627510524,True,True,True,0.9855101972254312,False,False,False,False,Tech
INTC,2022-09-22 04:00:00,28.07,0.22158888493053075,True,25.722962432595686,-32.94485459048999,3.3110638457304566,-2.669902912621358,True,False,0.768737988468926,93.08176100628934,True,6.5217391304350185,False,False,-3.1225939627510524,True,True,True,0.8778586171834665,False,False,False,False,Tech
INTC,2022-09-23 04:00:00,27.52,0.22928779069767447,True,23.85022550412409,-34.0338573025403,3.364411098280474,-5.882352941176472,True,False,0.768737988468926,93.08176100628934,True,46.47887323943656,True,False,-3.1225939627510524,True,True,True,1.0404798857621602,True,False,False,False,Tech
INTC,2022-09-26 04:00:00,26.97,0.2832777159807194,True,22.11621665283409,-35.12401136515372,3.4101427896626473,-8.389945652173925,True,True,-7.0565797838525235,23.8372093023255,False,13.10303752233464,False,False,1.835426073329005,False,False,True,1.0715533024741062,True,False,False,True,Tech
INTC,2022-09-27 04:00:00,26.89,0.3082930457419115,True,21.867179823959304,-35.088345939040074,3.4349736053860185,-7.147790055248615,True,True,-7.0565797838525235,23.8372093023255,False,27.69230769230771,False,True,1.835426073329005,False,False,True,1.040176065948782,True,False,False,True,Tech
INTC,2022-09-28 04:00:00,27.13,0.3103575377810541,True,24.609848192696134,-34.28333982132493,3.3404342141930137,-4.706708816297855,True,True,-7.0565797838525235,23.8372093023255,False,38.23529411764678,True,True,1.835426073329005,False,False,True,0.9544713616246998,False,False,False,True,Tech
INTC,2022-09-29 04:00:00,26.38,0.3442001516300228,True,22.009750734781107,-35.869696498228194,3.4458944628066015,-6.020662629141437,True,True,-7.0565797838525235,23.8372093023255,False,32.7731092436974,True,True,1.835426073329005,False,False,True,0.9900926038836613,False,False,False,True,Tech
INTC,2022-09-30 04:00:00,25.77,0.38494373302289486,True,20.145469845441006,-37.118909809506725,3.505557533884628,-6.359011627906974,True,True,-7.0565797838525235,23.8372093023255,False,3.61445783132543,False,False,1.835426073329005,False,False,True,1.0282050852213036,True,False,False,True,Tech
INTC,2022-10-07 04:00:00,25.72,0.41640746500777603,True,29.547409316785043,-36.18173867784121,3.761931355053221,-0.19402405898332198,True,True,-5.882352941176472,13.749999999999938,False,11.057692307692179,False,True,-0.9918360645831847,True,False,True,1.3156956955710508,True,False,False,False,Tech
INTC,2022-10-10 04:00:00,25.2,0.4634920634920636,True,27.698070084731405,-37.23798726642315,3.820406371529464,-6.562847608453836,True,True,-6.359011627906974,1.5310028068385355,False,12.222222222222179,False,False,-2.070495210015244,True,True,True,0.9923930586069538,False,False,False,True,Tech
INTC,2022-10-11 04:00:00,25.04,0.47124600638977654,True,27.135297307713397,-37.40205173942967,3.7955417826136815,-9.602888086642603,True,True,-6.359011627906974,1.5310028068385355,False,40.506329113924124,True,False,-2.070495210015244,True,True,True,1.1304749833237377,True,False,False,True,Tech
INTC,2022-10-12 04:00:00,25.33,0.42005527043031976,True,29.91483378328827,-36.44513454648993,3.7265939909661205,-8.357452966714918,True,True,-6.359011627906974,1.5310028068385355,False,45.348837209302424,True,True,-2.070495210015244,True,True,True,0.9320675373621798,False,False,False,True,Tech
INTC,2024-04-10 04:00:00,37.2,-0.46935483870967754,False,29.889676323593452,-7.794303425975634,3.7647285232137313,-7.760971981155452,False,False,3.7585153864223564,7.940446650124073,False,14.986262592623445,False,True,2.5381754058594552,False,False,True,0.996511811485295,False,False,False,False,Tech
INTC,2024-04-12 04:00:00,35.69,-0.4438217988231997,False,27.543050457270247,-11.376581757099204,3.8983787946861153,-7.801601653319567,False,False,3.7585153864223564,7.940446650124073,False,7.7625570776256065,False,True,2.5381754058594552,False,False,True,1.5190944920720924,True,False,False,False,Tech
INTC,2024-04-17 04:00:00,35.68,-0.47197309417040356,False,29.42833656994556,-11.128114635522948,3.6133229408764804,-4.086021505376348,False,True,-12.361331220285265,2.898550724637723,False,40.80558115045431,True,True,9.022307774740025,False,False,False,0.7839902889026802,False,False,False,True,Tech
INTC,2024-04-18 04:00:00,35.04,-0.4432077625570776,False,27.749750250554378,-12.611604774097392,3.602013439530631,-6.882806271591823,False,True,-12.361331220285265,2.898550724637723,False,30.337078651685168,True,True,9.022307774740025,False,False,False,0.8322622607820628,False,False,False,True,Tech
INTC,2024-04-19 04:00:00,34.2,-0.39795321637426906,False,25.679386724553627,-14.581536098938678,3.625290647399735,-4.174838890445487,False,True,-12.361331220285265,2.898550724637723,False,2.1052631578950596,False,False,9.022307774740025,False,False,False,1.1519218805509048,True,False,False,True,Tech
INTC,2024-04-22 04:00:00,34.41,-0.37547224643998833,False,27.142858494076275,-13.936659092851961,3.4485494703240804,-5.232718259432678,False,True,-7.801601653319567,2.611367127496184,False,67.67676767676676,True,True,-0.1481961443775326,True,False,False,0.7697169848940972,False,False,False,True,Tech
INTC,2024-04-23 04:00:00,34.28,-0.4151108518086347,False,26.791156151370974,-14.139961253239008,3.3018828858144493,-5.4605626034197385,False,True,-7.801601653319567,2.611367127496184,False,23.809523809524052,False,True,-0.1481961443775326,True,False,False,0.9036435033913478,False,False,False,True,Tech
INTC,2024-04-24 04:00:00,34.5,-0.40550724637681157,False,28.480082440091262,-13.471936738384144,3.232817990133232,-3.3071748878923724,False,True,-7.801601653319567,2.611367127496184,False,19.047619047618724,False,True,-0.1481961443775326,True,False,False,1.0138100037649818,True,False,False,True,Tech
INTC,2024-04-26 04:00:00,31.88,-0.3695106649937264,False,24.196875665004317,-19.7887218394799,4.183488671080297,-6.783625730994158,False,True,-7.801601653319567,2.611367127496184,False,71.24999999999997,True,True,-0.1481961443775326,True,False,False,2.1152417562515407,True,True,False,True,Tech
INTC,2024-04-29 04:00:00,31.36,-0.36288265306122447,False,23.119661202551843,-20.931079106501176,4.140408720942324,-8.863702412089502,True,True,-4.174838890445487,0.7936507936509167,False,34.523809523809426,True,True,-1.7195986647151495,True,True,False,1.0104536720677277,True,False,False,False,Tech
INTC,2024-04-30 04:00:00,30.47,-0.32326878897276,False,21.366403876190265,-22.99749719297571,4.177321551300498,-11.114352392065353,True,True,-4.174838890445487,0.7936507936509167,False,6.622516556291023,False,True,-1.7195986647151495,True,True,False,1.2076322688417462,True,False,False,False,Tech
INTC,2024-05-01 04:00:00,30.37,-0.33256503128086934,False,21.172126001686483,-23.072244161545587,4.130436143952303,-11.971014492753618,True,True,-4.174838890445487,0.7936507936509167,False,14.77832512315291,False,False,-1.7195986647151495,True,True,False,1.0323426654449999,True,False,False,False,Tech
INTC,2024-05-02 04:00:00,30.51,-0.34644378892166505,False,22.238160246682533,-22.542532147992713,3.930180957048764,-13.10168043292509,True,True,-4.174838890445487,0.7936507936509167,False,66.66666666666666,True,True,-1.7195986647151495,True,True,False,0.8710397952266696,False,False,False,False,Tech
INTC,2024-05-03 04:00:00,30.9,-0.34271844660194173,False,25.270008964575652,-21.38382312964109,3.7293751109437148,-3.074027603513174,True,True,-4.174838890445487,0.7936507936509167,False,56.33802816901382,True,True,-1.7195986647151495,True,True,False,0.6464617395334531,False,False,False,False,Tech
INTC,2024-05-06 04:00:00,30.97,-0.32192444300936385,False,25.828985191308774,-21.039118978463623,3.5635637761568577,-1.2436224489795977,True,True,-6.783625730994158,26.638023630504794,False,51.063829787233836,True,True,3.050389365673656,False,False,False,0.6475374998052363,False,False,False,True,Tech
INTC,2024-05-07 04:00:00,30.68,-0.30182529335071706,False,24.99485531644082,-21.608625530747055,3.5358689046342713,0.6892024942566577,True,True,-6.783625730994158,26.638023630504794,False,8.33333333333337,False,True,3.050389365673656,False,False,False,0.8247694537373508,False,False,False,True,Tech
INTC,2024-05-08 04:00:00,30.0,-0.2606666666666667,False,23.110225274056653,-23.16763230994852,3.583918937915078,-1.2183075403358612,True,True,-6.783625730994158,26.638023630504794,False,64.28571428571446,True,True,3.050389365673656,False,False,False,1.162392865935925,True,False,False,True,Tech
INTC,2024-05-09 04:00:00,30.09,-0.2502492522432702,False,23.92778562423513,-22.760852144427897,3.4556530071378257,-1.3765978367748288,True,True,-6.783625730994158,26.638023630504794,False,21.551724137930968,False,True,3.050389365673656,False,False,False,0.8188170746927177,False,False,False,True,Tech
INTC,2024-05-10 04:00:00,29.85,-0.2790619765494138,False,23.218788927609552,-23.19827159593869,3.3817846058916086,-3.398058252427172,True,True,-6.783625730994158,26.638023630504794,False,1.6260162601628598,False,True,3.050389365673656,False,False,False,0.808570292242914,False,False,False,True,Tech
INTC,2024-05-13 04:00:00,30.51,-0.29367420517862997,False,29.412971207333452,-21.331846754709925,3.371965904191222,-1.4853083629318586,True,True,-3.074027603513174,46.56084656084649,True,2.6548672566372713,False,False,-3.126752604251226,True,False,False,0.9685389810663964,False,False,False,False,Tech
INTC,2024-08-02 04:00:00,21.48,-0.049813780260707596,False,17.6156696513327,-39.69798052157998,7.578478540328856,-31.483253588516746,True,True,-4.378080603073364,3.016241299303842,False,67.94871794871791,True,True,5.081937930738212,False,False,True,4.1240510614691095,True,True,True,True,Tech
INTC,2024-08-05 04:00:00,20.11,-0.016907011437095942,False,16.136054443606497,-43.29838556781816,8.293224222495668,-34.77132662990593,True,True,-4.942389326864749,16.26016260162612,False,74.80762183950152,True,True,-0.5028071197400785,True,False,True,1.9273312489696501,True,False,False,False,Tech
INTC,2024-08-06 04:00:00,19.83,0.00605143721633894,True,15.843158376418609,-43.84150701090345,8.12656728076883,-34.185197477597086,True,True,-4.942389326864749,16.26016260162612,False,9.090909090908909,False,True,-0.5028071197400785,True,False,True,1.3875611174932154,True,False,False,False,Tech
INTC,2024-08-07 04:00:00,18.99,0.08741442864665605,True,14.965523179840396,-45.9719066368606,8.36887000417286,-38.223812621990895,True,True,-4.942389326864749,16.26016260162612,False,3.0769230769230096,False,True,-0.5028071197400785,True,False,True,1.2422124619042314,True,False,False,False,Tech
INTC,2024-08-08 04:00:00,20.49,0.06442166910688152,True,23.152075932567588,-41.461368134116775,7.79830906341126,-29.466437177280557,True,True,-4.942389326864749,16.26016260162612,False,15.204678362573185,False,False,-0.5028071197400785,True,False,True,1.1969542763115681,True,False,False,False,Tech
INTC,2024-08-09 04:00:00,19.71,0.1273465246067984,True,21.9677283002308,-43.4439157518263,7.886626024573665,-8.240223463687146,True,True,-4.942389326864749,16.26016260162612,False,32.30769230769251,True,False,-0.5028071197400785,True,False,True,0.9364052209386938,False,False,False,False,Tech
INTC,2024-08-12 04:00:00,19.36,0.2324380165289257,True,21.43778751481354,-44.20142873060201,7.813570640040253,-3.7294878170064605,True,True,-31.483253588516746,9.592760180995466,False,37.11340206185565,True,True,22.83411014042276,False,False,False,0.6641732646071834,False,False,False,True,Tech
INTC,2024-08-13 04:00:00,20.47,0.19980459208597945,True,27.41792532424942,-40.760547230549285,7.252841994156365,3.2274331820474123,True,True,-31.483253588516746,9.592760180995466,False,0.9900990099011433,False,False,22.83411014042276,False,False,False,0.914271634709967,False,False,False,True,Tech
INTC,2024-08-14 04:00:00,19.92,0.18775100401606415,True,26.347725179149467,-42.10826311157574,7.177114827398704,4.897314375987372,True,True,-31.483253588516746,9.592760180995466,False,18.881118881119104,False,False,22.83411014042276,False,False,False,0.6921557313576349,False,False,False,True,Tech
USB,2022-04-29 04:00:00,48.56,-0.3692339373970347,False,29.209624421885533,-13.239952957295898,2.8845502558134117,-4.465866614204206,False,False,0.8803827751196147,60.50420168067217,True,7.486631016042821,False,True,0.2404716134063678,False,False,False,1.0878047934531003,True,False,False,True,Finance
USB,2022-06-14 04:00:00,45.72,-0.2718722659667542,False,27.63804218031504,-15.968802234012383,3.1322519018359722,-13.013698630136993,False,False,-1.0666666666666713,35.214446952595935,True,1.3729977116705312,False,False,-2.279383685614289,True,False,True,1.8483789763747183,True,False,False,True,Finance
USB,2022-06-16 04:00:00,45.41,-0.26051530499889886,False,29.133231168562435,-16.278791151067114,3.166159360394183,-9.775481819988086,False,False,-1.0666666666666713,35.214446952595935,True,68.02646085997739,True,True,-2.279383685614289,True,False,True,1.0756659854461827,True,False,False,True,Finance
USB,2022-06-17 04:00:00,45.41,-0.26381854217132783,False,29.133231168562432,-16.142961178776805,3.082358912796895,-6.793924466338264,False,False,-1.0666666666666713,35.214446952595935,True,14.364640883977382,False,True,-2.279383685614289,True,False,True,2.2670027396425128,True,True,False,True,Finance
USB,2022-09-23 04:00:00,42.12,-0.21604938271604923,False,28.202799260826424,-16.55775986422897,2.7820183398860023,-8.175277959450622,False,False,4.456641053787047,35.25423728813577,True,42.69662921348314,True,False,0.7265744765508675,False,False,True,1.0740737127431086,True,False,False,False,Finance
USB,2022-09-26 04:00:00,41.06,-0.20798830979055039,False,25.0460316201566,-18.50639155149379,2.8952786204647882,-11.02925243770313,False,True,-3.593947036569989,39.612188365650965,True,21.985815602837093,False,False,2.4177283024924723,False,False,True,2.0176671939030593,True,True,False,True,Finance
USB,2022-09-27 04:00:00,40.96,-0.207275390625,False,24.764415635222015,-18.553278934697374,2.8519842041568335,-8.957546121360306,False,True,-3.593947036569989,39.612188365650965,True,34.44444444444475,True,True,2.4177283024924723,False,False,True,1.1256795375794717,True,False,False,True,Finance
USB,2022-09-28 04:00:00,41.42,-0.2018348623853211,False,28.733984762176906,-17.49378874870926,2.777427310873682,-5.713635328932387,False,True,-3.593947036569989,39.612188365650965,True,11.963023382272922,False,False,2.4177283024924723,False,False,True,1.2818850732314733,True,False,False,True,Finance
USB,2022-09-29 04:00:00,40.73,-0.210901055732875,False,26.47730568385309,-18.7156221001992,2.817392427156261,-5.345108064141302,False,True,-3.593947036569989,39.612188365650965,True,26.916175339656583,False,False,2.4177283024924723,False,False,True,0.8883462525815463,False,False,False,True,Finance
USB,2022-09-30 04:00:00,40.32,-0.22271825396825395,False,25.210319873714834,-19.377150257565017,2.809277771143297,-4.273504273504269,False,True,-3.593947036569989,39.612188365650965,True,5.319148936169923,False,False,2.4177283024924723,False,False,True,1.0384837684426482,True,False,False,True,Finance
USB,2022-10-11 04:00:00,38.79,-0.16834235627739114,False,28.21108115413057,-21.466845907319126,2.8915179554600487,-9.007741027445471,True,True,-4.273504273504269,2.6455026455025044,False,16.939890710382656,False,False,-2.505937197165775,True,False,False,0.909762595319344,False,False,False,True,Finance
USB,2023-03-09 05:00:00,42.3,0.028841607565011973,True,22.160472652719022,-10.031908687503813,2.502611693246668,-8.659036925070184,False,True,-1.9753086419753152,49.58946427119741,True,4.44810543657324,False,False,-2.489752278757873,True,True,True,1.991841996776974,True,False,False,False,Finance
USB,2023-03-10 05:00:00,40.62,0.06376169374692275,True,18.49549578116835,-13.487994521435926,2.891285380383242,-13.776268308214823,False,True,-1.9753086419753152,49.58946427119741,True,41.0750215579188,True,True,-2.489752278757873,True,True,True,3.6899996431884037,True,True,True,False,Finance
USB,2023-03-13 04:00:00,36.54,0.18965517241379315,True,12.91096680670055,-22.005419095996377,3.862249116360103,-22.453310696095073,True,True,-1.1125104953820353,51.70940170940167,True,18.061674008810456,False,False,-0.03057813391039721,True,True,True,4.617514722064168,True,True,True,True,Finance
USB,2023-03-14 04:00:00,37.51,0.12903225806451624,True,19.160404700957535,-19.77582451770045,4.091567154003458,-17.741228070175442,False,True,-1.1125104953820353,51.70940170940167,True,22.082585278276323,False,True,-0.03057813391039721,True,True,True,3.164965212528163,True,True,True,True,Finance
USB,2023-03-15 04:00:00,35.44,0.1873589164785554,True,16.447896037251272,-24.02003887713839,4.495870064710388,-22.092767641239842,True,True,-1.1125104953820353,51.70940170940167,True,15.65934065934047,False,False,-0.03057813391039721,True,True,True,3.1326336903353575,True,True,True,True,Finance
USB,2023-03-16 04:00:00,36.36,0.16804180418041792,True,21.750054065271488,-21.876259581517495,4.819537278432677,-14.04255319148936,True,True,-1.1125104953820353,51.70940170940167,True,64.92146596858649,True,True,-0.03057813391039721,True,True,True,3.9758475534571107,True,True,True,True,Finance
USB,2023-03-17 04:00:00,32.95,0.28133535660091025,True,17.354136650200367,-28.99672642929665,5.696073879838625,-18.88232397833578,True,True,-1.1125104953820353,51.70940170940167,True,3.0965391621129665,False,True,-0.03057813391039721,True,True,True,3.638796769948134,True,True,True,True,Finance
USB,2023-03-20 04:00:00,34.45,0.2615384615384615,True,24.57556054533531,-25.573606262963988,5.562747763692463,-5.719759168035021,True,True,-13.776268308214823,12.597760789894533,False,40.76433121019111,True,True,16.998554343753657,False,False,True,2.4733468080094005,True,True,False,True,Finance
USB,2023-04-25 04:00:00,31.77,0.2902108907774632,True,28.646230796830096,-27.485020643003576,4.532440176904471,-9.718670076726344,True,True,-2.1818181818181848,15.287597936174366,False,28.660284163668432,False,True,-3.5382766136623722,True,True,False,1.399225473783698,True,False,False,False,Finance
USB,2023-04-26 04:00:00,31.52,0.30456852791878175,True,27.939285645182768,-27.854242719158982,4.423366382938986,-12.468758678144953,True,True,-2.1818181818181848,15.287597936174366,False,32.49999999999972,True,True,-3.5382766136623722,True,True,False,1.0397731297724817,True,False,False,False,Finance
USB,2023-05-04 04:00:00,28.98,0.4430641821946171,True,28.987554695485198,-32.572941621167736,5.543862513440636,-11.022413263739638,True,True,-4.146411209608225,25.925925925926048,False,50.617283950617306,True,False,1.2119194762431285,False,False,False,2.3644202455235344,True,True,False,True,Finance
USB,2023-09-27 04:00:00,32.52,0.3985239852398521,True,28.80084795292994,-14.37648399420984,2.7361272750019627,-5.492589363557087,False,True,-2.658543339795072,9.387755102040705,False,28.729281767956333,False,True,-0.5266369188985709,True,True,True,0.9749796879457356,False,False,False,True,Finance
USB,2023-09-28 04:00:00,32.47,0.4083769633507852,True,28.572919781696974,-14.384537398185666,2.7095894381183285,-2.9297458893871586,False,True,-2.658543339795072,9.387755102040705,False,8.000000000000302,False,False,-0.5266369188985709,True,True,True,0.6665312447342054,False,False,False,True,Finance
USB,2023-10-03 04:00:00,31.34,0.4033184428844925,True,27.059241635173663,-16.99204910881163,2.894659890481917,-5.087825560266513,False,True,-5.035561877667128,8.823529411764696,False,19.15593313236515,False,False,-1.6046750078840377,True,True,True,0.8219316235581595,False,False,False,False,Finance
USB,2023-10-04 04:00:00,31.24,0.4308578745198466,True,26.6616451202069,-17.114588739577446,2.847407930721014,-3.9360393603936172,False,True,-5.035561877667128,8.823529411764696,False,54.545454545454454,True,True,-1.6046750078840377,True,True,True,1.0501973512110585,True,False,False,False,Finance
CMG,2022-01-10 05:00:00,30.8692,-0.04162725305482484,False,28.79611202901127,-6.155290700211093,3.1561687336003077,-8.707198921137781,False,False,-0.02401825387292611,22.971520687802208,False,52.8146864368702,True,False,-4.378734476821355,True,False,False,2.1017659822820574,True,True,False,False,Consumer
CMG,2022-01-13 05:00:00,30.1486,0.029261723595788824,True,29.463180256301005,-8.185535333304772,3.388149863192067,-7.004447954002869,False,False,-0.02401825387292611,22.971520687802208,False,3.686763686763471,False,False,-4.378734476821355,True,False,False,1.353165219088767,True,False,False,False,Consumer
CMG,2022-01-14 05:00:00,29.9626,0.009284908519287427,True,28.732669503693756,-8.67244720442266,3.4994189769689563,-6.238539000256605,False,False,-0.02401825387292611,22.971520687802208,False,54.471428571428426,True,False,-4.378734476821355,True,False,False,1.4315024090048016,True,False,False,False,Consumer
CMG,2022-01-18 05:00:00,29.555,0.01785823041786494,True,27.144369064382996,-9.825871726614936,3.47795147910987,-4.2573179739027855,False,True,-8.605176605176613,4.939668174962277,False,23.02631578947373,False,True,5.215229233278396,False,False,False,1.75155693305912,True,False,False,True,Consumer
CMG,2022-01-19 05:00:00,29.3536,0.05962471383407819,True,26.368736606022335,-10.347220536851333,3.4330204509989497,-7.203419300586111,False,True,-8.605176605176613,4.939668174962277,False,7.192699946323053,False,True,5.215229233278396,False,False,False,1.3351298683669397,True,False,False,True,Consumer
CMG,2022-01-20 05:00:00,28.4088,0.12454591535017312,True,23.042380982222568,-13.118464199422453,3.7349835725845417,-8.598711769740097,False,True,-8.605176605176613,4.939668174962277,False,3.6133591701811185,False,False,5.215229233278396,False,False,False,1.3137265531822617,True,False,False,True,Consumer
CMG,2022-01-21 05:00:00,27.568,0.1572040046430645,True,20.557083612661927,-15.558021309276773,3.83577029557799,-8.559601440862918,False,True,-8.605176605176613,4.939668174962277,False,20.5177836922335,False,False,5.215229233278396,False,False,False,1.985415018316405,True,False,False,True,Consumer
CMG,2022-01-24 05:00:00,28.3314,0.10406121829489545,True,28.135990749276765,-13.10539351798524,4.088998429835102,-5.444120336686398,False,True,-6.238539000256605,27.985321100917382,False,30.916740836637246,True,False,3.0296635799749616,False,False,False,2.531655606291978,True,True,False,True,Consumer
CMG,2022-01-25 05:00:00,27.368,0.17384536685179763,True,24.906702515871903,-15.925863103345531,4.231092755604545,-7.3997631534427395,False,True,-6.238539000256605,27.985321100917382,False,22.932422542083273,False,False,3.0296635799749616,False,False,False,1.3866647260276084,True,False,False,True,Consumer
CMG,2022-01-26 05:00:00,27.1692,0.1879481177215374,True,24.287237007541826,-16.39901450368359,4.377107441409513,-7.441676659762342,False,True,-6.238539000256605,27.985321100917382,False,14.828277763850567,False,False,3.0296635799749616,False,False,False,0.9454873678060557,False,False,False,True,Consumer
CMG,2022-01-27 05:00:00,26.9028,0.19679735938266663,True,23.445712337196113,-17.076667440772074,4.38959247328176,-5.301174284024668,False,True,-6.238539000256605,27.985321100917382,False,3.336439888163864,False,False,3.0296635799749616,False,False,False,0.7906521526682818,False,False,False,True,Consumer
CMG,2022-05-09 04:00:00,25.5314,0.6096571280854164,True,27.585868346492532,-18.3821566631018,4.882569093655158,-12.633113416737373,False,True,-1.7044265118006496,29.75149449137892,False,7.879310344827598,False,True,-1.1411248624234371,True,False,False,1.3929391337865364,True,False,False,True,Consumer
CMG,2024-07-18 04:00:00,53.38,-0.018733608092918685,False,28.645802962038875,-0.8649385325038849,3.7585506709257444,-7.245873153779314,False,False,0.15961691939345712,90.20332717190385,True,39.062500000000114,True,True,-0.7242908301350326,True,False,False,1.3092218849639914,True,False,False,False,Consumer
CMG,2024-07-19 04:00:00,53.54,-0.014194994396712679,False,29.360239517161496,-0.5621754262011486,3.6197351147102443,-7.161435755158663,False,False,0.15961691939345712,90.20332717190385,True,56.19047619047599,True,True,-0.7242908301350326,True,False,False,0.775660546448933,False,False,False,False,Consumer
CMG,2024-07-22 04:00:00,53.56,-0.1460044809559372,False,29.455322564655358,-0.519833155946441,3.499957370293162,-5.387740681858322,False,True,-8.095617529880473,14.55479452054798,False,47.14285714285739,True,True,7.030817465784311,False,False,False,0.7159608725412452,False,False,False,False,Consumer
CMG,2024-07-23 04:00:00,52.55,-0.11018078020932442,False,27.446175305601813,-2.3724931979265906,3.6359254013697466,-8.98856944925529,False,True,-8.095617529880473,14.55479452054798,False,8.82352941176446,False,True,7.030817465784311,False,False,False,0.9108502639140348,False,False,False,False,Consumer
CMG,2024-07-24 04:00:00,51.78,-0.13364233294708383,False,25.99065189976913,-3.7665854105680596,3.5767842492216277,-6.348345089527941,False,True,-8.095617529880473,14.55479452054798,False,31.067961165048537,True,True,7.030817465784311,False,False,False,1.9631869282189525,True,False,False,False,Consumer
CMG,2024-07-25 04:00:00,50.82,-0.1267217630853994,False,24.263034135320243,-5.498556263593005,3.700281876540516,-4.795803671787191,False,True,-8.095617529880473,14.55479452054798,False,47.342995169081966,True,True,7.030817465784311,False,False,False,1.974382789453159,True,False,False,False,Consumer
CMG,2024-07-26 04:00:00,49.83,-0.12181416817178403,False,22.59504812421661,-7.271774254540783,3.8167314935857033,-6.929398580500568,False,True,-8.095617529880473,14.55479452054798,False,19.26605504587158,False,True,7.030817465784311,False,False,False,1.2032133579985915,True,False,False,False,Consumer
CMG,2024-07-29 04:00:00,50.97,-0.15872081616637235,False,28.675558250433088,-5.101725048197269,3.703075330348219,-4.835698282300227,False,True,-7.161435755158663,17.20226843100183,False,18.823529411764355,False,True,4.670534292058481,False,False,False,0.7949744620239179,False,False,False,False,Consumer
MCO,2022-01-25 05:00:00,325.03,-0.020982678521982545,False,22.745833468369685,-9.007176243705779,3.199548255509923,-5.629754369664952,False,True,-5.061761546723941,18.663348738002135,False,5.009759271307622,False,False,5.059857277375057,False,False,False,2.2864528411309837,True,True,False,True,Other
MCO,2022-01-26 05:00:00,324.54,-0.01528317002526669,False,22.599370369630954,-9.061609206964958,3.263374799353167,-6.372789429651204,False,True,-5.061761546723941,18.663348738002135,False,14.449541284403955,False,False,5.059857277375057,False,False,False,1.3979077097070869,True,False,False,True,Other
MCO,2022-01-27 05:00:00,325.92,-0.035959744722631415,False,24.082020546674606,-8.596025740502851,3.2238944583173335,-5.604309670692487,False,True,-5.061761546723941,18.663348738002135,False,11.356119073870236,False,False,5.059857277375057,False,False,False,1.3805303634045019,True,False,False,True,Other
MCO,2022-05-11 04:00:00,282.18,0.09756183996030887,True,29.096647416746983,-17.02413569480788,3.6260327841858078,-11.09920922466211,False,True,-1.8423174741021064,7.083825265643694,False,22.295514511873368,False,True,-1.8456850579552708,True,False,True,0.8340240868577858,False,False,False,True,Other
MCO,2022-09-21 04:00:00,266.7,0.21567304086989147,True,29.45627661845392,-14.180727993435296,2.735484509039691,-6.816673072219692,False,False,5.323488045007041,10.053539559785825,False,0.10822510822500969,False,True,-0.5530332959369333,True,True,True,0.8747474745886663,False,False,False,False,Other
MCO,2022-09-22 04:00:00,255.3,0.2644339992166078,True,24.565072217771903,-17.702881657530618,3.043813536257488,-9.567496723460023,False,False,5.323488045007041,10.053539559785825,False,14.838709677419493,False,False,-0.5530332959369333,True,True,True,1.893564154367859,True,False,False,False,Other
MCO,2022-09-23 04:00:00,254.69,0.23848600259138575,True,24.332247091247964,-17.753032258116086,2.9833502761017527,-9.133397552534884,False,False,5.323488045007041,10.053539559785825,False,68.90756302521017,True,True,-0.5530332959369333,True,True,True,1.2550047175814447,True,False,False,False,Other
MCO,2022-09-26 04:00:00,250.32,0.2564317673378076,True,22.674259768383696,-19.00979575440002,2.9998126009178603,-10.121719148325015,False,True,-6.426520665019697,12.857673727239069,False,28.503937007873947,False,True,3.4650143264860267,False,False,True,1.2353015951955963,True,False,False,True,Other
MCO,2022-09-27 04:00:00,249.74,0.2751661728197323,True,22.455557110188522,-19.042808861235567,2.991016420907133,-7.780362615856129,False,True,-6.426520665019697,12.857673727239069,False,27.306697326818142,False,True,3.4650143264860267,False,False,True,1.305102871709699,True,False,False,True,Other
MCO,2022-09-28 04:00:00,251.98,0.25474243987618084,True,25.446404444312364,-18.167533084075387,2.8898817741899916,-5.519310086239216,False,True,-6.426520665019697,12.857673727239069,False,40.28925619834743,True,True,3.4650143264860267,False,False,True,0.7945400635948907,False,False,False,True,Other
MCO,2022-09-29 04:00:00,246.56,0.28252757949383533,True,23.12251926281594,-19.768632896959154,2.9548013010409293,-3.4234234234234218,False,True,-6.426520665019697,12.857673727239069,False,36.94390715667314,True,True,3.4650143264860267,False,False,True,1.0079075735784966,True,False,False,True,Other
MCO,2022-09-30 04:00:00,243.11,0.2660935379046523,True,21.760268727213067,-20.726484770308183,2.985704741005092,-4.5467038360359595,True,True,-6.426520665019697,12.857673727239069,False,5.9334298118672,False,True,3.4650143264860267,False,False,True,1.298774891382877,True,False,False,True,Other
MCO,2022-10-14 04:00:00,235.25,0.36620616365568526,True,29.341759969662434,-21.848770776669927,3.5047327808746123,-4.159537195469731,True,True,-4.5467038360359595,3.371710526315988,False,1.9187566456936613,False,False,-2.702174130669577,True,False,False,0.9367734103509874,False,False,False,True,Other
AON,2022-05-19 04:00:00,266.66,0.221293032325808,True,29.242210920078413,-7.0334519471521615,3.3692907292991827,-3.292957133531582,False,True,-0.5902982742456264,57.774538386783384,True,72.12543554007033,True,True,1.7433335378396198,False,False,False,0.7446458061470589,False,False,False,True,Other
AON,2022-05-20 04:00:00,262.71,0.1967568802101176,True,27.475092543139592,-8.333840618915666,3.5321173962527834,-6.375623663578067,False,True,-0.5902982742456264,57.774538386783384,True,51.945080091533036,True,True,1.7433335378396198,False,False,False,1.358192710238058,True,False,False,True,Other
ZTS,2022-01-25 05:00:00,195.25,-0.13833546734955182,False,22.356059293393063,-2.1877218244300445,2.979874983490589,-3.675382338431177,False,True,-2.326022075891798,21.473034674687476,False,26.666666666666828,False,True,1.4761722200729244,False,False,False,1.07490142433096,True,False,False,True,Health
ZTS,2022-01-26 05:00:00,189.84,-0.1298988621997471,False,19.41307387866989,-4.851539927297401,3.1250630895359213,-5.354472031109781,False,True,-2.326022075891798,21.473034674687476,False,15.363881401617416,False,True,1.4761722200729244,False,False,False,1.7018904430738448,True,False,False,True,Health
ZTS,2022-01-27 05:00:00,187.66,-0.1223489289139934,False,18.36400461703511,-5.888500317431572,3.13386127644505,-7.080610021786493,False,True,-2.326022075891798,21.473034674687476,False,1.7274472168906578,False,False,1.4761722200729244,False,False,False,1.6181110585015495,True,False,False,True,Health
ZTS,2022-02-23 05:00:00,187.06,-0.11082005773548587,False,28.08841435241512,-6.005580448515703,2.5327675225191992,-5.410598705501613,False,True,-0.33577227623533545,18.903591682419655,False,5.423728813559514,False,True,-1.8035564008420213,True,True,False,0.7258893203314425,False,False,False,True,Health
ZTS,2022-05-09 04:00:00,161.81,0.14418144737655259,True,26.521807864960568,-16.535682602092887,3.435868732776217,-7.36245491498253,False,True,-2.583127232756244,14.013840830449864,False,9.726027397260367,False,False,-3.3769318616762134,True,True,False,1.2853940976857448,True,False,False,True,Health
ZTS,2022-05-10 04:00:00,162.65,0.13814940055333547,True,28.019433310631644,-15.967757630809887,3.4229734993881498,-7.131437706977262,False,True,-2.583127232756244,14.013840830449864,False,62.962962962962976,True,True,-3.3769318616762134,True,True,False,1.2125440132517542,True,False,False,True,Health
ZTS,2022-05-11 04:00:00,159.9,0.14834271419637268,True,26.140962652082248,-17.245347984362493,3.4497928686595527,-9.589505823815447,False,True,-2.583127232756244,14.013840830449864,False,13.195876288660035,False,True,-3.3769318616762134,True,True,False,1.3793795534539495,True,False,False,True,Health
ZTS,2022-11-03 04:00:00,131.14,0.24424279396065285,True,28.76879532379747,-22.92800037897025,4.251482128944229,-13.232764324467382,True,False,1.244841815680875,40.84794129637176,True,69.90511613025767,True,True,1.9342088507010136,False,False,True,3.445775566580403,True,True,True,True,Health
ZTS,2023-11-01 04:00:00,151.44,0.20146592709984157,True,18.462213172484066,-12.456782686452836,2.44054949184239,-7.472352905236135,False,True,-4.180525289597425,17.467248908296963,False,6.867671691792239,False,True,1.6255986325538485,False,False,True,3.6414103174924373,True,True,True,True,Health
ZTS,2024-04-12 04:00:00,149.98,-0.0050673423123082095,False,21.194913556372573,-16.275016251626784,3.1028182646650544,-9.574339804654542,False,True,0.1835405565423276,72.54623044096749,True,20.001600128010217,False,True,-2.1822164023833968,True,True,False,3.2210475157349707,True,True,True,False,Health
ZTS,2024-04-15 04:00:00,149.77,-0.020097482806970768,False,21.067463843226733,-16.255654024564826,3.1598159479525947,-9.608304665338874,False,True,-1.979788428579865,47.00729927007323,True,9.161962657403457,False,True,-2.201398055049786,True,True,False,2.246738927965031,True,True,False,False,Health
ZTS,2024-04-16 04:00:00,153.02,-0.028427656515488287,False,28.257520981939766,-14.315307202329738,3.13973581829788,-8.448007658250557,False,True,-1.979788428579865,47.00729927007323,True,26.829268292682745,False,False,-2.201398055049786,True,True,False,1.2874725713895474,True,False,False,False,Health
ZTS,2024-04-17 04:00:00,151.94,-0.033500065815453506,False,27.365440960945758,-14.793565232576583,3.02739374278721,-6.899509803921566,False,True,-1.979788428579865,47.00729927007323,True,36.082474226803576,True,False,-2.201398055049786,True,True,False,0.8515289814720493,False,False,False,False,Health
ZTS,2024-04-18 04:00:00,153.11,-0.020377506367970755,False,29.94563143109408,-14.016487001981076,2.9062992380026276,-5.9116327659312855,False,True,-1.979788428579865,47.00729927007323,True,18.40000000000032,False,True,-2.201398055049786,True,True,False,1.2255542722876804,True,False,False,False,Health
ZTS,2024-04-19 04:00:00,146.5,0.03010238907849816,True,24.62377274809433,-17.58314472213017,3.1768821025341643,-2.3203093745832737,False,True,-1.979788428579865,47.00729927007323,True,12.195121951219354,False,False,-2.201398055049786,True,True,False,1.5627125289480923,True,False,False,False,Health
ZTS,2024-04-22 04:00:00,145.54,0.04644771196921815,True,23.957837601342728,-17.975298671865055,3.2997172914055612,-2.8243306403151647,False,True,-9.574339804654542,8.021390374331544,False,10.99554234769661,False,False,6.6506146972239,False,False,True,1.1164169986094132,True,False,False,True,Health
APH,2022-09-23 04:00:00,34.415,0.1834955687926776,True,29.38668646611121,-5.6536412529491145,2.3131415225016596,-5.362298913790742,False,False,4.574262882336733,17.183770883054876,False,73.57142857142836,True,True,0.3145287511453043,False,False,True,1.5854335896068308,True,False,False,False,Other
APH,2022-09-26 04:00:00,34.145,0.20603309415727034,True,28.055253421513473,-6.334237385106578,2.3259794394904705,-6.669400027333605,False,True,-4.17654808959157,24.173553719008282,False,18.18181818181835,False,True,1.4443930869465937,False,False,True,0.8696240171977043,False,False,False,True,Other
APH,2022-09-27 04:00:00,34.145,0.23121979792063252,True,28.05525342151347,-6.275165210734928,2.3324213616263143,-5.349965349965347,False,True,-4.17654808959157,24.173553719008282,False,33.93939393939425,True,True,1.4443930869465937,False,False,True,1.254259753986616,True,False,False,True,Other
APH,2022-09-30 04:00:00,33.48,0.22729988052568717,True,28.273886636531547,-7.921863834415895,2.472558120528737,-2.716838587825088,False,True,-4.17654808959157,24.173553719008282,False,4.972375690607132,False,True,1.4443930869465937,False,False,True,1.1205218199919285,True,False,False,True,Other
ITW,2022-04-14 04:00:00,196.27,0.19896061547867716,True,27.871853999401043,-11.889215862718704,2.024442430031999,-4.225833211340458,False,True,-0.7556080283352973,24.4229337304542,False,7.458563535911876,False,True,3.2569517351490385,False,False,True,1.5565905024044988,True,False,False,True,Industrial
ITW,2022-04-18 04:00:00,196.63,0.18583125667497336,True,28.846037576824514,-11.624474695845983,1.9879196985821614,-3.447090596611835,False,True,-3.0930287889602615,22.65822784810123,False,23.127035830619203,False,True,-0.9258040528822509,True,False,True,1.0167889794394367,True,False,False,False,Industrial
ITW,2022-06-14 04:00:00,185.93,0.32738127252191696,True,29.00403047833205,-14.074891545313415,2.8688266268910896,-11.52089083468163,False,False,0.5272322724194645,24.929577464788498,False,27.627906976744438,False,False,-2.2656990543703515,True,True,False,1.1970368897689918,True,False,False,False,Industrial
ITW,2022-06-15 04:00:00,186.41,0.33034708438388516,True,29.84095011703584,-13.734155755547015,2.838486650621205,-9.658815547155186,False,False,0.5272322724194645,24.929577464788498,False,43.82259767687424,True,True,-2.2656990543703515,True,True,False,1.2721316739074648,True,False,False,False,Industrial
ITW,2022-06-16 04:00:00,179.17,0.36217000613942085,True,25.04519967695721,-16.943451867298577,3.0749287807468906,-11.895161290322598,False,False,0.5272322724194645,24.929577464788498,False,21.645445641527758,False,True,-2.2656990543703515,True,True,False,1.2841579397296752,True,False,False,False,Industrial
ITW,2022-06-17 04:00:00,178.25,0.3740813464235624,True,24.50624208670522,-17.226868608043215,2.9954537629346683,-9.412003862377405,False,False,0.5272322724194645,24.929577464788498,False,29.392971246006034,False,True,-2.2656990543703515,True,True,False,2.0133094555528395,True,True,False,False,Industrial
ITW,2022-06-21 04:00:00,181.28,0.33484112974404234,True,29.85973212342411,-15.687123421849142,2.892807981402235,-3.8914219064786315,False,True,-5.321657123610645,0.43763676148798225,False,41.506849315068834,True,True,2.4931902687263197,False,False,False,0.9804963593204065,False,False,False,False,Industrial
ITW,2022-06-23 04:00:00,180.1,0.3618545252637424,True,29.03002489947639,-15.970715941469852,2.857624194517584,-3.385011533716009,False,True,-5.321657123610645,0.43763676148798225,False,40.37267080745332,True,True,2.4931902687263197,False,False,False,0.6769326341479592,False,False,False,False,Industrial
WELL,2022-06-13 04:00:00,77.85,0.04739884393063609,True,24.68224639713304,-9.57584264646372,3.0874051958185182,-10.661005278861612,False,True,-2.4065653765110384,50.58823529411753,True,11.572700296735906,False,False,-1.0045906427100904,True,False,True,1.0744993890198928,True,False,False,True,RealEstate
WELL,2022-06-14 04:00:00,77.45,0.034861200774693346,True,24.173801092379342,-9.950485806608585,3.050455066336006,-13.269876819708838,False,True,-2.4065653765110384,50.58823529411753,True,36.61202185792363,True,False,-1.0045906427100904,True,False,True,1.186944120476069,True,False,False,True,RealEstate
WELL,2022-06-15 04:00:00,78.45,0.02498406628425731,True,28.158188200002165,-8.707979947653934,2.9994998484388673,-8.757850662944877,False,True,-2.4065653765110384,50.58823529411753,True,43.04932735425973,True,True,-1.0045906427100904,True,False,True,1.4693010766449977,True,False,False,True,RealEstate
WELL,2022-06-16 04:00:00,77.7,0.019562419562419553,True,27.011774663933423,-9.49447289797469,3.0175950730192858,-6.644238856181661,False,True,-2.4065653765110384,50.58823529411753,True,35.1230425055927,True,True,-1.0045906427100904,True,False,True,1.1165580406163775,True,False,False,True,RealEstate
WELL,2022-06-17 04:00:00,77.65,0.017256922086284376,True,26.9330491425047,-9.466659626953293,3.040265645531027,-5.385646399415123,False,True,-2.4065653765110384,50.58823529411753,True,33.46303501945532,True,True,-1.0045906427100904,True,False,True,3.2540561287099123,True,True,True,True,RealEstate
WELL,2022-09-19 04:00:00,71.24,0.19679955081414957,True,29.157289473448795,-14.18451364439476,2.6322940485104187,-8.9700996677741,False,False,2.3209811420282334,33.458646616541415,True,18.691588785046324,False,True,-2.701361603847896,True,True,True,1.0619186743331392,True,False,False,False,RealEstate
WELL,2022-09-20 04:00:00,69.56,0.20385278895917192,True,26.006584881542267,-16.07288222581466,2.719974702421824,-7.512298896423342,False,False,2.3209811420282334,33.458646616541415,True,27.741935483871206,False,True,-2.701361603847896,True,True,True,0.8509116836592774,False,False,False,False,RealEstate
WELL,2022-09-21 04:00:00,68.99,0.2006087838817221,True,25.01876740763694,-16.62155952141797,2.7432741017393907,-6.745066234117337,False,False,2.3209811420282334,33.458646616541415,True,1.0526315789471559,False,False,-2.701361603847896,True,True,True,0.7732594986687217,False,False,False,False,RealEstate
WELL,2022-09-22 04:00:00,68.25,0.21890109890109888,True,23.75714560483627,-17.371882227349047,2.758095493068558,-6.1726697827880095,False,False,2.3209811420282334,33.458646616541415,True,63.722397476340696,True,True,-2.701361603847896,True,True,True,0.7666586190269596,False,False,False,False,RealEstate
WELL,2022-09-23 04:00:00,66.71,0.21555988607405197,True,21.344852284986395,-19.08142848159654,2.898601865457179,-8.390552046141176,False,False,2.3209811420282334,33.458646616541415,True,28.46153846153833,False,True,-2.701361603847896,True,True,True,1.0357291182165984,True,False,False,False,RealEstate
WELL,2022-09-26 04:00:00,65.77,0.2194009426790331,True,20.009303828827306,-20.060793253085546,2.959180798649438,-7.678270634475015,True,True,-6.147699445804888,25.91743119266045,False,62.73458445040193,True,True,7.821474197399247,False,False,True,1.1164808052341169,True,False,False,True,RealEstate
WELL,2022-09-27 04:00:00,64.31,0.25112735188928603,True,18.113558638145193,-21.66513360977067,3.102304878882706,-7.547441058079352,True,True,-6.147699445804888,25.91743119266045,False,5.323193916349841,False,True,7.821474197399247,False,False,True,0.9062914339691187,False,False,False,True,RealEstate
WELL,2022-09-28 04:00:00,65.42,0.25221644756955053,True,24.008352852774273,-20.151672908387702,3.038192719452667,-5.174662994636892,True,True,-6.147699445804888,25.91743119266045,False,49.7354497354496,True,True,7.821474197399247,False,False,True,0.6812482112035589,False,False,False,True,RealEstate
WELL,2022-09-29 04:00:00,63.33,0.29054160745302404,True,20.95023916494357,-22.52761310273313,3.2267052177773072,-7.20879120879121,True,True,-6.147699445804888,25.91743119266045,False,29.437229437229483,False,True,7.821474197399247,False,False,True,1.0728835523233837,True,False,False,True,RealEstate
WELL,2022-09-30 04:00:00,64.32,0.23305348258706493,True,25.773323632097085,-21.149287473932667,3.139452446188566,-3.582671263678605,True,True,-6.147699445804888,25.91743119266045,False,43.401759530791765,True,True,7.821474197399247,False,False,True,1.1836574708475447,True,False,False,True,RealEstate
WELL,2022-10-04 04:00:00,64.38,0.28922025473749624,True,28.733372323568158,-20.75458738249466,3.2376402899767185,0.10884776862072343,True,True,-8.390552046141176,10.556348074179663,False,33.44709897610911,True,True,4.014300858584785,False,False,True,1.5056319623405756,True,False,False,False,RealEstate
WELL,2022-10-05 04:00:00,62.32,0.30744544287548137,True,25.22971267344517,-23.112060672918613,3.4152194483462237,-4.7386120452461045,True,True,-8.390552046141176,10.556348074179663,False,33.507853403141326,True,True,4.014300858584785,False,False,True,1.017616098551555,True,False,False,False,RealEstate
WELL,2022-10-06 04:00:00,59.76,0.3741633199464527,True,21.690110143029276,-26.07725444570898,3.6358220838977067,-5.637138796778773,True,True,-8.390552046141176,10.556348074179663,False,7.279693486589952,False,False,4.014300858584785,False,False,True,0.9403611570256393,False,False,False,False,RealEstate
WELL,2022-10-07 04:00:00,58.6,0.42781569965870303,True,20.30032432398462,-27.313184907858883,3.637978377058082,-8.893034825870638,True,True,-8.390552046141176,10.556348074179663,False,27.67295597484301,False,False,4.014300858584785,False,False,True,0.927219054110331,False,False,False,False,RealEstate
WELL,2022-10-10 04:00:00,57.37,0.49572947533554124,True,18.916269133016204,-28.63407651290596,3.604935291768778,-12.251453043744265,True,True,-3.582671263678605,40.24096385542157,True,0.8196721311473787,False,False,-0.7926102914043054,True,False,False,1.164652583015123,True,False,False,True,RealEstate
WELL,2022-10-11 04:00:00,58.17,0.46123431321987285,True,22.61194539563382,-27.439357430774248,3.536625150364784,-9.64585274930102,True,True,-3.582671263678605,40.24096385542157,True,56.67153894341182,True,True,-0.7926102914043054,True,False,False,0.9912792628168773,False,False,False,True,RealEstate
WELL,2022-10-12 04:00:00,57.91,0.47038508029701287,True,22.256892732842978,-27.563569048799703,3.4702016737269084,-7.076379974326064,True,True,-3.582671263678605,40.24096385542157,True,71.22302158273341,True,True,-0.7926102914043054,True,False,False,0.8093033919747299,False,False,False,True,RealEstate
WELL,2022-10-13 04:00:00,59.17,0.44786209227649154,True,28.145225651082274,-25.795625158451625,3.4856852242109033,-0.9872824631860677,True,True,-3.582671263678605,40.24096385542157,True,17.454545454545343,False,True,-0.7926102914043054,True,False,False,0.8746233807793067,False,False,False,True,RealEstate
WELL,2022-10-14 04:00:00,57.84,0.49654218533886585,True,25.914060541068803,-27.26479897106655,3.577879780818104,-1.2969283276450527,True,True,-3.582671263678605,40.24096385542157,True,4.629629629629703,False,True,-0.7926102914043054,True,False,False,0.9922681224672958,False,False,False,True,RealEstate
EMR,2022-05-09 04:00:00,84.41,-0.022864589503613253,False,27.974500032952278,-10.085501780007464,3.420432601716322,-6.657082826495642,False,True,-3.653846153846141,18.73198847262265,False,17.012448132779888,False,True,-0.8607866371610706,True,False,True,1.4200920647570532,True,False,False,False,Industrial
EMR,2022-05-10 04:00:00,83.61,-0.019495275684726643,False,26.750208527716094,-10.840636531574347,3.414614884447668,-7.592838196286477,False,True,-3.653846153846141,18.73198847262265,False,20.15599343185543,False,True,-0.8607866371610706,True,False,True,1.107568707717605,True,False,False,False,Industrial
EMR,2022-05-11 04:00:00,83.13,-0.007337904486948155,False,26.014552502859008,-11.25224549794151,3.3926615424659343,-8.988395007663685,False,True,-3.653846153846141,18.73198847262265,False,7.172995780590775,False,False,-0.8607866371610706,True,False,True,1.2434095699975425,True,False,False,False,Industrial
EMR,2022-05-12 04:00:00,82.75,0.004471299093655734,True,25.418580362784613,-11.555329958500108,3.3477905932909016,-7.262131570099751,False,True,-3.653846153846141,18.73198847262265,False,68.78048780487798,True,True,-0.8607866371610706,True,False,True,1.1765545486075695,True,False,False,False,Industrial
EMR,2022-05-13 04:00:00,83.68,-0.03023422562141498,False,29.66538929311329,-10.467241381547018,3.2303210621523215,-4.919895466424262,False,True,-3.653846153846141,18.73198847262265,False,37.1584699453556,True,True,-0.8607866371610706,True,False,True,1.1764667418557204,True,False,False,False,Industrial
EMR,2022-06-17 04:00:00,78.65,0.11188811188811187,True,27.978495484882934,-14.456100903986261,3.1547241024293653,-9.6600045945325,False,False,2.126696832579178,17.32954545454539,False,3.859649122807005,False,False,-2.238447155853196,True,False,False,2.1773803341701448,True,True,False,False,Industrial
EMR,2022-06-23 04:00:00,77.79,0.13523589150276383,True,29.67364241926841,-15.033068888568543,3.1749525723334178,-8.974959045167319,False,True,-3.5666814355338916,5.321100917431305,False,45.4160915445927,True,True,0.6244864285068985,False,False,False,1.5003306227615403,True,False,False,False,Industrial
EMR,2022-09-22 04:00:00,75.53,0.2988216602674434,True,29.62451413876774,-14.099186608543219,2.6432864843742108,-6.197218082463973,False,False,3.6207951070336364,37.09677419354834,True,2.0270270270270982,False,False,-0.7627469203657311,True,True,True,0.8890070871034994,False,False,False,True,Industrial
EMR,2022-09-23 04:00:00,73.84,0.294691224268689,True,26.86020330175029,-15.88714704811941,2.767969902242487,-5.587520777394184,False,False,3.6207951070336364,37.09677419354834,True,55.42857142857136,True,False,-0.7627469203657311,True,True,True,1.150848605769487,True,False,False,True,Industrial
EMR,2022-09-26 04:00:00,73.14,0.32430954334153683,True,25.786880237157256,-16.54598685517089,2.754531103324943,-8.115577889447234,False,True,-7.673238106480939,3.3502132539589327,False,13.455657492354629,False,False,4.3536155823741485,False,False,True,0.932094864221254,False,False,False,True,Industrial
EMR,2022-09-27 04:00:00,73.06,0.3278127566383795,True,25.660678326681555,-16.499036613219026,2.7556247933825646,-6.357344270699816,False,True,-7.673238106480939,3.3502132539589327,False,32.83208020050124,True,True,4.3536155823741485,False,False,True,0.9182343130176911,False,False,False,True,Industrial
EOG,2023-03-15 04:00:00,101.48,0.20999211667323614,True,24.994285340832928,-16.891302037108996,4.441007931408691,-13.875922939828566,False,False,6.5727288639943815,19.506966773847733,False,23.063223508459537,False,True,-0.9241783705288498,True,True,False,1.3987640159362245,True,False,False,True,Energy
EOG,2023-03-17 04:00:00,102.75,0.21304136253041372,True,29.62080453080348,-15.598076343624564,4.412513478554587,-8.406133000534865,False,False,6.5727288639943815,19.506966773847733,False,35.58282208588957,True,False,-0.9241783705288498,True,True,False,2.1368643289981115,True,True,False,True,Energy
EOG,2024-01-18 05:00:00,110.09,0.23571623217367588,True,28.47039725888394,-10.002990534780269,2.481067640265957,-4.261240107835462,False,True,-0.4712691194708629,12.99177696940047,False,57.52826464078523,True,True,-0.45010611735752937,True,True,True,1.1745029919443382,True,False,False,False,Energy
EOG,2024-01-19 05:00:00,110.17,0.21648361622946366,True,28.76877717660764,-9.848448457707542,2.3825708157000416,-4.183336232388246,False,True,-0.4712691194708629,12.99177696940047,False,85.4838709677415,True,True,-0.45010611735752937,True,True,True,0.9981474279251947,False,False,False,False,Energy
MAR,2022-06-22 04:00:00,136.46,0.2564121354243001,True,27.85205340803714,-15.260828332430581,4.766912352528536,-10.353435816581257,False,True,-8.462639564843977,0.5648267008986573,False,8.407871198568847,False,False,3.170247175614449,False,False,False,1.6699899827488571,True,False,False,False,Consumer
MAR,2022-06-23 04:00:00,133.06,0.2889673831354276,True,26.15718362209323,-17.229090711556275,4.8986532257942565,-14.043927648578814,False,True,-8.462639564843977,0.5648267008986573,False,30.642750373692255,True,False,3.170247175614449,False,False,False,1.3066560282210502,True,False,False,False,Consumer
MAR,2022-09-23 04:00:00,137.48,0.3948210648821646,True,29.765233511985986,-12.62779609662216,3.7540954914918663,-11.257423186160597,False,False,5.271347986773023,38.38630806845969,True,65.28925619834679,True,False,0.7145696329389217,False,False,True,1.1259723364809522,True,False,False,False,Consumer
MAR,2022-09-26 04:00:00,136.22,0.4232858611070327,True,28.912199695895882,-13.31273030561189,3.7378975324652988,-13.434163701067625,False,True,-4.582409460458258,12.358703843255352,False,4.773269689737202,False,True,1.294654815054086,False,False,True,0.9036506564520039,False,False,False,True,Consumer
CEG,2023-02-28 05:00:00,74.89,1.2492989718253438,True,29.119136735586213,-2.0680774318055968,3.5752621924773145,-6.818464601219365,False,True,-2.60338670660063,44.019933554817165,True,13.649025069637782,False,False,0.7563156913370062,False,False,True,1.5315158972997103,True,False,False,True,Utilities
CEG,2023-03-01 05:00:00,74.35,1.2863483523873573,True,28.300793208805683,-2.7473771376083396,3.5899394876838695,-4.434447300771216,False,True,-2.60338670660063,44.019933554817165,True,50.781249999999844,True,True,0.7563156913370062,False,False,True,1.106369785975106,True,False,False,True,Utilities
CEG,2024-07-24 04:00:00,175.08,0.8771989947452594,True,27.995811044849372,4.127926504794481,5.306407347434699,-6.208817699683921,False,False,2.7687065171091874,5.215921149661078,False,2.7961736571009843,False,False,-2.2962034235622486,True,True,False,1.4246495392179983,True,False,False,False,Utilities
CEG,2024-07-25 04:00:00,170.43,0.9393299301766118,True,26.08294081788748,1.348624332725249,5.521577932731189,-8.997223408799659,False,False,2.7687065171091874,5.215921149661078,False,41.567912488605316,True,True,-2.2962034235622486,True,True,False,1.5780615414430386,True,False,False,False,Utilities
CEG,2024-07-29 04:00:00,172.68,1.0143618253416724,True,29.984636202603895,2.617839891555251,5.2030465422575505,-9.316248293246499,False,True,-12.821221331859622,27.008177008177043,False,25.77013135825451,False,True,11.406038618239078,False,False,False,0.6943166197858092,False,False,False,True,Utilities
CEG,2024-07-30 04:00:00,168.69,1.0200960341454737,True,28.133935384205188,0.24425794140121893,5.338620715903832,-11.155000790014224,False,True,-12.821221331859622,27.008177008177043,False,31.68103448275859,True,True,11.406038618239078,False,False,False,1.175424258907013,True,False,False,True,Utilities
MSI,2022-02-11 05:00:00,216.0,0.2519444444444445,True,27.846507144441173,-6.022667222156366,3.2110796778197748,-8.307509445175532,False,True,-4.245541548969179,37.43866535819429,True,25.079945180447748,False,False,6.03608651209091,False,False,False,1.7127728863700096,True,False,False,True,Other
MSI,2022-02-14 05:00:00,213.81,0.2722042935316402,True,26.701396409061104,-6.9108817643644915,3.253125851162222,-9.636110054520097,False,False,3.7205001761183354,0.0,False,37.864077669902876,True,True,0.06251567292718807,False,False,False,1.4841283409143236,True,False,False,False,Other
MSI,2022-02-23 05:00:00,207.64,0.26083606241571955,True,29.67712412866031,-9.289534633405951,3.344089726082996,-6.841939970388977,False,True,-8.307509445175532,10.009115770282602,False,1.754385964912112,False,False,9.571818361962837,False,False,False,0.753587129023542,False,False,False,True,Other
MSI,2022-10-14 04:00:00,213.28,0.3590116279069768,True,29.915912891254493,-7.0677538654112855,2.764377142976857,-7.209049380030452,False,True,-2.093897534534006,9.35550935550951,False,3.9603960396040394,False,False,-3.327760863422291,True,False,True,1.6058658932524932,True,False,False,True,Other
CVS,2022-10-07 04:00:00,88.25,-0.18719546742209625,False,28.09126044230788,-9.423299238531978,3.218023513224614,-7.465660060815771,False,True,-3.6351165980795686,23.230641132389625,False,16.30276564774387,False,False,1.4789187293605677,False,False,True,3.6435556472938986,True,True,True,False,Health
CVS,2022-10-10 04:00:00,88.25,-0.18719546742209625,False,28.09126044230788,-9.338291038231144,3.210916613150093,-9.727905073649756,False,True,-3.029994916115908,2.4752475247526826,False,18.167944478761587,False,False,-1.4268962183568767,True,False,True,1.3277981188021901,True,False,False,True,Health
CVS,2022-10-11 04:00:00,88.5,-0.19864406779661015,False,28.89450680297841,-8.999228177789936,3.212045265888979,-11.957819339434938,False,True,-3.029994916115908,2.4752475247526826,False,33.7837837837837,True,False,-1.4268962183568767,True,False,True,1.1964574416294662,True,False,False,True,Health
CVS,2022-10-12 04:00:00,87.84,-0.18556466302367935,False,28.005115122394898,-9.590816404627835,3.148954331255912,-12.553509208561476,False,True,-3.029994916115908,2.4752475247526826,False,2.259887005650076,False,False,-1.4268962183568767,True,False,True,0.8527099111352315,False,False,False,True,Health
CVS,2023-01-18 05:00:00,88.2,-0.1698412698412699,False,27.612687273084568,-8.531389089560028,2.0622526400417622,-2.7027027027027084,False,True,-1.7061916514647502,39.26174496644267,True,9.883720930232663,False,False,-2.981794080386846,True,True,True,1.2716096770211696,True,False,False,True,Health
CVS,2023-01-19 05:00:00,87.48,-0.15489254686785547,False,25.901658135161576,-9.194240548959092,2.0338517188189007,-2.529247910863508,False,True,-1.7061916514647502,39.26174496644267,True,34.29385687143763,True,False,-2.981794080386846,True,True,True,1.4691138908436163,True,False,False,True,Health
CVS,2023-01-20 05:00:00,87.0,-0.1367816091954024,False,24.798427536870896,-9.605309828442127,1.9597516656072302,-2.4444942812289816,False,True,-1.7061916514647502,39.26174496644267,True,33.78378378378402,True,True,-2.981794080386846,True,True,True,1.5929809702318078,True,False,False,True,Health
CVS,2023-01-23 05:00:00,87.2,-0.14919724770642206,False,26.20874559365528,-9.312706502234152,1.8729350702832386,-3.0249110320284656,False,True,-1.8340611353711678,29.894736842105303,False,35.71428571428557,True,True,-0.3064423698537877,True,True,True,1.7140503005893306,True,False,False,True,Health
CVS,2023-01-24 05:00:00,86.02,-0.16310160427807485,False,23.41825036458422,-10.445977522102698,1.8692988305652172,-3.7484614523889515,False,True,-1.8340611353711678,29.894736842105303,False,7.812499999999549,False,True,-0.3064423698537877,True,True,True,1.6245199023165848,True,False,False,True,Health
CVS,2023-01-25 05:00:00,85.75,-0.14868804664723034,False,22.819551285993647,-10.631681052192384,1.8412012580323698,-2.777777777777779,False,True,-1.8340611353711678,29.894736842105303,False,47.89915966386569,True,True,-0.3064423698537877,True,True,True,1.9139402358334245,True,False,False,True,Health
CVS,2023-03-01 05:00:00,82.47,-0.1046441130107918,False,27.35468124277078,-12.324898956788926,1.8463914621326898,-5.435156518747841,False,True,-1.2045505242025412,38.139534883720955,True,38.52140077821014,True,False,-2.2739878303030925,True,False,True,0.8207816726814604,False,False,False,False,Health
CVS,2023-03-02 05:00:00,81.43,-0.09259486675672368,False,24.977652588258085,-13.314694829949167,1.833770241282677,-6.262230919765166,False,True,-1.2045505242025412,38.139534883720955,True,6.796116504855079,False,False,-2.2739878303030925,True,False,True,1.1270486263243211,True,False,False,False,Health
CVS,2023-03-03 05:00:00,81.81,-0.0990099009900991,False,27.458081232796683,-12.79815152443445,1.7594869992486324,-4.616998950682049,False,True,-1.2045505242025412,38.139534883720955,True,79.72972972973075,True,True,-2.2739878303030925,True,False,True,1.348708375970651,True,False,False,False,Health
CVS,2023-03-07 05:00:00,80.45,-0.07644499689247986,False,28.120218092404777,-14.027983693523224,1.8986931741125608,-3.6988269092650294,False,True,-3.1722736509370075,9.531295114048302,False,7.608695652174187,False,True,-2.3273840937132917,True,True,True,1.0489877450170226,True,False,False,False,Health
CVS,2023-03-08 05:00:00,79.81,-0.05939105375266274,False,26.75499762844948,-14.586878854157106,1.8774484544951602,-3.2254153025342513,False,True,-3.1722736509370075,9.531295114048302,False,25.0,False,False,-2.3273840937132917,True,True,True,0.757542946365506,False,False,False,False,Health
CVS,2023-03-09 05:00:00,77.0,-0.01376623376623376,False,21.759824711504944,-17.449639208125067,2.123292295911283,-5.440255434115205,False,True,-3.1722736509370075,9.531295114048302,False,9.97067448680363,False,False,-2.3273840937132917,True,True,True,1.3009721611944467,True,False,False,False,Health
CVS,2023-03-10 05:00:00,77.1,-0.024513618677042825,False,22.315674408392596,-17.19954924590239,2.0885728999510778,-5.75724239090577,False,True,-3.1722736509370075,9.531295114048302,False,10.853554539111698,False,False,-2.3273840937132917,True,True,True,0.9411297554578368,False,False,False,False,Health
CVS,2023-03-13 04:00:00,76.28,-0.01573151546932361,False,20.99829712341485,-17.932535388710352,2.1212980538064325,-8.063155357358076,False,True,-4.616998950682049,11.66007905138346,False,22.093023255813705,False,False,0.8603843001366185,False,False,True,0.8616339664282842,False,False,False,True,Health
CVS,2023-03-14 04:00:00,75.56,0.011381683430386369,True,19.888108040227387,-18.555561312398314,2.1868656905360075,-6.078309509011815,False,True,-4.616998950682049,11.66007905138346,False,36.60326993660322,True,False,0.8603843001366185,False,False,True,0.9815695034916023,False,False,False,True,Health
CVS,2023-03-15 04:00:00,75.4,0.02652519893899208,True,19.639612860895582,-18.576289901604284,2.1334922607992706,-5.525623355469234,False,True,-4.616998950682049,11.66007905138346,False,41.30434782608793,True,True,0.8603843001366185,False,False,True,0.9558780922523167,False,False,False,True,Health
CVS,2023-03-16 04:00:00,75.83,0.022946063563233476,True,22.44421868268977,-17.96409347820342,2.1177531640657152,-1.5194805194805205,False,True,-4.616998950682049,11.66007905138346,False,30.89171974522303,True,True,0.8603843001366185,False,False,True,0.7934249895792672,False,False,False,True,Health
CVS,2023-03-17 04:00:00,74.37,0.0496167809600645,True,19.904165195135466,-19.38681627975744,2.201021813331357,-3.540856031128392,False,True,-4.616998950682049,11.66007905138346,False,22.54901960784346,False,True,0.8603843001366185,False,False,True,1.9114138673928123,True,False,False,True,Health
CVS,2023-03-20 04:00:00,74.98,0.05334755934915969,True,23.785130356133728,-18.57389148088662,2.1433905225649585,-1.704247509176715,False,True,-5.75724239090577,6.940063091482611,False,0.0,False,False,2.7993782525012723,False,False,True,0.708602105560915,False,False,False,True,Health
CVS,2023-03-21 04:00:00,75.56,0.03586553732133391,True,27.387782682668817,-17.797257299090052,2.0610380378554107,0.0,False,True,-5.75724239090577,6.940063091482611,False,83.5164835164844,True,True,2.7993782525012723,False,False,True,0.7382788117130912,False,False,False,True,Health
CVS,2023-03-22 04:00:00,74.41,0.054696949334766876,True,24.876863183747616,-18.894634019228224,2.1267460631487825,-1.312997347480116,False,True,-5.75724239090577,6.940063091482611,False,1.047120418847961,False,True,2.7993782525012723,False,False,True,0.7773670903061237,False,False,False,True,Health
CVS,2023-03-23 04:00:00,72.37,0.09133618902860308,True,21.169221082092285,-20.952087586084634,2.2580047664439795,-4.562837926941832,True,True,-5.75724239090577,6.940063091482611,False,12.529550827423225,False,True,2.7993782525012723,False,False,True,1.0214003997252459,True,False,False,True,Health
CVS,2023-03-24 04:00:00,73.26,0.08271908271908246,True,26.328025017872235,-19.82056198086054,2.210184337894545,-1.4925373134328401,False,True,-5.75724239090577,6.940063091482611,False,14.035087719298334,False,False,2.7993782525012723,False,False,True,0.6982221930077541,False,False,False,True,Health
CVS,2023-03-27 04:00:00,73.57,0.07965203207829297,True,28.093167366681087,-19.324898824769356,2.1698822887085254,-1.8805014670578934,False,True,-3.540856031128392,12.398921832884286,False,20.1612903225805,False,False,-1.4833553066522343,True,False,True,0.6523726332027052,False,False,False,True,Health
CVS,2023-03-28 04:00:00,73.12,0.0908096280087527,True,27.078919154097246,-19.659929369304752,2.16014488877747,-3.2292218104817305,False,True,-3.540856031128392,12.398921832884286,False,16.17647058823522,False,False,-1.4833553066522343,True,False,True,0.767804994806244,False,False,False,True,Health
CVS,2023-05-04 04:00:00,68.79,-0.18636429713621172,False,28.52200722808767,-21.068430828012335,2.30566457702011,-5.844511360525595,True,True,-2.489959839357425,6.250000000000135,False,33.23968223212566,True,True,0.5321761042597073,False,False,True,1.1744129991217336,True,False,False,True,Health
CVS,2023-05-16 04:00:00,67.1,-0.1427719821162443,False,29.521578894538713,-21.76664094595775,2.1265555450601323,-4.101757896241254,True,True,-3.5875051152639448,43.17991351278881,True,2.9585798816566404,False,True,3.0651552535969406,False,False,True,1.0362662565733691,True,False,False,True,Health
CVS,2023-08-23 04:00:00,66.4,-0.11521084337349408,False,29.738797385669667,-15.4863666362935,2.6218060083026105,-8.69086908690868,False,False,2.7164220057621202,12.22222222222221,False,25.517241379310608,False,True,-2.0296150283356296,True,False,True,0.771560873546422,False,False,False,False,Health
CVS,2023-08-31 04:00:00,65.17,-0.11953352769679304,False,28.436384757137052,-16.31515723519639,2.3815733803918557,-1.9852609414949485,False,True,-10.765326566047817,21.57635467980295,False,2.1164021164024467,False,False,12.670663143950577,False,False,False,1.0764706743370012,True,False,False,True,Health
CVS,2023-10-27 04:00:00,66.29,-0.1514557248453765,False,29.9392075011404,-11.85439558176686,2.2468158368169746,-3.997103548153502,False,False,2.346208869814026,0.6514657980454744,False,14.81481481481487,False,True,-1.1414275107049288,True,True,True,1.117836402608666,True,False,False,False,Health
CVS,2024-05-01 04:00:00,56.31,0.19161782987036036,True,12.864090470727229,-23.978463819417165,4.0963261152142785,-16.91013722886232,True,False,1.6171328671328755,31.35135135135162,True,69.32409012131721,True,True,-0.8369462062271738,True,False,False,6.039268790943748,True,True,True,False,Health
CVS,2024-05-02 04:00:00,55.15,0.20090661831369006,True,12.099361556090933,-25.35479737579139,4.277468729595012,-18.09000445566612,True,False,1.6171328671328755,31.35135135135162,True,47.6973684210525,True,True,-0.8369462062271738,True,False,False,3.032319457979584,True,True,True,False,Health
CVS,2024-05-03 04:00:00,55.9,0.19463327370304118,True,15.593130472279501,-24.15599331640046,4.106479945927861,-16.790711521286106,True,False,1.6171328671328755,31.35135135135162,True,17.687074829931852,False,True,-0.8369462062271738,True,False,False,1.790656617689141,True,False,False,False,Health
CVS,2024-05-06 04:00:00,55.97,0.2122565660175093,True,15.928999396711234,-23.878774508463778,3.9296293635694846,-17.020014825796892,True,True,-3.684587813620066,12.427745664740105,False,68.42105263157859,True,True,-1.1962080126889818,True,True,False,1.1975071635398338,True,False,False,False,Health
CVS,2024-05-07 04:00:00,55.74,0.20147111589522781,True,15.707831170857112,-24.008662360361914,3.8574986175954598,-17.678334071776682,True,True,-3.684587813620066,12.427745664740105,False,5.2980132450329815,False,True,-1.1962080126889818,True,True,False,1.209699350149684,True,False,False,False,Health
CVS,2024-05-08 04:00:00,54.91,0.18029502822800958,True,14.903636083950104,-24.952483769852936,3.8149707941332864,-2.4862369028591846,True,True,-3.684587813620066,12.427745664740105,False,16.36363636363595,False,True,-1.1962080126889818,True,True,False,0.9256622723499436,False,False,False,False,Health
CVS,2024-05-09 04:00:00,55.68,0.08656609195402298,True,19.044481025073804,-23.71869041880872,3.624333695063839,0.9610154125113457,True,True,-3.684587813620066,12.427745664740105,False,17.64705882352933,False,False,-1.1962080126889818,True,True,False,0.6994853861441925,False,False,False,False,Health
CVS,2024-05-10 04:00:00,55.82,0.07560014331780729,True,19.808542086940225,-23.347448738099672,3.4683391792944267,-0.14311270125223485,True,True,-3.684587813620066,12.427745664740105,False,17.241379310344715,False,False,-1.1962080126889818,True,True,False,0.6278429433683032,False,False,False,False,Health
CVS,2024-05-13 04:00:00,56.47,0.07083407118824159,True,23.422259264152363,-22.281214374227446,3.4023565089513945,0.8933357155619159,True,True,-16.790711521286106,15.188125647221234,False,1.796407185628391,False,False,18.053694187963785,False,False,False,0.7834250629243149,False,False,False,True,Health
CVS,2024-05-14 04:00:00,56.0,0.11660714285714291,True,22.628213553153028,-22.75183413757893,3.428499919370291,0.4664513814137017,True,True,-16.790711521286106,15.188125647221234,False,42.052144659377475,True,False,18.053694187963785,False,False,False,1.0065163867940898,True,False,False,True,Health
CVS,2024-05-15 04:00:00,56.26,0.11589050835407044,True,24.15992046986558,-22.219874027276234,3.2778019670173846,2.458568566745578,True,True,-16.790711521286106,15.188125647221234,False,67.03194217766377,True,True,18.053694187963785,False,False,False,1.0447318717396916,True,False,False,True,Health
CVS,2024-05-23 04:00:00,55.65,0.1221922731356695,True,27.0138541014369,-22.111764028565343,3.0550345024608925,-3.2510431154381125,True,True,-0.14311270125223485,47.193347193347094,True,4.00000000000004,False,True,-3.5991477307112607,True,False,False,1.060542051661026,True,False,False,False,Health
CVS,2024-05-24 04:00:00,55.54,0.13035649981994957,True,26.74083318898514,-22.09311873200791,3.0121980436305016,-3.7101248266296794,True,True,-0.14311270125223485,47.193347193347094,True,0.7575757575756067,False,False,-3.5991477307112607,True,False,False,0.670251887191753,False,False,False,False,Health
CVS,2024-05-28 04:00:00,53.63,0.1941077754987881,True,22.490410578920986,-24.586420080847756,3.1577038857010935,-6.567944250871072,True,False,3.332139018273028,28.118811881187888,False,2.7700831024933112,False,False,-3.283423926023754,True,True,False,0.804375194066945,False,False,False,False,Health
CVS,2024-05-29 04:00:00,53.67,0.18501956400223585,True,22.767276711584458,-24.34551430339895,3.0563357716094988,-6.3677599441730575,True,False,3.332139018273028,28.118811881187888,False,45.23433385992672,True,False,-3.283423926023754,True,True,False,0.9170100856579998,False,False,False,False,Health
CVS,2024-12-12 05:00:00,49.58,0.5790641387656315,True,29.786566797000745,-19.537114873563855,3.821611023259968,-12.803376714737958,False,False,3.1718669194966465,31.720005573877003,True,4.074074074074049,False,False,-3.1861351639091318,True,False,False,1.9310686894840594,True,False,False,False,Health
CVS,2024-12-13 05:00:00,49.37,0.5774762001215312,True,29.425575368342976,-19.719134030380577,3.842965897352325,-10.70718032193887,False,False,3.1718669194966465,31.720005573877003,True,58.549222797927605,True,False,-3.1861351639091318,True,False,False,1.4585227201773123,True,False,False,False,Health
CVS,2024-12-16 05:00:00,46.6,0.6693133047210302,True,25.103809551338788,-24.040363357155933,4.23889322896949,-16.889602282860704,True,True,-7.619047619047626,1.0395010395009814,False,8.029783195853685,False,False,0.8482682795599716,False,False,False,1.6891504594681324,True,False,False,False,Health
CVS,2024-12-17 05:00:00,44.04,0.7647593097184378,True,21.902196657279532,-28.011159796395596,4.597965353103862,-20.145058930190384,True,True,-7.619047619047626,1.0395010395009814,False,4.661016949152519,False,False,0.8482682795599716,False,False,False,2.292974467376925,True,True,False,False,Health
CVS,2024-12-18 05:00:00,45.28,0.7305653710247348,True,26.77369661043865,-25.792362572506434,4.5596086634891195,-12.519319938176189,True,True,-7.619047619047626,1.0395010395009814,False,10.34482758620662,False,False,0.8482682795599716,False,False,False,1.9344655820776633,True,False,False,False,Health
CVS,2024-12-19 05:00:00,43.78,0.7825491091822752,True,24.76156565422367,-28.048397746699017,4.654715205371394,-11.698265429608712,True,True,-7.619047619047626,1.0395010395009814,False,10.650887573964495,False,False,0.8482682795599716,False,False,False,1.8221062729542061,True,False,False,False,Health
CVS,2024-12-20 05:00:00,44.36,0.7835888187556359,True,27.044672998607123,-26.89809321736083,4.440832493857201,-10.147863074741748,True,True,-7.619047619047626,1.0395010395009814,False,3.678160919540156,False,False,0.8482682795599716,False,False,False,1.43146060694918,True,False,False,False,Health
CVS,2024-12-23 05:00:00,44.14,0.8035795197100135,True,26.713543815744703,-27.062794234135012,4.2760684875357144,-5.278969957081547,True,True,-10.70718032193887,16.46489104116221,False,71.16564417177914,True,True,6.464521598553219,False,False,False,1.0760632813922615,True,False,False,True,Health
CVS,2024-12-24 05:00:00,44.25,0.8083615819209038,True,27.193542789723562,-26.68493159957068,4.044703179205398,0.47683923705721387,True,True,-10.70718032193887,16.46489104116221,False,51.92307692307722,True,True,6.464521598553219,False,False,False,0.4012500130583151,False,False,False,True,Health
CVS,2024-12-27 05:00:00,44.49,0.7837716340750729,True,29.356801337222272,-25.90681530313023,3.8508196693928896,1.621745089081772,True,True,-10.70718032193887,16.46489104116221,False,30.48780487804877,True,True,6.464521598553219,False,False,False,0.6934266015122638,False,False,False,True,Health
CVS,2024-12-30 05:00:00,43.94,0.8236231224396904,True,28.27850804032115,-26.6269518292359,3.7570690099921413,-0.9467989179441028,True,True,-10.147863074741748,13.768614804884209,False,37.17948717948701,True,True,1.7853720806383144,False,False,False,0.7847883123674899,False,False,False,True,Health
HCA,2022-04-22 04:00:00,210.64,0.3387295860235475,True,27.418937542095392,-12.184344071592877,5.043156551325218,-19.27646202192075,False,False,3.1665004985044876,46.41488779419806,True,4.448507007921938,False,False,1.424549589071189,False,False,False,4.938646268346587,True,True,True,False,Other
HCA,2022-04-25 04:00:00,210.5,0.3209976247030879,True,27.380580038141836,-12.135675393815463,4.983975720266328,-19.0104266861606,False,False,0.8697669024701371,33.532041728762856,True,11.503416856492246,False,False,-4.040510872041015,True,False,True,2.420479627074565,True,True,False,False,Other
HCA,2022-04-27 04:00:00,212.23,0.35386137680817975,True,29.798878379181154,-11.222811582772412,5.013323393387577,-22.87032998982411,False,False,0.8697669024701371,33.532041728762856,True,30.330131390084897,True,False,-4.040510872041015,True,False,True,1.1779586586690394,True,False,False,False,Other
HCA,2022-06-13 04:00:00,185.77,0.5298487376863863,True,28.813971536455735,-19.639439988041058,3.890519765099255,-9.300849526413424,False,True,-3.6928786824402704,34.30782459157361,True,8.863920099875266,False,False,-2.5936264534558884,True,True,False,1.3845207802202675,True,False,False,False,Other
HCA,2022-06-14 04:00:00,179.28,0.5946564033913431,True,25.912212664811136,-22.27328596579396,4.021101922735526,-13.608326908249813,True,True,-3.6928786824402704,34.30782459157361,True,7.283763277693348,False,False,-2.5936264534558884,True,True,False,2.0665678929612628,True,True,False,False,Other
HCA,2022-06-15 04:00:00,181.69,0.5965655787330066,True,28.780445986778226,-21.061692261155155,3.9257373175677284,-11.685218490254211,True,True,-3.6928786824402704,34.30782459157361,True,25.40716612377848,False,False,-2.5936264534558884,True,True,False,1.3324673679374297,True,False,False,False,Other
HCA,2022-06-16 04:00:00,171.56,0.6629750524597808,True,24.488896252637794,-25.273514653594027,4.38371155946085,-14.757030706548734,True,True,-3.6928786824402704,34.30782459157361,True,31.521035598705556,True,False,-2.5936264534558884,True,True,False,1.346665770632047,True,False,False,False,Other
HCA,2022-06-17 04:00:00,173.1,0.6578856152513,True,26.28838249419954,-24.417708012896846,4.278866145429704,-12.006913379422535,True,True,-3.6928786824402704,34.30782459157361,True,9.87341772151867,False,False,-2.5936264534558884,True,True,False,2.8598200606646738,True,True,False,False,Other
HCA,2022-06-21 04:00:00,173.87,0.6932190717202507,True,27.222262229632985,-23.899145134307513,4.236840532360163,-6.4057705765193536,True,True,-5.236283057950775,6.38953040800625,False,52.447041636230885,True,True,-2.066036376008218,True,True,False,1.1050053736949756,True,False,False,False,Other
HCA,2022-06-30 04:00:00,168.06,0.770677139116982,True,28.57079520117775,-25.29276653080288,4.079551656864277,-5.286293958521194,True,True,-12.006913379422535,16.600542910837316,False,51.354534746761004,True,True,3.8694862863392077,False,False,True,2.120242075114233,True,True,False,True,Other
HCA,2022-09-27 04:00:00,184.31,0.35993706255764746,True,29.514952415301217,-13.919402162240269,3.4443260525242763,-8.648889770023782,False,True,-4.565316340464265,23.206751054852283,False,6.6157760814250555,False,True,-0.04303751783568677,True,False,True,1.0788244544295575,True,False,False,True,Other
HCA,2023-10-04 04:00:00,243.36,0.6192882971729123,True,28.441012070585113,-7.271997579463155,2.062890696219654,-1.577287066246047,False,True,-1.5646948649914005,14.95934959349618,False,59.79020979021008,True,True,-3.8512866511712263,True,False,True,0.9601979558236583,False,False,False,False,Other
HCA,2023-10-12 04:00:00,234.97,0.6843852406690214,True,29.759284375347068,-10.12629542965617,2.536424164686833,-4.261907672248711,False,True,-2.4933602885797046,21.15469369766397,False,4.586330935251715,False,False,-0.8276286598908555,True,True,True,1.4718910388936162,True,False,False,False,Other
HCA,2023-10-25 04:00:00,225.36,0.6131966631167909,True,28.126104320635875,-13.138196131079225,3.0335495436379722,-7.07187332481134,False,True,-3.2439481620343935,15.60780390195087,False,8.30815709969805,False,False,4.419559429429043,False,False,True,1.140252661648756,True,False,False,True,Other
HCA,2023-10-26 04:00:00,221.81,0.6076371669446823,True,26.114428653925618,-14.382910635488495,3.04357314400526,-9.112886703544355,False,True,-3.2439481620343935,15.60780390195087,False,7.269503546099249,False,False,4.419559429429043,False,False,True,1.108181738824535,True,False,False,True,Other
HCA,2024-11-20 05:00:00,333.0,0.5046246246246247,True,28.057360449967273,-3.8935018198009,2.8280573128265525,-4.671934043284098,False,True,-0.8482880259805592,36.89922480620175,True,66.23544631306588,True,True,1.1226969512998952,False,False,False,0.8775624101717765,False,False,False,True,Other
HCA,2024-11-21 05:00:00,332.24,0.5526426679508789,True,27.72918299725396,-4.073587224665884,2.9078936283637784,-3.840699256172031,False,True,-0.8482880259805592,36.89922480620175,True,55.3797468354431,True,True,1.1226969512998952,False,False,False,1.3452700726472082,True,False,False,True,Other
HCA,2024-11-22 05:00:00,324.93,0.5842181392915398,True,24.732637793108136,-6.126411929119403,3.0282437817680656,-5.257172848145553,False,True,-0.8482880259805592,36.89922480620175,True,50.679205851619926,True,True,1.1226969512998952,False,False,False,1.3172897263488508,True,False,False,True,Other
HCA,2024-11-25 05:00:00,325.62,0.5609913395983048,True,25.550466103034722,-5.871555139336474,2.9810327279231426,-3.0460026797677564,False,True,-3.162412468940601,30.805687203791297,True,10.526315789473346,False,True,2.0248191701777385,False,False,False,1.6239321711889436,True,False,False,False,Other
HCA,2024-11-26 05:00:00,328.95,0.529107767137863,True,29.53006360416272,-4.862466926021213,2.8814366923462837,-1.838202381307641,False,True,-3.162412468940601,30.805687203791297,True,49.76881365305191,True,True,2.0248191701777385,False,False,False,0.6496443295877207,False,False,False,False,Other
HCA,2024-11-27 05:00:00,325.47,0.5371923679601804,True,27.854386056102744,-5.813935659245993,2.859168894064195,-2.2612612612612493,False,True,-3.162412468940601,30.805687203791297,True,7.648725212464877,False,False,2.0248191701777385,False,False,False,0.4729453312055315,False,False,False,False,Other
HCA,2024-12-04 05:00:00,324.09,0.4969607207874356,True,28.426689539598968,-6.00989645514355,2.561163459999746,-1.4774281805745582,False,True,-5.257172848145553,20.90517241379321,False,8.805031446540056,False,False,1.0905145308482078,False,False,False,1.1376885941408366,True,False,False,True,Other
HCA,2024-12-05 05:00:00,320.05,0.5263240118731447,True,26.18615259828902,-7.115172561569534,2.547284365114185,-1.6652840507573763,False,True,-5.257172848145553,20.90517241379321,False,12.359550561798336,False,False,1.0905145308482078,False,False,False,0.9360673483960285,False,False,False,True,Other
HCA,2024-12-06 05:00:00,319.75,0.46592650508209554,True,26.022133921845093,-7.135688142886871,2.568381256274397,-2.2828677953670384,False,True,-5.257172848145553,20.90517241379321,False,45.161290322580626,True,False,1.0905145308482078,False,False,False,0.9090057684654373,False,False,False,True,Other
HCA,2024-12-09 05:00:00,318.5,0.514442700156986,True,25.310756342424337,-7.429652395675015,2.5315359468532406,-2.786680096450267,False,False,0.7047671806235334,6.7199999999998,False,17.973856209150686,False,True,-2.7546275483137816,True,False,False,0.95614667175354,False,False,False,False,Other
HCA,2024-12-10 05:00:00,316.79,0.5302566368887904,True,24.330848353420325,-7.853977305660997,2.5502641650723645,-3.143058060965531,False,False,0.7047671806235334,6.7199999999998,False,63.92156862745141,True,True,-2.7546275483137816,True,False,False,0.7353130070268273,False,False,False,False,Other
HCA,2024-12-11 05:00:00,315.14,0.5135495335406488,True,23.389868192712132,-8.25784286418104,2.4856699523777563,-2.761578573852941,False,False,0.7047671806235334,6.7199999999998,False,18.103448275861584,False,True,-2.7546275483137816,True,False,False,0.6079561520130026,False,False,False,False,Other
HCA,2024-12-12 05:00:00,311.99,0.5057854418410848,True,21.667068945524406,-9.091864920721115,2.510918933825772,-2.518356506795816,False,False,0.7047671806235334,6.7199999999998,False,19.005102040816503,False,True,-2.7546275483137816,True,False,False,1.075321374556738,True,False,False,False,Other
HCA,2024-12-13 05:00:00,313.93,0.5030420794444621,True,25.315556808175113,-8.448911236921028,2.402255456433858,-1.820172009382326,False,False,0.7047671806235334,6.7199999999998,False,20.05347593582883,False,False,-2.7546275483137816,True,False,False,0.9240553390066353,False,False,False,False,Other
HCA,2024-12-16 05:00:00,309.6,0.5069767441860464,True,22.76673153502924,-9.624331609044864,2.457276836631979,-2.7943485086342146,False,True,-2.2828677953670384,23.400576368876063,False,11.688311688311837,False,False,-0.8794612365354615,True,True,False,1.2509932294096842,True,False,False,False,Other
HCA,2024-12-17 05:00:00,307.78,0.5367470270972774,True,21.774377797632276,-10.064729413569221,2.4460996751103274,-2.8441554341993247,False,True,-2.2828677953670384,23.400576368876063,False,54.92307692307682,True,True,-0.8794612365354615,True,True,False,1.1371914954166844,True,False,False,False,Other
HCA,2024-12-18 05:00:00,299.15,0.577904061507605,True,17.810158294573807,-12.476857540002122,2.5971651235813216,-5.0739353937932385,False,True,-2.2828677953670384,23.400576368876063,False,2.5688073394492963,False,False,-0.8794612365354615,True,True,False,1.0355304663849434,True,False,False,False,Other
HCA,2024-12-19 05:00:00,297.52,0.5933046517881153,True,17.174169905414406,-12.841409783939318,2.615489308606284,-4.63796916567839,False,True,-2.2828677953670384,23.400576368876063,False,10.831234256926411,False,False,-0.8794612365354615,True,True,False,1.297669947616783,True,False,False,False,Other
HCA,2024-12-20 05:00:00,303.62,0.5613595942296292,True,27.594466477971682,-10.956469927470359,2.5745492317123477,-3.2841716306182933,False,True,-2.2828677953670384,23.400576368876063,False,28.217522658610594,False,False,-0.8794612365354615,True,True,False,1.9505686783332956,True,False,False,False,Other
HCA,2024-12-23 05:00:00,303.52,0.5719886663152347,True,27.533312095029473,-10.888388057412449,2.5074601557258034,-1.9638242894057023,False,True,-1.820172009382326,26.344086021505465,False,67.95131845841706,True,True,-2.4008990096372473,True,True,False,0.6402483831129916,False,False,False,False,Other
HCA,2024-12-24 05:00:00,304.62,0.5561026853128488,True,29.38712894446719,-10.47131445128714,2.3888863839858194,-1.026707388394299,False,True,-1.820172009382326,26.344086021505465,False,22.789115646259063,False,True,-2.4008990096372473,True,True,False,0.24249407859039673,False,False,False,False,Other
HCA,2024-12-26 05:00:00,302.76,0.5631523318800371,True,28.079102346755718,-10.92031428196793,2.31846380295729,1.2067524653184059,False,True,-1.820172009382326,26.344086021505465,False,26.158038147138296,False,True,-2.4008990096372473,True,True,False,0.5087162747888752,False,False,False,False,Other
HCA,2024-12-27 05:00:00,302.52,0.5432368107893695,True,27.9064995764113,-10.893479287557623,2.2713457700042357,1.6805592901317556,False,True,-1.820172009382326,26.344086021505465,False,13.54657392992209,False,False,-2.4008990096372473,True,True,False,0.9319228301891406,False,False,False,False,Other
HCA,2024-12-30 05:00:00,298.42,0.5762683466255611,True,25.07121167782528,-11.995158264530557,2.2880402956623587,-1.7126671497266321,False,True,-3.2841716306182933,34.13261561047234,True,26.89545091779738,False,False,0.4827698118930357,False,False,True,0.672390943948088,False,False,False,True,Other
FDX,2022-02-11 05:00:00,232.21,-0.08414796951035708,False,28.803398035690666,-10.310598596411024,2.496304024671515,-4.874851501372335,False,False,-0.05308072353109594,23.766580110885045,False,10.571736785329202,False,False,-0.6450762198678572,True,True,True,1.9966267527799302,True,False,False,True,Industrial
FDX,2022-02-14 05:00:00,228.46,-0.06749540400945464,False,25.95851108742288,-11.655641094054147,2.5201872939297414,-6.26512944651868,False,False,-0.273715172808231,19.55581380334428,False,28.380952380952557,False,False,1.7435186805033975,False,False,True,1.0458595655870049,True,False,False,True,Industrial
FDX,2022-02-15 05:00:00,230.4,-0.08129340277777786,False,29.82029501445839,-10.808669364164004,2.497490655761859,-5.519560403510216,False,False,-0.273715172808231,19.55581380334428,False,9.375000000000364,False,False,1.7435186805033975,False,False,True,1.07481311330458,True,False,False,True,Industrial
FDX,2022-02-16 05:00:00,229.01,-0.08169948910527913,False,28.666610849296756,-11.24655405007011,2.51969159554415,-6.235669832951207,False,False,-0.273715172808231,19.55581380334428,False,76.7169179229483,True,True,1.7435186805033975,False,False,True,0.9805423848711878,False,False,False,True,Industrial
FDX,2022-02-17 05:00:00,224.37,-0.08343361411953465,False,25.16647253496894,-12.931784956252923,2.544409884133464,-6.67193544361715,False,False,-0.273715172808231,19.55581380334428,False,7.19041278295634,False,True,1.7435186805033975,False,False,True,0.5710521035517129,False,False,False,True,Industrial
FDX,2022-02-18 05:00:00,222.23,-0.08729694460693871,False,23.72753495881711,-13.643971812289,2.5225024891005225,-4.2978338572843615,False,False,-0.273715172808231,19.55581380334428,False,33.411488862836755,True,True,1.7435186805033975,False,False,True,0.6868924622747192,False,False,False,True,Industrial
FDX,2022-02-22 05:00:00,217.79,-0.057899811745259155,False,21.039642750032776,-15.23968226543534,2.5835091687229896,-4.670401820887693,False,True,-4.874851501372335,5.6419113413933095,False,27.410833474345107,False,False,2.651915556518003,False,False,True,1.0583720647878216,True,False,False,True,Industrial
FDX,2022-02-23 05:00:00,214.84,-0.05380748463973195,False,19.462128498618767,-16.2512113670085,2.6077918464672507,-6.753472222222223,False,True,-4.874851501372335,5.6419113413933095,False,1.7013232514178362,False,False,2.651915556518003,False,False,True,0.941442409085545,False,False,False,True,Industrial
FDX,2022-02-24 05:00:00,215.92,-0.0549277510188958,False,21.77456253744096,-15.69741768713967,2.74883356396394,-5.715907602288106,False,True,-4.874851501372335,5.6419113413933095,False,16.474991228412247,False,False,2.651915556518003,False,False,True,1.22896635507106,True,False,False,True,Industrial
FDX,2022-03-01 05:00:00,214.91,-0.03713182262342374,False,28.18706030162321,-15.733493734523687,2.9377137742435098,-1.3223747646815665,False,True,-4.2978338572843615,10.662177328843883,False,24.382384532760575,False,False,0.19883972146683693,False,False,False,0.8699016426761175,False,False,False,False,Industrial
FDX,2022-03-07 05:00:00,201.09,0.04202098562832557,True,25.042731354958498,-20.651355264259543,3.5351718163014323,-9.528951275475773,True,False,-0.6794762183323533,84.75703481429314,True,3.5349567949726346,False,False,1.8095057855974428,False,False,False,1.4390981203301552,True,False,False,False,Industrial
FDX,2022-03-08 05:00:00,203.99,0.018824452179028395,True,28.93656662102543,-19.350495874315524,3.5980545639564667,-5.081196780047459,False,False,-0.6794762183323533,84.75703481429314,True,34.332688588007834,True,False,1.8095057855974428,False,False,False,1.1819979989021472,True,False,False,False,Industrial
FDX,2022-09-06 04:00:00,204.17,0.25464074055933805,True,29.82495454015457,-11.311313271420927,2.918305925038917,-5.795229086882292,False,True,-5.855953048806795,1.230228471001638,False,40.26258205689229,True,True,-1.2653075112800116,True,True,True,1.499360175447522,True,False,False,False,Industrial
FDX,2022-09-07 04:00:00,201.62,0.2563733756571769,True,28.200694334614163,-12.310639175763036,3.002039469333238,-5.5555555555555465,False,True,-5.855953048806795,1.230228471001638,False,82.3744292237443,True,True,-1.2653075112800116,True,True,True,1.899155863039414,True,False,False,False,Industrial
FDX,2022-09-16 04:00:00,161.02,0.5525400571357595,True,18.828372108978495,-29.34859664163992,5.673992430497642,-22.982733055914284,True,True,-4.327099376604327,14.560279557367494,False,63.01169590643275,True,True,-1.9242163153268321,True,True,True,10.111293382004623,True,True,True,False,Industrial
FDX,2022-09-19 04:00:00,162.9,0.5378759975445058,True,20.662644305308902,-28.32026141363484,5.464413485514117,-23.82154882154882,True,False,0.16768876964354806,63.88012618296545,True,8.547008547008556,False,True,-1.5291915393484512,True,True,True,2.4862706753675994,True,True,False,True,Industrial
FDX,2022-09-20 04:00:00,157.4,0.6635959339263025,True,19.28934107000553,-30.52789016841319,5.516876219946108,-23.346644589461384,True,False,0.16768876964354806,63.88012618296545,True,8.454106280193127,False,True,-1.5291915393484512,True,True,True,1.3545259657094064,True,False,False,True,Industrial
FDX,2022-09-21 04:00:00,153.25,0.7036867862969003,True,18.300959812243967,-32.14109195807847,5.536062512819263,-25.24754890005365,True,False,0.16768876964354806,63.88012618296545,True,0.0,False,False,-1.5291915393484512,True,True,True,1.3107835742293648,True,False,False,True,Industrial
FDX,2022-09-22 04:00:00,154.54,0.724019671282516,True,19.678690045904673,-31.354245919493057,5.5747104499825175,-24.56679845755846,True,False,0.16768876964354806,63.88012618296545,True,22.09302325581398,False,False,-1.5291915393484512,True,True,True,2.208757834494981,True,True,False,True,Industrial
FDX,2022-09-23 04:00:00,149.33,0.7504185361280384,True,18.33395682171639,-33.44553304106729,5.734521236869386,-7.259967705875048,True,False,0.16768876964354806,63.88012618296545,True,42.60934543777945,True,False,-1.5291915393484512,True,True,True,1.4538548674820053,True,False,False,True,Industrial
FDX,2022-09-26 04:00:00,142.9,0.8384184744576624,True,16.80744690249153,-36.0803558054665,5.986288479417261,-12.277470841006755,True,True,-22.982733055914284,9.896432681242823,False,5.90187248163093,False,False,20.20590022206985,False,False,True,1.1050064136459254,True,False,False,True,Industrial
FDX,2022-09-27 04:00:00,144.95,0.83815108658158,True,19.11958810156961,-34.93573427539929,5.66096590361871,-7.909783989834828,True,True,-22.982733055914284,9.896432681242823,False,43.06263110578371,True,True,20.20590022206985,False,False,True,0.8396462417041929,False,False,False,True,Industrial
FDX,2022-09-28 04:00:00,149.99,0.7662510834055605,True,24.66326669515393,-32.45381159202518,5.383345128000874,-2.1272430668841658,True,True,-22.982733055914284,9.896432681242823,False,15.3886002229094,False,False,20.20590022206985,False,False,True,0.9022419900652001,False,False,False,True,Industrial
FDX,2022-09-29 04:00:00,152.31,0.7405948394721293,True,27.138934333475316,-31.193989760854336,5.177327801727242,-1.4429921056037243,True,True,-22.982733055914284,9.896432681242823,False,13.259668508287255,False,False,20.20590022206985,False,False,True,0.9168638754558052,False,False,False,True,Industrial
FDX,2022-09-30 04:00:00,148.47,0.7524752475247525,True,25.63722953170689,-32.70822823436455,5.1738515559920675,-0.5759057121810796,True,True,-22.982733055914284,9.896432681242823,False,2.584493041749412,False,False,20.20590022206985,False,False,True,0.6309022199080514,False,False,False,True,Industrial
FDX,2022-10-03 04:00:00,151.46,0.7169549716096659,True,28.93464997423709,-31.13822760308873,4.93015724412662,5.990202939118272,True,True,-7.259967705875048,14.33155080213908,False,45.726495726495976,True,False,-0.148696498949763,True,False,False,0.4627358918062455,False,False,False,True,Industrial
MMM,2022-01-28 05:00:00,136.3712,-0.29442066946686685,False,26.609684579659174,-11.306244772180873,2.5257743119122655,-5.531456217329089,False,True,-0.6724050727137221,47.15462965213852,True,31.205766710353743,True,False,-1.6523452592262067,True,True,True,2.120760552340319,True,True,False,True,Industrial
MMM,2022-02-04 05:00:00,134.3896,-0.27269297624220923,False,29.107952934756895,-12.155357961747013,2.4854859313908833,-1.4530927351229517,False,True,-3.4072006220215556,1.0837339166978317,False,13.576141870296004,False,False,2.286639758199427,False,False,True,1.2398739003161685,True,False,False,True,Industrial
MMM,2022-02-14 05:00:00,132.1154,-0.2735267803753385,False,29.45604712708844,-13.02617888748545,2.3594526580222315,-1.9606329888874452,False,True,-1.4530927351229517,6.884517351807146,False,62.64702555982805,True,True,2.154265213961226,False,False,False,1.3121214473747616,True,False,False,True,Industrial
MMM,2022-02-15 05:00:00,131.5552,-0.2881657281506167,False,28.64596023136547,-13.279384033845018,2.3287239403490556,-3.1217068757672273,False,True,-1.4530927351229517,6.884517351807146,False,38.51745414588867,True,True,2.154265213961226,False,False,False,0.9324226492606398,False,False,False,True,Industrial
MMM,2022-02-16 05:00:00,130.1254,-0.27398340370135277,False,26.63274613807718,-14.10034411917193,2.3646830937839876,-4.894874900144486,False,True,-1.4530927351229517,6.884517351807146,False,39.07455803228325,True,True,2.154265213961226,False,False,False,1.2070324010439524,True,False,False,True,Industrial
MMM,2022-02-17 05:00:00,124.2809,-0.2650021041044923,False,20.340065646589895,-17.811609326814832,2.6426939381872767,-6.948837954536435,False,True,-1.4530927351229517,6.884517351807146,False,5.39341116264201,False,True,2.154265213961226,False,False,False,1.6028731715512339,True,False,False,True,Industrial
MMM,2022-02-18 05:00:00,123.4281,-0.2620238017112797,False,19.61191013945494,-18.2260590483598,2.590399334749756,-7.4714418724596054,False,True,-1.4530927351229517,6.884517351807146,False,15.383497966298732,False,False,2.154265213961226,False,False,False,1.2706316021022293,True,False,False,True,Industrial
MMM,2022-02-22 05:00:00,122.7007,-0.2578534596787142,False,18.987527258890104,-18.556371665547317,2.5476422859402374,-7.126118529709635,False,True,-0.7403846726234842,13.55252781915336,False,33.083219645292985,True,False,-1.7120793752585461,True,False,False,1.1445838241598112,True,False,False,False,Industrial
MMM,2022-02-23 05:00:00,120.7191,-0.2533592447259796,False,17.365542299242936,-19.712925322151953,2.562813408416773,-8.23692259979082,False,True,-0.7403846726234842,13.55252781915336,False,7.815069517117401,False,False,-1.7120793752585461,True,False,False,0.9915590588901136,False,False,False,False,Industrial
MMM,2022-02-24 05:00:00,120.1505,-0.24655494567230263,False,16.918933835092457,-19.931019171596333,2.621656568646387,-7.665605638868367,False,True,-0.7403846726234842,13.55252781915336,False,56.86619210928292,True,True,-1.7120793752585461,True,False,False,1.5405402729459605,True,False,False,False,Industrial
MMM,2022-03-01 05:00:00,121.0284,-0.24076001996225682,False,28.93713461760479,-18.925158919654294,2.8391532855757053,-1.3629099100494035,False,True,-7.4714418724596054,3.076669797890803,False,12.318573638842077,False,True,5.355081899764502,False,False,False,0.8342000705136992,False,False,False,True,Industrial
MMM,2022-06-14 04:00:00,113.0853,-0.23245815327014208,False,29.78081273299961,-16.66813730842848,2.6736959671357203,-7.911743389711812,False,True,-2.3677608864684174,27.52805214002559,False,21.521133583626167,False,False,-2.1985229650159033,True,False,False,0.9994526687349437,False,False,False,False,Industrial
MMM,2022-06-15 04:00:00,112.3161,-0.2217678498452137,False,28.699398429892057,-17.09277672355691,2.692206725470302,-7.6261261335355375,False,True,-2.3677608864684174,27.52805214002559,False,35.084415369874996,True,True,-2.1985229650159033,True,False,False,1.1960944795469237,True,False,False,False,Industrial
MMM,2022-06-16 04:00:00,109.4816,-0.21872625171718352,False,25.084596158772424,-19.03052267325712,2.7828329648750745,-9.182940445518028,False,True,-2.3677608864684174,27.52805214002559,False,27.475487555220603,False,True,-2.1985229650159033,True,False,False,1.3443112746856747,True,False,False,False,Industrial
MMM,2022-06-17 04:00:00,108.5619,-0.2185002289016681,False,24.027126311035346,-19.552928661417415,2.7797946687258412,-5.673808779063705,False,True,-2.3677608864684174,27.52805214002559,False,35.443948224963826,True,True,-2.1985229650159033,True,False,False,2.397673488773532,True,True,False,False,Industrial
MMM,2022-06-21 04:00:00,108.704,-0.2275206064174271,False,24.55632201125702,-19.29145092116655,2.677124038678904,-4.663761371738895,False,True,-5.699783282875259,0.7210444069840218,False,40.95723553554821,True,True,2.059228471984542,False,False,False,1.2546398393065263,True,False,False,True,Industrial
MMM,2022-06-22 04:00:00,109.0301,-0.22760778904174173,False,25.833082361736885,-18.8956043589607,2.6644301432796804,-3.5859656383278815,False,True,-5.699783282875259,0.7210444069840218,False,17.082364545902777,False,True,2.059228471984542,False,False,False,0.9718982156571037,False,False,False,True,Industrial
MMM,2022-06-23 04:00:00,108.8211,-0.22850623638246625,False,25.534819284771775,-18.89733294031536,2.619909521579371,-3.111753346136492,False,True,-5.699783282875259,0.7210444069840218,False,64.20327624720775,True,True,2.059228471984542,False,False,False,0.7585024202211262,False,False,False,True,Industrial
MMM,2022-07-01 04:00:00,107.4331,-0.23239113457584304,False,29.743750847283952,-19.06077944234643,2.567818637304948,-4.347551241540626,False,True,-5.673808779063705,11.630795216035903,False,58.385023957211224,True,True,1.7901310022541805,False,False,False,1.1775398182850083,True,False,False,True,Industrial
MMM,2022-08-26 04:00:00,107.9766,-0.1825154709446306,False,28.978817912422954,-15.412795571188177,2.827614041161368,-11.060609679855881,False,False,3.27660696537595,16.437682855470918,False,3.0005383181070395,False,True,-2.3872668978495715,True,True,True,4.06490268245335,True,True,True,False,Industrial
MMM,2022-08-29 04:00:00,105.7191,-0.17391653920625494,False,26.656196463737476,-17.039458538618064,2.900334102081595,-10.69988672675809,False,True,-4.624286084640694,22.385007601135598,False,33.240460738677044,True,False,1.4665716648510463,False,False,True,4.243114369828579,True,True,True,True,Industrial
MMM,2022-08-30 04:00:00,104.398,-0.14568286748788295,False,25.374492441596356,-17.92854464474607,2.9966838736838604,-11.915362879376579,False,True,-4.624286084640694,22.385007601135598,False,38.8522092432707,True,True,1.4665716648510463,False,False,True,2.5807445925047845,True,True,False,True,Industrial
MMM,2022-08-31 04:00:00,103.9716,-0.13992763408469222,False,24.957378487727844,-18.114945977573253,2.957759233965964,-11.833482578964515,False,True,-4.624286084640694,22.385007601135598,False,25.96726814939128,False,True,1.4665716648510463,False,False,True,2.108764632873413,True,True,False,True,Industrial
MMM,2022-09-01 04:00:00,105.0418,-0.1494862045395261,False,28.149782696518713,-17.129664858635554,2.873161296341622,-11.999128719175312,False,True,-4.624286084640694,22.385007601135598,False,23.163171085608546,False,True,1.4665716648510463,False,False,True,1.8794133412493106,True,False,False,True,Industrial
MMM,2022-09-02 04:00:00,101.714,-0.12560611125312138,False,24.639665341627225,-19.597010526461343,3.061719587242342,-5.799960361782097,False,True,-4.624286084640694,22.385007601135598,False,9.577271165081749,False,False,1.4665716648510463,False,False,True,0.6958458699684791,False,False,False,True,Industrial
MMM,2022-09-06 04:00:00,97.4916,-0.09133709981167615,False,21.052600847328932,-22.758467631937208,3.3134991697877982,-7.782415854845526,True,True,-11.060609679855881,3.0005383181070395,False,11.231962560124808,False,False,8.379993393360197,False,False,False,1.735572876531797,True,False,False,True,Industrial
MMM,2022-09-07 04:00:00,100.7943,-0.11870611731020508,False,29.67642262246358,-19.981404608938057,3.2855942134459517,-3.4518860514569094,False,True,-11.060609679855881,3.0005383181070395,False,11.866230228672128,False,False,8.379993393360197,False,False,False,1.9330619010957186,True,False,False,True,Industrial
MMM,2022-09-08 04:00:00,99.7241,-0.09541424790998365,False,28.58672294685801,-20.666577775022468,3.286667340025673,-4.085250202940028,True,True,-11.060609679855881,3.0005383181070395,False,46.76671214188229,True,False,8.379993393360197,False,False,False,1.2499157270455301,True,False,False,True,Industrial
MMM,2022-09-21 04:00:00,95.995,-0.1547778530131778,False,28.93819198822965,-22.211273216964084,3.0881013015493406,-2.314255127751108,True,False,1.1919696403641655,73.64888095744837,True,0.31103047358125124,False,False,-0.7957886153153626,True,True,False,0.17265385655550583,False,False,False,True,Industrial
MMM,2022-09-22 04:00:00,95.4348,-0.16952830623629955,False,28.210460218019932,-22.49042329795447,2.9857405248317455,-1.9583711299749007,True,False,1.1919696403641655,73.64888095744837,True,43.828436438800836,True,False,-0.7957886153153626,True,True,False,0.1746563454415037,False,False,False,True,Industrial
MMM,2022-09-23 04:00:00,94.4732,-0.16912944623448767,False,26.95728409775067,-23.093326691000538,2.961895276657269,-3.1044102564102505,True,False,1.1919696403641655,73.64888095744837,True,53.721682847896666,True,True,-0.7957886153153626,True,True,False,0.19516310530769135,False,False,False,True,Industrial
MMM,2022-09-26 04:00:00,94.4816,-0.17292044165213127,False,26.98779583345416,-22.90939892307823,2.8499626405406433,-3.120735072304459,True,True,-5.272116774705038,20.14494569355164,False,33.54023162516091,True,True,3.7262452421849,False,False,False,0.20988550568057066,False,False,False,False,Industrial
MMM,2022-09-27 04:00:00,93.9883,-0.1703584382311415,False,26.293172287313133,-23.133599710786488,2.832485831321986,-3.5272369327285613,True,True,-5.272116774705038,20.14494569355164,False,36.53294496667971,True,True,3.7262452421849,False,False,False,0.2243828691490836,False,False,False,False,Industrial
MMM,2022-09-29 04:00:00,93.8963,-0.19661584109278007,False,29.526542662618198,-22.864637461457875,2.7509951024643624,-1.6120953782058578,True,True,-5.272116774705038,20.14494569355164,False,38.88778154275397,True,True,3.7262452421849,False,False,False,0.19566032453172785,False,False,False,False,Industrial
MMM,2022-09-30 04:00:00,92.3913,-0.19647087983392386,False,27.27491001068584,-23.918536197158247,2.7745171110837576,-2.2036937459512407,True,True,-5.272116774705038,20.14494569355164,False,3.986653377822025,False,False,3.7262452421849,False,False,False,0.2967090080098301,False,False,False,False,Industrial
MMM,2022-10-07 04:00:00,89.8997,-0.15699384981262443,False,29.97135754799067,-25.14733716415305,3.016696677372146,-2.6967907151430937,True,True,-3.1044102564102505,21.371396585502563,False,11.836495590197373,False,False,-1.7304958666300996,True,False,False,0.9035891034826636,False,False,False,False,Industrial
MMM,2023-03-14 04:00:00,85.9365,0.003307093027991481,True,29.243647766501493,-18.956897455548244,2.6900796066631902,-4.024565529857571,False,False,3.209672730984381,31.693937610358923,True,37.10697762250971,True,True,-2.277869965315449,True,True,True,1.3419747763247654,True,False,False,True,Industrial
MMM,2023-03-15 04:00:00,85.9365,0.021598505873522855,True,29.243647766501496,-18.803740324359676,2.67514663196841,-4.0873360885816385,False,False,3.209672730984381,31.693937610358923,True,41.175367009052074,True,True,-2.277869965315449,True,True,True,1.3301841438060753,True,False,False,True,Industrial
MMM,2023-05-31 04:00:00,78.0184,0.28354336925648305,True,28.745496946297294,-19.89383170790076,2.3130799693867115,-7.3385963682920945,False,True,-1.2366736722576155,36.3959090524892,True,4.649545707398671,False,True,-3.8437804908242,True,True,True,1.9844360015637235,True,False,False,True,Industrial
MMM,2023-09-25 04:00:00,79.2559,0.7235309926453426,True,29.32177125663281,-12.946265500047918,2.3987649704143004,-6.185607280165151,False,True,-4.875750596086437,6.633580517644365,False,32.76933043710211,True,False,3.0222346273827805,False,False,True,1.0550406886164871,True,False,False,True,Industrial
MMM,2023-09-26 04:00:00,78.495,0.7764188801834511,True,27.835314556638636,-13.663631929936845,2.3623812217725995,-6.335355107076834,False,True,-4.875750596086437,6.633580517644365,False,17.45063413067907,False,True,3.0222346273827805,False,False,True,0.868596526836056,False,False,False,True,Industrial
MMM,2023-09-27 04:00:00,78.1438,0.7570171913830657,True,27.151147963448217,-13.929588978547311,2.3011756001111534,-5.586485532986341,False,True,-4.875750596086437,6.633580517644365,False,28.953771289537293,False,True,3.0222346273827805,False,False,True,0.7875143122672572,False,False,False,True,Industrial
MMM,2023-09-28 04:00:00,77.9766,0.7530900295729741,True,26.813253024684048,-13.992964862766996,2.250907759671818,-4.338918509104028,False,True,-4.875750596086437,6.633580517644365,False,44.755771160923416,True,True,3.0222346273827805,False,False,True,1.0374395520828155,True,False,False,True,Industrial
MMM,2023-09-29 04:00:00,78.2776,0.7509479084693449,True,28.537450101596352,-13.54344591459508,2.1644905367625062,-3.524281740412216,False,True,-4.875750596086437,6.633580517644365,False,27.277120077314287,False,True,3.0222346273827805,False,False,True,0.8089512322900608,False,False,False,True,Industrial
MMM,2023-10-02 04:00:00,75.4348,0.7953252345071506,True,23.02116962449128,-16.544742141305306,2.426858897377272,-4.821218357245327,False,True,-3.9778315066693604,8.301929369288183,False,25.852813264473866,False,True,-0.83458922958346,True,False,True,2.057709618422557,True,True,False,False,Industrial
MMM,2023-10-03 04:00:00,74.2391,0.815485370916404,True,21.167778562425028,-17.721291934075996,2.455930521569953,-5.42187400471369,False,True,-3.9778315066693604,8.301929369288183,False,35.57118927973139,True,True,-0.83458922958346,True,False,True,1.3380327067497964,True,False,False,False,Industrial
MMM,2023-10-04 04:00:00,73.5953,0.8380249825736157,True,20.22368840225297,-18.28492050250781,2.426240855239486,-5.820679311730426,False,True,-3.9778315066693604,8.301929369288183,False,45.80246913580186,True,True,-0.83458922958346,True,False,True,1.549370834623714,True,False,False,False,Industrial
MMM,2023-10-05 04:00:00,73.4365,0.8362803238171754,True,19.986896007632197,-18.311183523003788,2.395255966502532,-5.822387741963631,False,True,-3.9778315066693604,8.301929369288183,False,75.74127804118525,True,True,-0.83458922958346,True,False,True,1.1285211108992446,True,False,False,False,Industrial
MMM,2023-10-06 04:00:00,73.913,0.8222775425162014,True,22.903899095551534,-17.63541256968041,2.4425335889035775,-5.575796907416697,False,True,-3.9778315066693604,8.301929369288183,False,37.151162790697526,True,True,-0.83458922958346,True,False,True,1.015309673769695,True,False,False,False,Industrial
MMM,2023-10-09 04:00:00,74.4565,0.8132735221236558,True,26.208386520836815,-16.888933981528204,2.3420720315468877,-1.2968815453875293,False,True,-3.524281740412216,26.94848436417893,False,10.540254237288757,False,True,-1.5858011867181832,True,True,True,0.5404056091795502,False,False,False,True,Industrial
MMM,2023-10-13 04:00:00,74.1472,0.8305478831297741,True,29.41123083033907,-16.7015644689338,2.241939732011714,0.31685900991706983,False,True,-3.524281740412216,26.94848436417893,False,26.41793290206059,False,True,-1.5858011867181832,True,True,True,0.6111051744679294,False,False,False,True,Industrial
MMM,2023-10-20 04:00:00,72.3662,0.8203249583369028,True,29.042083578425906,-18.027129957709555,2.198544227440723,-2.401978766561641,False,True,-5.575796907416697,31.84477809671009,True,17.206790123457658,False,False,1.747853690511536,False,False,True,0.6951888256736702,False,False,False,True,Industrial
MMM,2023-10-23 04:00:00,71.5719,0.7871538969902991,True,27.182877726979882,-18.773903152732498,2.188073198852854,-4.825486996796569,False,False,0.31685900991706983,3.915781188508708,False,17.171391752577286,False,False,-3.5001789336174927,True,False,True,0.9584064815371006,False,False,False,False,Industrial
MMM,2024-01-23 05:00:00,80.3512,0.8597108692838438,True,27.78089650454632,-7.31098748832528,2.9282316186184723,-10.72088888888888,False,True,-0.43284655534543415,30.845327386985783,True,29.481909351855286,False,True,-3.0083216399571566,True,True,True,6.918957271341007,True,True,True,True,Industrial
MMM,2024-01-24 05:00:00,77.9599,0.9435632934367539,True,24.513396706775755,-9.979273094051266,3.1326544778984147,-12.104081708583392,False,True,-0.43284655534543415,30.845327386985783,True,11.835058412187582,False,False,-3.0083216399571566,True,True,True,2.184868549299993,True,True,False,True,Industrial
NSC,2022-05-19 04:00:00,228.03,-0.042932947419199174,False,29.49820116929287,-14.870140299740303,3.5562470847215826,-7.327481102170208,False,True,-0.8298433379866577,38.113695090439336,True,33.29459616502037,True,False,-0.2294705330170621,True,False,False,1.2050896227847618,True,False,False,True,Industrial
NSC,2022-09-22 04:00:00,224.71,-0.09714743447109608,False,29.471190603922853,-10.931739446948972,2.6970672287043356,-5.9239722012894624,False,False,4.426147287469706,3.37315530569213,False,28.906250000000327,False,False,0.02281428974666433,False,False,True,0.6538871975125031,False,False,False,False,Industrial
NSC,2022-09-23 04:00:00,217.65,-0.08904203997243276,False,25.145966945629112,-13.612088874973633,2.8705174429811846,-6.9792289939310965,False,False,4.426147287469706,3.37315530569213,False,26.535626535626655,False,False,0.02281428974666433,False,False,True,0.993404663349567,False,False,False,False,Industrial
NSC,2022-09-26 04:00:00,214.76,-0.08632892531197611,False,23.617940938856563,-14.63379819432642,2.8664840416688113,-9.03469016053201,False,True,-6.351811086651993,22.28864218616565,False,43.094496365524186,True,True,4.647848882282601,False,False,True,1.0455288221212935,True,False,False,True,Industrial
NSC,2022-09-27 04:00:00,213.84,-0.07697343808454926,False,23.13596572383731,-14.872442573823609,2.849553560156566,-6.860054880439048,False,True,-6.351811086651993,22.28864218616565,False,41.28787878787891,True,True,4.647848882282601,False,False,True,0.8602270932169402,False,False,False,True,Industrial
NSC,2022-09-28 04:00:00,216.72,-0.09131598375784422,False,28.08362523054153,-13.607952203758497,2.8098240431862176,-4.9014875597876095,False,True,-6.351811086651993,22.28864218616565,False,5.466291204240274,False,True,4.647848882282601,False,False,True,0.843515551122925,False,False,False,True,Industrial
NSC,2022-09-29 04:00:00,214.55,-0.10743416453041255,False,26.689600031979463,-14.349643917823629,2.774839653198096,-4.521383116016198,False,True,-6.351811086651993,22.28864218616565,False,51.59059474412183,True,True,4.647848882282601,False,False,True,0.6981328993198966,False,False,False,True,Industrial
NSC,2022-09-30 04:00:00,209.65,-0.08218459336990225,False,23.81493122453387,-16.169757902835975,2.8112991103258733,-3.675626005053989,False,True,-6.351811086651993,22.28864218616565,False,1.1718750000000433,False,False,4.647848882282601,False,False,True,0.9038557302011778,False,False,False,True,Industrial
NSC,2023-03-07 05:00:00,215.18,0.1867273910214704,True,29.030051645282725,-11.505077272253834,2.810725373663385,-4.2878747442398275,False,True,-1.4814814814814836,56.294536817102326,True,12.04986149584494,False,False,-3.0950960712577635,True,False,False,1.3286043345432739,True,False,False,False,Industrial
NSC,2023-03-09 05:00:00,213.21,0.21129402936072417,True,28.66520323270285,-12.111973479345814,2.686098230209124,-6.736363238703468,False,True,-1.4814814814814836,56.294536817102326,True,21.257407884566078,False,False,-3.0950960712577635,True,False,False,0.7773853062611011,False,False,False,False,Industrial
NSC,2023-03-10 05:00:00,210.45,0.23924922784509395,True,26.793678502577478,-13.135162010366747,2.804242286127528,-7.85498489425982,False,True,-1.4814814814814836,56.294536817102326,True,9.79192166462649,False,False,-3.0950960712577635,True,False,False,0.7712931706035021,False,False,False,False,Industrial
NSC,2023-03-13 04:00:00,207.63,0.2673024129461061,True,24.997838225056185,-14.177029547519055,2.8290318143201145,-6.649581872133803,False,False,1.610535213774078,50.81967213114758,True,3.7171350861284607,False,False,-2.6036697045232593,True,True,False,0.8720616562522719,False,False,False,False,Industrial
NSC,2023-03-14 04:00:00,208.08,0.24221453287197225,True,25.85188871803275,-13.87112037255997,2.8567633269122825,-3.2995631564271766,False,False,1.610535213774078,50.81967213114758,True,40.96209912536455,True,False,-2.6036697045232593,True,True,False,0.7226476811268806,False,False,False,False,Industrial
NSC,2023-03-15 04:00:00,205.18,0.24685641875426456,True,23.95850091643821,-14.943939612790247,2.8673983365932356,-5.145393185705693,False,False,1.610535213774078,50.81967213114758,True,38.696109358570034,True,True,-2.6036697045232593,True,True,False,1.0029567814165403,True,False,False,False,Industrial
NSC,2023-03-16 04:00:00,207.44,0.23515233320478224,True,28.361885030078994,-13.887052103656758,2.8448247614210653,-2.7062520519675504,False,False,1.610535213774078,50.81967213114758,True,8.312958435207687,False,True,-2.6036697045232593,True,True,False,0.9799207159094571,False,False,False,False,Industrial
NSC,2023-03-17 04:00:00,203.9,0.2584600294261894,True,25.837974938103702,-15.227050044710907,2.8738512683456237,-3.1123782371109465,False,False,1.610535213774078,50.81967213114758,True,22.556390977443836,False,False,-2.6036697045232593,True,True,False,1.3574415376728375,True,False,False,False,Industrial
NSC,2023-03-20 04:00:00,205.33,0.2722446792967419,True,28.602001940771412,-14.508042969056595,2.734524061268531,-1.107739729326196,False,True,-7.85498489425982,4.3907793633368986,False,21.16182572614166,False,False,2.4023204981803215,False,False,True,0.6265866381417063,False,False,False,False,Industrial
NSC,2023-03-21 04:00:00,205.39,0.25512439748770643,True,28.722039142972825,-14.359644779197907,2.7015634825396555,-1.2927720107650975,False,True,-7.85498489425982,4.3907793633368986,False,23.66737739872038,False,False,2.4023204981803215,False,False,True,1.0387434998838148,True,False,False,False,Industrial
NSC,2023-03-22 04:00:00,200.58,0.26692591484694383,True,25.08152825486724,-16.228832907258212,2.8034284887485783,-2.2419339116872994,False,True,-7.85498489425982,4.3907793633368986,False,3.9453717754175903,False,False,2.4023204981803215,False,False,True,0.9526226043341075,False,False,False,False,Industrial
NSC,2023-03-23 04:00:00,199.42,0.24375689499548692,True,24.28218658630946,-16.57456296682339,2.775925871295138,-3.8661781720015442,False,True,-7.85498489425982,4.3907793633368986,False,25.681818181818045,False,False,2.4023204981803215,False,False,True,0.9681986209558382,False,False,False,False,Industrial
NSC,2023-03-24 04:00:00,200.26,0.23449515629681428,True,26.118389992368595,-16.08770209018059,2.720740460365023,-1.7851888180480668,False,True,-7.85498489425982,4.3907793633368986,False,26.88296639629194,False,False,2.4023204981803215,False,False,True,0.8241784557639572,False,False,False,False,Industrial
NSC,2023-08-15 04:00:00,208.85,0.15465645199904254,True,21.755342903635533,-7.916235148424473,1.8950205886588047,-4.886601694143378,False,True,-5.0790163103186075,10.203298810893628,False,5.853658536585147,False,True,1.7115627833548253,False,False,True,1.098922760434251,True,False,False,False,Industrial
NSC,2023-08-16 04:00:00,207.64,0.15796570988248892,True,20.8525004897863,-8.372697124437854,1.886185447766081,-4.752293577981659,False,True,-5.0790163103186075,10.203298810893628,False,18.935471463652412,False,True,1.7115627833548253,False,False,True,0.7493466614351012,False,False,False,False,Industrial
NSC,2023-08-17 04:00:00,208.49,0.15674612691256162,True,23.261719722007488,-7.924337278763309,1.85908817239057,-4.138121292933006,False,True,-5.0790163103186075,10.203298810893628,False,0.8370895041857781,False,False,1.7115627833548253,False,False,True,0.729409508123067,False,False,False,False,Industrial
NSC,2023-08-22 04:00:00,208.72,0.13597163664239176,True,28.971944865873418,-7.628192662726298,1.8765924162362422,-0.06224563083552237,False,True,-3.8862179487179405,10.380029167024164,False,27.89473684210524,False,False,0.45857316895714373,False,False,True,0.6450717878946473,False,False,False,False,Industrial
NSC,2023-09-05 04:00:00,201.09,0.25694962454622305,True,29.255780852353755,-10.384680814345417,1.9513782703773872,-4.786931818181817,False,True,-0.6883220970251291,61.89322900494732,True,6.100217864923767,False,False,-3.9638377822981408,True,True,True,1.4556829430831661,True,False,False,False,Industrial
NSC,2023-09-06 04:00:00,198.42,0.2600040318516279,True,26.912939480828786,-11.472603694942418,1.9832514482527885,-4.481779232657779,False,True,-0.6883220970251291,61.89322900494732,True,17.15686274509771,False,False,-3.9638377822981408,True,True,True,1.2371309513416398,True,False,False,False,Industrial
NSC,2023-09-07 04:00:00,196.19,0.3089861868596768,True,25.104666738141063,-12.358820783228971,2.00669823739019,-6.321921405720287,False,True,-0.6883220970251291,61.89322900494732,True,13.383838383838388,False,False,-3.9638377822981408,True,True,True,1.1442561856853863,True,False,False,False,Industrial
NSC,2023-09-08 04:00:00,195.64,0.3155285217746884,True,24.664499596264296,-12.494767130439913,1.9872592712257782,-4.5705087556704544,False,True,-0.6883220970251291,61.89322900494732,True,31.999999999999755,True,False,-3.9638377822981408,True,True,True,0.9788807011021619,False,False,False,False,Industrial
NSC,2023-09-11 04:00:00,195.97,0.2949431035362555,True,25.508429207119008,-12.239345353833286,1.9253079005146365,-5.0440934199050265,False,True,-2.027059102777118,16.324435318275174,False,24.561403508772017,False,False,-0.4688097616337261,True,True,True,0.9471636580506135,False,False,False,True,Industrial
NSC,2024-06-27 04:00:00,209.9,0.2500238208670795,True,28.773694382241512,-9.117031041094917,2.3644531247695295,-6.503340757238307,False,True,-1.861025572365771,24.501952070120232,False,24.10714285714304,False,True,1.58543391451198,False,False,True,1.7242304286427406,True,False,False,False,Industrial
ABNB,2022-01-27 05:00:00,138.41,-0.20901668954555297,False,29.704574252147076,-17.67823484061234,6.671843932361863,-12.398734177215188,False,False,-1.240590183679613,38.51231774761183,True,6.423786363219344,False,True,0.6372944906462008,False,False,False,0.8292019249588731,False,False,False,True,Consumer
ABNB,2022-05-09 04:00:00,119.37,-0.05177180196029163,False,29.41490821032962,-26.951516871157416,8.254416611154708,-21.86804555570101,True,True,-1.8450893715164285,21.64062500000006,False,4.136346227499093,False,False,-2.520447673209125,True,True,True,2.0701035464979483,True,True,False,True,Consumer
ABNB,2022-05-10 04:00:00,116.13,-0.04245242400757765,False,28.320846579927217,-28.729044082264778,8.48943071272096,-19.91034482758621,True,True,-1.8450893715164285,21.64062500000006,False,26.183282980866025,False,False,-2.520447673209125,True,True,True,1.8284188989031638,True,False,False,True,Consumer
ABNB,2022-05-11 04:00:00,116.15,-0.09362892811020229,False,28.338565182131426,-28.51250207873523,8.582939949995513,-25.630682545780516,True,True,-1.8450893715164285,21.64062500000006,False,18.969403057063438,False,False,-2.520447673209125,True,True,True,1.7213170426012347,True,False,False,True,Consumer
ABNB,2022-05-12 04:00:00,115.94,-0.08763153355183717,False,28.25957444063311,-28.43780503816971,8.555416704142367,-18.974072262212594,True,True,-1.8450893715164285,21.64062500000006,False,26.321467098166114,False,False,-2.520447673209125,True,True,True,1.151169708322605,True,False,False,True,Consumer
ABNB,2022-05-18 04:00:00,108.03,-0.006016847172081841,False,29.29928412232595,-32.557794842629704,8.688656485308439,-6.990959965561783,True,True,-11.337380066575287,10.894941634241283,False,4.3524416135880735,False,False,2.3780436940324723,False,False,True,1.0904852787874812,True,False,False,True,Consumer
ABNB,2022-06-16 04:00:00,93.26,0.35588676817499465,True,29.940006339800078,-38.46339196197425,7.732496917465327,-19.408918078119598,True,True,-0.5560165975103781,63.1609529343405,True,21.6266173752311,False,True,-3.9844829171741925,True,True,True,1.4610837399978853,True,False,False,False,Consumer
ABNB,2023-10-20 04:00:00,116.49,0.1639625718945834,True,29.08354799101246,-7.867141293095598,3.8688310558763623,-6.117021276595747,False,True,-7.907586910575038,28.72014696876913,False,10.677083333333236,False,False,3.328585292284969,False,False,False,1.3024106256396,True,False,False,False,Consumer
ABNB,2024-08-01 04:00:00,135.09,-0.03797468354430378,False,28.789307053982405,-7.22366986017235,2.7490799208780796,-3.5278154681139706,False,False,0.824362992233274,16.400580551523912,False,31.831395348837198,True,True,-1.3785544227172375,True,False,True,1.321217130499832,True,False,False,True,Consumer
ABNB,2024-08-02 04:00:00,128.23,0.017702565702253814,True,22.43521326346735,-11.830234485417082,3.1677742475286923,-8.472519628836551,False,False,0.824362992233274,16.400580551523912,False,55.806451612903,True,True,-1.3785544227172375,True,False,True,1.8863185058144283,True,False,False,True,Consumer
ABNB,2024-08-05 04:00:00,125.31,-0.04213550395020349,False,20.37391723722675,-13.719198195441045,3.3617474337288398,-10.677881531114119,False,True,-5.331441313602281,18.434528163862357,False,43.95886889460138,True,True,4.453583487572699,False,False,True,1.7408471677026194,True,False,False,True,Consumer
ABNB,2024-08-07 04:00:00,113.01,0.04681001681267127,True,20.89338595300763,-21.93770102565326,4.8442993344265535,-19.024075666380046,True,True,-5.331441313602281,18.434528163862357,False,39.84526112185689,True,True,4.453583487572699,False,False,True,4.878533423277733,True,True,True,True,Consumer
ABNB,2024-08-08 04:00:00,114.64,0.06079902302861129,True,23.594458699357748,-20.647444190485032,4.684169998745192,-15.138056110740994,True,True,-5.331441313602281,18.434528163862357,False,38.902743142144644,True,True,4.453583487572699,False,False,True,1.3263807503461382,True,False,False,True,Consumer
ABNB,2024-08-09 04:00:00,115.08,0.08229058046576299,True,24.34540443303338,-20.181314626584363,4.560127260868176,-10.255010527957575,True,True,-5.331441313602281,18.434528163862357,False,50.95628415300556,True,True,4.453583487572699,False,False,True,0.7774495536419641,False,False,False,True,Consumer
ABNB,2024-08-12 04:00:00,113.62,0.09698996655518388,True,23.519377178434812,-21.027418975304357,4.429006957621411,-9.328864416247706,True,True,-8.472519628836551,10.860080728692518,False,15.695067264574345,False,True,5.794509910921031,False,False,False,0.6466203169497702,False,False,False,True,Consumer
ABNB,2024-08-13 04:00:00,116.9,0.07014542343883656,True,29.321295804911678,-18.59577177466813,4.250830390336234,-10.400858434889237,False,True,-8.472519628836551,10.860080728692518,False,9.139784946236654,False,True,5.794509910921031,False,False,False,0.7545179055473841,False,False,False,True,Consumer
ABNB,2024-08-14 04:00:00,116.24,0.0795767377838954,True,28.847079111250963,-18.901600782774857,4.126921482765936,2.8581541456508264,False,True,-8.472519628836551,10.860080728692518,False,2.3437499999995444,False,False,5.794509910921031,False,False,False,0.5660231201360815,False,False,False,True,Consumer
CSX,2022-06-14 04:00:00,29.34,0.14383094751192926,True,29.81851623091716,-13.428046638611185,3.0312859444630758,-9.8894348894349,False,False,0.1872074882995456,44.545454545454675,True,22.115384615384677,False,False,-3.5787522903391267,True,True,False,0.8109934597463258,False,False,False,False,Industrial
CSX,2022-06-16 04:00:00,29.05,0.1328743545611013,True,28.926811995191755,-14.04987724455957,3.0281200787141067,-6.801411613731156,False,False,0.1872074882995456,44.545454545454675,True,27.41935483870949,False,True,-3.5787522903391267,True,True,False,0.9376681197033441,False,False,False,False,Industrial
CSX,2022-06-17 04:00:00,28.93,0.14517801590044943,True,28.365123516900436,-14.2820590745771,2.945705268200046,-4.521452145214521,False,False,0.1872074882995456,44.545454545454675,True,49.494949494949594,True,True,-3.5787522903391267,True,True,False,1.6552792363570688,True,False,False,False,Industrial
CSX,2022-06-21 04:00:00,28.99,0.14211797171438434,True,29.10636020087128,-13.983566068506315,2.8429761354096375,-1.5953835709436648,False,True,-5.636873248209273,7.17131474103584,False,6.976744186045955,False,True,1.2916315694966096,False,False,False,0.9922628608880723,False,False,False,False,Industrial
CSX,2022-06-22 04:00:00,28.83,0.1356226153312523,True,28.266404516419815,-14.335062439271876,2.818077439551633,-1.7382413087934645,False,True,-5.636873248209273,7.17131474103584,False,36.36363636363612,True,True,1.2916315694966096,False,False,False,0.9994609051453467,False,False,False,False,Industrial
CSX,2022-06-23 04:00:00,28.71,0.15325670498084287,True,27.62256384618397,-14.566737337400115,2.78073156085375,-2.413324269204631,False,True,-5.636873248209273,7.17131474103584,False,43.90243902439029,True,True,1.2916315694966096,False,False,False,0.9903297174967662,False,False,False,False,Industrial
CSX,2022-09-16 04:00:00,29.49,0.048151915903696274,True,29.784724046666618,-9.87288829460683,2.7775299412101555,-9.623046276432746,False,True,-4.259883542752085,9.296482412060229,False,55.55555555555542,True,True,0.6241844488496184,False,False,True,2.9292593012982695,True,True,False,False,Industrial
CSX,2022-09-22 04:00:00,28.57,0.09030451522576133,True,27.492137623135278,-12.320957359177818,2.7955449092381146,-5.303281405369575,False,False,4.449423815621012,5.329153605015509,False,11.11111111111089,False,True,-0.9561313419070405,True,False,True,1.014002927830561,True,False,False,False,Industrial
CSX,2022-09-23 04:00:00,27.68,0.10621387283237005,True,23.91883194402143,-14.92487561050333,2.965765211447482,-6.137673787724651,False,False,4.449423815621012,5.329153605015509,False,18.018018018017965,False,False,-0.9561313419070405,True,False,True,1.3468986367824847,True,False,False,False,Industrial
CSX,2022-09-26 04:00:00,27.43,0.10390083849799492,True,23.01395884384202,-15.561404038549508,2.9248501476153894,-8.199464524765732,False,True,-9.623046276432746,14.676616915422871,False,35.71428571428567,True,False,8.600546789792363,False,False,True,0.9603598684200529,False,False,False,True,Industrial
CSX,2022-09-27 04:00:00,27.22,0.12307127112417349,True,22.252425310439477,-16.072501669481984,2.9582825499584655,-7.634882931795051,False,True,-9.623046276432746,14.676616915422871,False,37.92817352139381,True,True,8.600546789792363,False,False,True,1.0034642133682241,True,False,False,True,Industrial
CSX,2022-09-28 04:00:00,27.63,0.1129207383279045,True,27.309774720682693,-14.682635222570628,2.9427585521128754,-5.181880576527121,False,True,-9.623046276432746,14.676616915422871,False,6.010928961748609,False,True,8.600546789792363,False,False,True,0.9865810946909644,False,False,False,True,Industrial
CSX,2022-09-29 04:00:00,27.19,0.12320706141963944,True,25.40024051729216,-15.907065532147815,3.0000773507419307,-4.830241512075595,False,True,-9.623046276432746,14.676616915422871,False,66.12903225806481,True,True,8.600546789792363,False,False,True,0.8274761177149484,False,False,False,True,Industrial
CSX,2022-09-30 04:00:00,26.64,0.15503003003003002,True,23.21512202993395,-17.4634914483778,3.0175818885852386,-3.7572254335260125,False,True,-9.623046276432746,14.676616915422871,False,4.615384615384775,False,True,8.600546789792363,False,False,True,1.2490266308662037,True,False,False,True,Industrial
CSX,2024-12-18 05:00:00,32.08,0.13902743142144636,True,28.133173601182214,-6.244171618799716,2.1317261305810415,-4.552216602201731,False,True,-5.745554035567702,0.47393364928934206,False,3.931203931203854,False,False,2.063867369036143,False,False,False,1.413212378615313,True,False,False,True,Industrial
CSX,2024-12-19 05:00:00,31.58,0.15864471184293882,True,25.687798263213736,-7.634635621718819,2.2143650264577897,-6.2351543942992915,False,True,-5.745554035567702,0.47393364928934206,False,2.2222222222221695,False,False,2.063867369036143,False,False,False,0.9741947405028276,False,False,False,True,Industrial
CSX,2024-12-20 05:00:00,31.85,0.15478806907378329,True,29.26340224781052,-6.781448008267518,2.2114496926709597,-4.1817087845968715,False,True,-5.745554035567702,0.47393364928934206,False,3.896103896104028,False,False,2.063867369036143,False,False,False,1.7229791987978895,True,False,False,True,Industrial
FCX,2022-04-26 04:00:00,40.18,-0.0674464907914385,False,28.473175932030838,-3.5776866725899317,5.247087742147998,-20.65560821484992,False,False,0.4492546457014468,39.50177935943056,True,5.714285714285795,False,False,-2.547615136610215,True,True,False,1.1985365137362645,True,False,False,False,Materials
FCX,2022-05-06 04:00:00,37.88,-0.03220696937698009,False,29.35946327518987,-8.880374260543526,5.5733879751594,-6.584463625154113,False,True,-14.79975604797723,7.63956904995097,False,17.391304347826164,False,True,9.990218753899317,False,False,False,1.2364681286054242,True,False,False,True,Materials
FCX,2022-05-09 04:00:00,35.52,0.020270270270270174,True,25.344260525487663,-14.433367474623887,6.026904710600658,-11.597809855649565,False,False,-3.245048914340254,11.675126903553327,False,10.34482758620725,False,False,-1.1317875961246004,True,False,False,1.5880744523218548,True,False,False,True,Materials
FCX,2022-05-10 04:00:00,36.07,-0.04241752148599953,False,27.82169081104211,-12.994951115424655,5.835842051500972,-10.16189290161893,False,False,-3.245048914340254,11.675126903553327,False,65.85365853658523,True,True,-1.1317875961246004,True,False,False,1.3273729633054807,True,False,False,True,Materials
FCX,2022-05-11 04:00:00,35.91,-0.025619604566972876,False,27.535423357061013,-13.26540859042784,5.839966376992722,-13.050847457627125,False,False,-3.245048914340254,11.675126903553327,False,4.511278195488543,False,True,-1.1317875961246004,True,False,False,1.0974230625270656,True,False,False,True,Materials
FCX,2022-05-12 04:00:00,34.34,0.052125800815375545,True,24.835083463222357,-16.916466169036504,6.186603510632149,-13.370332996972746,False,False,-3.245048914340254,11.675126903553327,False,42.206235011990515,True,True,-1.1317875961246004,True,False,False,1.27598465019419,True,False,False,True,Materials
FCX,2022-05-13 04:00:00,35.04,0.0059931506849315586,True,28.21527854077731,-15.09425111359532,5.926540156589214,-7.4973600844773,False,False,-3.245048914340254,11.675126903553327,False,15.289256198347283,False,False,-1.1317875961246004,True,False,False,0.8722976900074948,False,False,False,True,Materials
FCX,2022-05-16 04:00:00,35.15,0.01906116642958744,True,28.757460801307605,-14.701860735954018,5.728830668826497,-1.041666666666674,False,True,-6.584463625154113,7.358738501971121,False,17.991631799162867,False,True,-1.2712970501411291,True,True,False,0.8191227668771218,False,False,False,True,Materials
FCX,2022-06-22 04:00:00,31.32,0.22509578544061304,True,28.072029893527887,-22.70205066661993,6.036998128106016,-14.937533948940796,True,True,-2.7098959593515493,26.82403433476397,False,13.88888888888878,False,False,0.5793601413045302,False,False,True,1.7952113214528578,True,False,False,False,Materials
FCX,2022-06-23 04:00:00,29.57,0.32803517078119726,True,25.18985577044126,-26.824316506750606,6.529359287500956,-19.86449864498645,True,True,-2.7098959593515493,26.82403433476397,False,34.999999999999964,True,False,0.5793601413045302,False,False,True,2.2066361544141926,True,True,False,False,Materials
FCX,2022-06-29 04:00:00,30.29,0.32056784417299444,True,29.935039899362177,-24.33459886921025,5.932086556274053,-3.2886334610472523,True,True,-15.89156926137777,7.933398628795314,False,22.90076335877864,False,False,4.052467540827931,False,False,True,0.7461090010754104,False,False,False,True,Materials
FCX,2022-06-30 04:00:00,29.26,0.3930280246069717,True,27.814287028648234,-26.711351375808267,6.019621431657147,-1.0483598241460945,True,True,-15.89156926137777,7.933398628795314,False,25.23364485981337,False,False,4.052467540827931,False,False,True,0.9974207218592273,False,False,False,True,Materials
FCX,2022-07-01 04:00:00,29.2,0.34178082191780823,True,27.691217374515087,-26.66562760698914,5.931368884965131,-5.776056792513707,True,True,-15.89156926137777,7.933398628795314,False,71.85185185185188,True,True,4.052467540827931,False,False,True,1.072998827424611,True,False,False,True,Materials
FCX,2022-07-05 04:00:00,27.26,0.39068231841526035,True,23.99439919716415,-31.322325774971155,6.578313669250507,-12.12121212121211,True,True,-8.367829686576,35.932203389830455,True,47.794117647059,True,True,2.199293375707123,False,False,True,1.5967842760075932,True,False,False,True,Materials
FCX,2022-07-06 04:00:00,27.38,0.4112490869247627,True,24.664362032681005,-30.80643231024632,6.441674835930801,-11.046133853151407,True,True,-8.367829686576,35.932203389830455,True,65.9420289855073,True,True,2.199293375707123,False,False,True,1.5206932068755854,True,False,False,True,Materials
FCX,2022-07-11 04:00:00,26.91,0.513192121887774,True,29.062738855389487,-31.40323081824586,6.376963355961732,-7.842465753424655,True,True,-5.776056792513707,29.22374429223742,False,28.571428571428665,False,True,-0.3567444707944678,True,False,False,0.9001871840848132,False,False,False,False,Materials
FCX,2022-07-12 04:00:00,26.3,0.5999999999999999,True,27.820272670799174,-32.737611114598515,6.35348476593181,-3.5216434336023505,True,True,-5.776056792513707,29.22374429223742,False,25.80645161290331,False,False,-0.3567444707944678,True,False,False,1.0363615302795355,True,False,False,False,Materials
FCX,2022-07-13 04:00:00,26.44,0.5537065052950074,True,28.574984686329266,-32.16099348900377,6.2939173370220605,-3.4331628926223434,True,True,-5.776056792513707,29.22374429223742,False,24.76190476190481,False,True,-0.3567444707944678,True,False,False,1.0863475129364606,True,False,False,False,Materials
FCX,2022-07-14 04:00:00,25.09,0.6125946592267837,True,25.77616600850133,-35.39577930569762,6.625705366626495,-14.134154688569467,True,True,-5.776056792513707,29.22374429223742,False,48.333333333333364,True,True,-0.3567444707944678,True,False,False,1.2543902195845726,True,False,False,False,Materials
FCX,2022-07-15 04:00:00,25.82,0.5650658404337721,True,29.78128488103511,-33.29364148596906,6.324295450460784,-7.785714285714285,True,True,-5.776056792513707,29.22374429223742,False,40.800000000000125,True,True,-0.3567444707944678,True,False,False,1.1217441186635206,True,False,False,False,Materials
FCX,2023-03-15 04:00:00,35.51,0.2562658406082794,True,29.667665902038458,-6.480954723774443,4.817998243804862,-12.407498766650226,False,False,9.626472800200547,7.98525798525788,False,39.45578231292509,True,True,1.18204601275691,False,False,True,2.0059704792264155,True,True,False,True,Materials
FCX,2023-05-04 04:00:00,35.22,0.447756956274844,True,29.520644996099737,-8.135874017324026,3.7282836576398024,-6.004803843074457,False,True,-8.109360518999075,18.666026871401122,False,29.29936305732489,False,False,1.3687817900678523,False,False,True,1.492658483438607,True,False,False,True,Materials
FCX,2023-10-05 04:00:00,35.37,0.4359626802374894,True,28.8872510235313,-9.005992546072921,2.9677869776249524,-5.250468791856422,False,True,-7.9762199653207855,1.4792899408283202,False,33.500000000000085,True,True,0.7750614211318396,False,False,True,1.398438589150084,True,False,False,True,Materials
FCX,2023-10-23 04:00:00,33.51,0.4300208892867803,True,29.770641316319846,-13.014223451809245,3.3396836883634964,-6.5271966527196685,False,True,-3.3269702754295083,5.189620758483131,False,47.25274725274703,True,True,-1.0880469584238495,True,True,True,1.0141207420857514,True,False,False,False,Materials
FCX,2024-07-24 04:00:00,44.18,-0.008827523766410161,False,27.689692349784615,-2.1805206608131256,3.4591304534200056,-8.907216494845361,False,False,-0.46583850931677384,40.27777777777772,True,3.658536585365991,False,True,-3.990278123423374,True,False,False,1.7213905927431405,True,False,False,False,Materials
FCX,2024-07-30 04:00:00,43.85,-0.08711516533637398,False,29.6151974591626,-2.8497618632458184,3.2852686542167255,-3.1367351446874303,False,True,-10.491419656786272,7.73381294964028,False,48.64864864864891,True,True,6.105572681127436,False,False,False,1.024491822129453,True,False,False,True,Materials
FCX,2024-08-02 04:00:00,41.97,-0.05027400524183945,False,29.34113587303435,-6.92486571799735,3.815526378872814,-6.733333333333336,False,True,-10.491419656786272,7.73381294964028,False,20.6060606060604,False,False,6.105572681127436,False,False,False,1.4093876112805392,True,False,False,True,Materials
FCX,2024-08-05 04:00:00,40.87,-0.00171274773672625,False,26.8082347351605,-9.279759838437196,4.143432744200769,-7.908968003605244,False,True,-1.9607843137254832,60.278745644599255,True,48.54881266490766,True,True,-0.9750330329557633,True,False,False,2.0074470655080567,True,True,False,True,Materials
FCX,2024-08-06 04:00:00,41.04,0.020224171539960922,True,27.84492523143042,-8.821639411564412,4.10043729344422,-6.408209806157361,False,True,-1.9607843137254832,60.278745644599255,True,24.59546925566357,False,True,-0.9750330329557633,True,False,False,0.8616237858580876,False,False,False,True,Materials
FCX,2024-08-07 04:00:00,39.52,0.04908906882591091,True,24.503076001434902,-12.09191354396243,4.344392179002241,-12.970711297071114,False,True,-1.9607843137254832,60.278745644599255,True,1.3888888888889437,False,False,-0.9750330329557633,True,False,False,1.0843811248484072,True,False,False,True,Materials
FCX,2024-12-18 05:00:00,38.71,0.30818909842417974,True,27.519589910407394,-13.740186990880558,3.208810757659604,-9.976744186046504,False,True,-4.819004524886883,1.4285714285713995,False,6.829268292682963,False,False,-1.0715495906819306,True,True,True,1.1404038826535,True,False,False,True,Materials
FCX,2024-12-19 05:00:00,38.24,0.3572175732217573,True,26.235156576309482,-14.661950210141503,3.306690521475349,-9.125475285171092,False,True,-4.819004524886883,1.4285714285713995,False,36.977491961414984,True,False,-1.0715495906819306,True,True,True,1.3935950995016742,True,False,False,True,Materials
FCX,2024-12-30 05:00:00,38.16,0.36084905660377364,True,29.30318391968283,-14.183505853414275,2.874999054488601,-1.801338136901709,False,True,-6.564077903342158,30.998702983138752,True,56.462585034013536,True,True,1.3868776790386894,False,False,True,0.9623804797094218,False,False,False,True,Materials
CARR,2022-01-26 05:00:00,46.67,-0.06535247482322704,False,26.79898070027869,-6.096323056009473,3.465583968757249,-4.34515269522443,False,True,-1.4274691358024727,28.923076923077073,False,26.457399103139117,False,True,1.214566180768184,False,False,False,1.2307320285622572,True,False,False,True,Other
CARR,2022-01-27 05:00:00,46.09,-0.054458667823823026,False,25.233817435267753,-7.196257205327345,3.5018511137908916,-4.039142202789914,False,True,-1.4274691358024727,28.923076923077073,False,9.554140127388894,False,True,1.214566180768184,False,False,False,1.1581687464593093,True,False,False,True,Other
CARR,2022-01-28 05:00:00,46.45,-0.019806243272335933,False,28.04296043982182,-6.411121621358025,3.417198418960617,-2.8242677824267703,False,True,-1.4274691358024727,28.923076923077073,False,58.87096774193571,True,True,1.214566180768184,False,False,False,2.47536096556839,True,True,False,True,Other
CARR,2022-04-29 04:00:00,38.27,0.09276195453357716,True,28.12291229398627,-18.872527788010785,3.861440389954855,-8.159347252219817,False,True,-4.8409405255878335,0.5025125628139716,False,11.409395973154462,False,False,-1.9975782559064847,True,False,False,1.8154958558751682,True,False,False,False,Other
CARR,2022-05-03 04:00:00,38.38,0.07087024491922866,True,29.729402133158565,-18.341703664193446,3.702115221214776,-4.169787765293364,False,False,0.9447674418604723,9.946236559139718,False,45.945945945946285,True,True,2.1133400130020963,False,False,False,1.933985513458435,True,False,False,True,Other
CARR,2022-09-22 04:00:00,36.2,0.48011049723756893,True,29.29333312900883,-14.129003899608996,3.144067791904972,-10.396039603960382,False,False,6.543708943911075,16.332378223495734,False,0.8403361344542081,False,False,2.226106691203955,False,False,True,0.7921788804338855,False,False,False,False,Other
CARR,2022-09-23 04:00:00,36.11,0.4599833841041263,True,29.001807522168622,-14.22007760139295,3.0775968328331684,-6.061394380853269,False,False,6.543708943911075,16.332378223495734,False,42.295081967213626,True,False,2.226106691203955,False,False,True,0.8292109918006976,False,False,False,False,Other
CARR,2022-09-26 04:00:00,35.28,0.5612244897959182,True,26.39313719009713,-16.056513756322794,3.1740287520992756,-9.119010819165375,False,True,-8.845150580981754,7.096774193548352,False,26.829268292682855,False,False,5.06831258008793,False,False,True,0.7518050581386392,False,False,False,True,Other
CARR,2022-09-27 04:00:00,35.55,0.5735583684950774,True,28.641719876860375,-15.28415702185091,3.0796394351272096,-5.97725469452527,False,True,-8.845150580981754,7.096774193548352,False,70.12987012986973,True,True,5.06831258008793,False,False,True,0.986588226150077,False,False,False,True,Other
CARR,2023-10-25 04:00:00,47.04,0.5671768707482994,True,27.85786161574294,-4.989695011535087,3.4446381520030074,-6.201395812562316,False,True,-3.16875460574797,7.50636132315526,False,15.333333333333124,False,False,0.9581545894658428,False,False,False,2.011968535288793,True,True,False,False,Other
CARR,2023-10-26 04:00:00,46.4,0.630603448275862,True,26.426405980322905,-6.223731769813606,3.8292258662451966,-5.3061224489796,False,True,-3.16875460574797,7.50636132315526,False,5.511811023622067,False,False,0.9581545894658428,False,False,False,1.8090351819008779,True,False,False,False,Other
CARR,2023-10-27 04:00:00,46.5,0.6043010752688172,True,27.05709875887949,-5.965285251198798,3.707817269614597,-3.6868268434134266,False,True,-3.16875460574797,7.50636132315526,False,41.346153846153854,True,False,0.9581545894658428,False,False,False,1.1312931847666108,True,False,False,False,Other
ROP,2022-06-13 04:00:00,385.23,0.1848506087272539,True,28.675733419505136,-14.345705539815215,2.9976598706693305,-9.402412925378044,False,True,-2.6628818599621518,15.699658703071847,False,16.063138347260576,False,False,-2.426040496204651,True,False,False,1.8955279934885236,True,False,False,True,Other
ROP,2022-06-14 04:00:00,380.66,0.2114222665896075,True,27.399638477003613,-15.232255224869059,2.99015444148008,-11.114743380189596,False,True,-2.6628818599621518,15.699658703071847,False,11.159263271939626,False,False,-2.426040496204651,True,False,False,1.3298421912576772,True,False,False,True,Other
ROP,2022-06-16 04:00:00,372.29,0.22418007467296985,True,26.598536878417793,-16.836535730002485,3.0429185945432797,-8.354872855279027,False,True,-2.6628818599621518,15.699658703071847,False,8.177570093458474,False,False,-2.426040496204651,True,False,False,1.136690936105415,True,False,False,True,Other
ROP,2022-06-17 04:00:00,374.71,0.2178217821782178,True,28.39367078072387,-16.16000202987869,2.9611520769038018,-4.09019939082137,False,True,-2.6628818599621518,15.699658703071847,False,30.855018587360732,True,False,-2.426040496204651,True,False,False,2.1400239721843413,True,True,False,True,Other
ROP,2022-09-16 04:00:00,382.1,0.31578120910756335,True,29.658465782146685,-11.235903254833723,2.1805375151777535,-6.841232689682075,False,True,-2.1740721762682047,16.732804232804423,False,29.485179407176222,False,False,-2.4969811444207624,True,False,True,1.7388891095332923,True,False,False,True,Other
ROP,2022-09-19 04:00:00,382.35,0.31855629658689666,True,29.93658848810672,-11.078926836209407,2.143022286824423,-6.575282216683764,False,False,2.3046991918587167,20.217260108629855,False,41.40624999999979,True,False,-1.9210567224082653,True,True,True,1.2134371093430123,True,False,False,False,Other
ROP,2022-09-20 04:00:00,378.54,0.3093200190204468,True,28.11231135568508,-11.860063203246575,2.188860854066213,-4.208315408558338,False,False,2.3046991918587167,20.217260108629855,False,80.53977272727272,True,True,-1.9210567224082653,True,True,True,1.2869263171566385,True,False,False,False,Other
ROP,2022-09-21 04:00:00,372.4,0.32913533834586484,True,25.423547084019766,-13.174897895656526,2.292739765244153,-6.004694717181158,False,False,2.3046991918587167,20.217260108629855,False,1.7766497461927215,False,True,-1.9210567224082653,True,True,True,0.7015870487020579,False,False,False,False,Other
ROP,2022-09-22 04:00:00,375.57,0.31157973214047985,True,29.189125588686338,-12.327326376554568,2.261631225584729,-2.1953125000000018,False,False,2.3046991918587167,20.217260108629855,False,0.0,False,True,-1.9210567224082653,True,True,True,1.232732149422259,True,False,False,False,Other
ROP,2022-09-27 04:00:00,366.9,0.3286726628509131,True,26.449262106963307,-14.028430224822303,2.4013727755138845,-3.0749722618481634,False,True,-6.841232689682075,9.472027471741317,False,12.062499999999687,False,True,4.08526238539848,False,False,True,0.9935864476036435,False,False,False,True,Other
ROP,2022-09-29 04:00:00,366.75,0.3193728698023177,True,28.84262761038558,-13.83113381580021,2.3260334217518945,-2.3484303858135602,False,True,-6.841232689682075,9.472027471741317,False,54.59459459459455,True,True,4.08526238539848,False,False,True,0.7743620269472905,False,False,False,True,Other
ROP,2022-09-30 04:00:00,359.64,0.3347236125013904,True,25.663599621267686,-15.37111076954623,2.3819346820148706,-4.857142857142859,False,True,-6.841232689682075,9.472027471741317,False,4.651162790697235,False,True,4.08526238539848,False,False,True,1.1342697315036228,True,False,False,True,Other
HLT,2022-06-22 04:00:00,112.02,0.22397786109623308,True,29.174991824595388,-19.560962687858314,4.647137116311221,-5.976162497901627,False,True,-10.33973412112259,0.3280481137233586,False,25.993883792048788,False,True,4.162802069031302,False,False,False,1.5138148771454956,True,False,False,False,Consumer
HLT,2022-06-23 04:00:00,110.52,0.2517191458559538,True,28.207937192063124,-20.47477062669901,4.637454046455315,-9.328082697514152,True,True,-10.33973412112259,0.3280481137233586,False,44.362745098039134,True,True,4.162802069031302,False,False,False,1.6275480986150812,True,False,False,False,Consumer
HLT,2022-12-28 05:00:00,124.02,0.4682309304950816,True,29.27413529391597,-6.452217493455962,2.50356246350868,-4.224264421963097,False,True,-4.686021974823539,4.900332225913653,False,11.11111111111111,False,False,2.001964488168073,False,False,True,0.6854961253835683,False,False,False,True,Consumer
BDX,2022-09-30 04:00:00,222.83,0.1618722793160703,True,23.244101799935216,-11.460833594764628,2.420419745147899,-4.7409370725034155,False,True,-3.245196880350021,7.421724004638418,False,3.654485049833879,False,False,0.8804617750442834,False,False,True,1.388977940265037,True,False,False,True,Other
GM,2022-01-28 05:00:00,50.24,-0.21735668789808915,False,28.90916088593606,-11.806309250854557,4.830470682760253,-5.705705705705699,False,True,-1.8789144050104456,39.118825100133556,True,49.75124378109458,True,True,-1.3274046347584556,True,False,False,1.1612478222893876,True,False,False,True,Consumer
GM,2022-03-01 05:00:00,44.52,-0.11208445642407905,False,29.4710702335008,-19.8103964517278,4.758784181296669,-4.810776138550354,False,True,-0.4710219127585402,25.708884688090766,False,18.207213049334168,False,True,-3.2345186993573027,True,True,False,1.059781259457844,True,False,False,False,Consumer
GM,2022-03-04 05:00:00,42.4,-0.06273584905660368,False,29.29326382949111,-23.17945530325904,5.126998998137163,-10.605102255956144,True,True,-0.4710219127585402,25.708884688090766,False,18.89400921658975,False,False,-3.2345186993573027,True,True,False,1.3579733487138956,True,False,False,False,Consumer
GM,2022-03-07 05:00:00,39.83,-0.0017574692442882123,False,25.25043426308466,-27.635364359929465,5.550378120894522,-14.747431506849317,True,True,-2.4074074074074137,80.27366020524514,True,2.973977695167225,False,False,0.01888812491757097,False,False,False,1.3204209019898967,True,False,False,False,Consumer
GM,2022-03-08 05:00:00,40.2,-0.05920398009950256,False,26.816408712152747,-26.766656843501753,5.54713981382014,-9.703504043126687,True,True,-2.4074074074074137,80.27366020524514,True,10.403397027601024,False,False,0.01888812491757097,False,False,False,1.2110083906897042,True,False,False,False,Consumer
GM,2022-09-30 04:00:00,32.09,-0.022125272670614038,False,27.903718679958885,-22.8563503588508,4.745837929209965,-9.554678692220953,True,True,-3.1968999757810646,9.811320754716911,False,3.4482758620694933,False,False,-1.7040038513357447,True,True,True,1.005941830908847,True,False,False,True,Consumer
GM,2022-12-22 05:00:00,33.53,0.07754249925439916,True,28.282123709961066,-15.708399343332838,3.646203280484376,-10.871876661350333,False,True,-4.060150375939841,40.96916299559477,True,13.157894736842115,False,True,-1.6174206210655795,True,True,True,1.61411348194211,True,False,False,False,Consumer
GM,2022-12-27 05:00:00,33.32,0.08643457382953179,True,28.869405152113096,-15.976796600469417,3.4767171342661065,-5.928853754940711,False,True,-5.564263322884022,6.763285024154615,False,41.09589041095869,True,True,1.9753310187029527,False,False,True,0.8076342861140176,False,False,False,True,Consumer
GM,2022-12-28 05:00:00,32.53,0.10421149707961885,True,26.48691400917507,-17.82201287251064,3.5230661672274093,-7.58522727272728,False,True,-5.564263322884022,6.763285024154615,False,1.5228426395939672,False,True,1.9753310187029527,False,False,True,0.7758031557865795,False,False,False,True,Consumer
GM,2023-03-15 04:00:00,34.33,0.1852607049228081,True,27.78480813958101,-12.35260114721559,3.976766047119465,-13.656941649899402,False,False,4.670750382848388,43.65325077399387,True,70.70707070707064,True,True,-0.06240001510148252,True,False,False,1.2406983978334487,True,False,False,True,Consumer
GM,2023-03-16 04:00:00,34.61,0.17942791100837918,True,29.81631625183194,-11.535296726923079,3.9022390703944905,-8.487572712850344,False,False,4.670750382848388,43.65325077399387,True,7.758620689655442,False,True,-0.06240001510148252,True,False,False,1.5806399238346842,True,False,False,True,Consumer
GM,2023-03-17 04:00:00,33.38,0.24355901737567387,True,26.314332598193204,-14.55442805692743,4.075867553159704,-8.59802847754655,False,False,4.670750382848388,43.65325077399387,True,22.413793103448647,False,True,-0.06240001510148252,True,False,False,1.7589670068924854,True,False,False,True,Consumer
GM,2023-03-20 04:00:00,33.62,0.2745389649018444,True,28.089116842132913,-13.82054285910008,3.966478214536675,-5.984340044742731,False,True,-10.948549134357465,5.273833671399698,False,18.583350295135475,False,False,3.6709041566117095,False,False,False,0.9414503585041948,False,False,False,False,Consumer
GM,2023-08-10 04:00:00,34.16,0.25848946135831397,True,28.74200111994971,-8.242247723862434,2.8604773063153464,-7.475622968580731,False,True,-1.2970168612191912,39.66244725738392,True,6.779661016949009,False,False,-0.5778468641922552,True,True,True,1.7290993706164244,True,False,False,True,Consumer
GM,2023-08-11 04:00:00,33.89,0.2782531720271466,True,27.796268783995448,-8.886199483672218,2.8353934202852065,-7.328411266065082,False,True,-1.2970168612191912,39.66244725738392,True,62.666666666666515,True,True,-0.5778468641922552,True,True,True,1.34293457812667,True,False,False,True,Consumer
GM,2023-08-14 04:00:00,34.07,0.2800117405341942,True,29.462610413539288,-8.32562260327554,2.783532389565712,-8.142356430304677,False,True,-3.889618922470428,10.000000000000142,False,3.8216560509555757,False,False,-1.5705647639173481,True,True,True,1.038544482822119,True,False,False,False,Consumer
GM,2023-08-15 04:00:00,33.3,0.34714714714714723,True,26.63122818026901,-10.304715170464766,2.826800366071535,-9.609120521172654,False,True,-3.889618922470428,10.000000000000142,False,14.285714285713924,False,True,-1.5705647639173481,True,True,True,0.8753951566210056,False,False,False,False,Consumer
GM,2023-08-16 04:00:00,32.82,0.3808653260207191,True,25.01723469329916,-11.4954866715903,2.792769823435987,-9.487038058466624,False,True,-3.889618922470428,10.000000000000142,False,19.844693701467023,False,False,-1.5705647639173481,True,True,True,0.991052225508041,False,False,False,False,Consumer
GM,2023-08-17 04:00:00,32.92,0.39003645200486003,True,26.023123598246567,-11.126548887027111,2.7090851693872553,-3.6299765807962348,False,True,-3.889618922470428,10.000000000000142,False,28.07017543859713,False,False,-1.5705647639173481,True,True,True,0.7435215049832579,False,False,False,False,Consumer
GM,2023-08-18 04:00:00,33.12,0.38828502415458943,True,28.100564717249764,-10.49232609923134,2.635459992000884,-2.2720566538802056,False,True,-3.889618922470428,10.000000000000142,False,1.0059077119584816,False,False,-1.5705647639173481,True,True,True,0.7677879152295618,False,False,False,False,Consumer
GM,2023-08-21 04:00:00,33.27,0.39945897204688907,True,29.695208216664188,-9.996612871844537,2.529571158392159,-2.3481068388611637,False,True,-7.328411266065082,12.771739130434753,False,63.21839080459808,True,True,3.2737605616510512,False,False,True,0.7194370772660286,False,False,False,False,Consumer
GM,2023-08-22 04:00:00,32.93,0.4108715457030063,True,28.170106007658767,-10.81952642188589,2.5097931146505417,-1.1111111111111072,False,True,-7.328411266065082,12.771739130434753,False,12.69841269841252,False,True,3.2737605616510512,False,False,True,0.622700931432073,False,False,False,False,Consumer
GM,2023-10-05 04:00:00,30.31,0.5169910920488288,True,29.64918580205846,-15.437220894736614,2.9992126364086915,-8.594692400482506,False,True,-4.035346097201775,4.432132963988826,False,41.549295774647824,True,True,-1.518809592005943,True,True,True,1.9466814853833883,True,False,False,True,Consumer
GM,2023-10-27 04:00:00,27.22,0.893460690668626,True,26.692378642532724,-22.079786030479678,3.9778656020120784,-8.226567768037762,True,True,-4.012944983818767,4.918032786885284,False,6.622955162593416,False,False,0.4966358515744007,False,False,True,1.4795406944581204,True,False,False,False,Consumer
GM,2023-10-30 04:00:00,27.36,0.8994883040935673,True,28.14352478763129,-21.509708082483193,3.920236847138664,-6.365503080082135,True,True,0.0,38.70967741935492,True,61.70212765957444,True,True,-2.3138829446734954,True,False,True,1.2855887143594822,True,False,False,True,Consumer
GM,2024-08-05 04:00:00,39.95,0.32540675844806,True,23.83270486722284,-4.339236041455842,3.6485353947707613,-9.513023782559449,False,True,-8.654244306418224,7.615894039735105,False,32.83582089552231,True,False,11.668799473846846,False,False,False,1.4284486492085,True,False,False,True,Consumer
OKE,2022-06-16 04:00:00,55.73,0.06441772833303427,True,26.749198751601977,-10.651982622093545,4.218016399922819,-15.802991388427257,False,True,0.32811334824758287,77.02970297029702,True,11.794871794871739,False,True,-2.943465584471072,True,False,False,1.925259012657565,True,False,False,False,Energy
OKE,2022-06-17 04:00:00,53.39,0.10657426484360366,True,23.760139683878805,-14.2806893170906,4.599457765740085,-17.531665122026563,False,True,0.32811334824758287,77.02970297029702,True,27.22513089005233,False,True,-2.943465584471072,True,False,False,2.8706096290753598,True,True,False,False,Energy
OKE,2022-06-22 04:00:00,53.82,0.07190635451505001,True,28.873934609059,-13.380775473268791,4.639946218031558,-10.879284649776455,False,True,-3.7609632822952266,15.160394555273465,False,33.81642512077308,True,True,2.91558937611589,False,False,False,1.2338882008484147,True,False,False,False,Energy
OKE,2022-06-23 04:00:00,53.31,0.09923091352466695,True,28.16348486632514,-14.080169260431827,4.635373651295603,-10.688557547327848,False,True,-3.7609632822952266,15.160394555273465,False,52.537761516089766,True,True,2.91558937611589,False,False,False,1.084745987578717,True,False,False,False,Energy
OKE,2022-09-23 04:00:00,52.76,0.22213798332069756,True,29.11871926058262,-13.715381759045291,4.074198898211901,-12.387910993025574,False,False,3.2039636663914184,62.808417997097266,True,22.68041237113393,False,False,-0.16181631227142335,True,False,True,1.8304619076960336,True,False,False,False,Energy
OKE,2022-09-26 04:00:00,50.58,0.27540529853697127,True,26.088256449851826,-17.138113682867903,4.265395046468929,-16.945812807881776,False,True,-3.6325812129940793,15.55075593952483,False,3.5398230088494853,False,False,0.1989893828742595,False,False,True,1.4249734004854246,True,False,False,True,Energy
OKE,2022-09-27 04:00:00,50.98,0.2728520988622991,True,27.57760972578927,-16.345619990323414,4.181847025241243,-14.606365159128988,False,True,-3.6325812129940793,15.55075593952483,False,23.33333333333307,False,False,0.1989893828742595,False,False,True,1.1062534085764744,True,False,False,True,Energy
OKE,2023-03-17 04:00:00,59.49,0.3177004538577912,True,27.444831714462318,-6.6854498064349706,3.4456281236198594,-7.624223602484481,False,False,0.429248075784483,79.75077881619926,True,31.86813186813216,True,True,-1.183854819697061,True,True,True,2.806553195199712,True,True,False,True,Energy
OKE,2023-05-16 04:00:00,56.58,0.45351714386709086,True,26.2803827971309,-11.26386705025787,3.507095261806789,-11.399937362981527,False,True,-1.3759364011618924,69.07894736842114,True,27.221377362589454,False,True,1.427989435010657,False,False,True,2.8247704918731142,True,True,False,True,Energy
OKE,2023-05-17 04:00:00,57.2,0.4445804195804195,True,29.33676328989628,-10.199543846621536,3.4510600010856214,-9.507989242208502,False,True,-1.3759364011618924,69.07894736842114,True,62.50000000000019,True,True,1.427989435010657,False,False,True,1.6396071600549245,True,False,False,True,Energy
DLR,2022-02-10 05:00:00,140.21,-0.19428000855859073,False,29.016618446306815,-9.421704843319475,2.6241625273480857,-4.6190476190476115,False,True,-3.9173927073249404,47.65478424014996,True,11.710037174721116,False,False,2.954924880600318,False,False,False,0.8623562453524499,False,False,False,True,RealEstate
DLR,2022-02-11 05:00:00,136.29,-0.1721329517939687,False,25.52766301608091,-11.849246498118458,2.7667577348056027,-6.11049875998898,False,True,-3.9173927073249404,47.65478424014996,True,9.475806451612865,False,False,2.954924880600318,False,False,False,2.1801301231792647,True,True,False,True,RealEstate
DLR,2022-02-14 05:00:00,136.14,-0.16534449831056264,False,25.40179859971399,-11.841472168498262,2.6784184095135903,-6.785347483738457,False,True,-2.498656636217089,10.320901994796138,False,43.37111877772287,True,False,-2.0717438901535323,True,False,False,1.0871877566647805,True,False,False,True,RealEstate
DLR,2022-02-15 05:00:00,136.53,-0.17322200249029518,False,26.4176347946596,-11.486857722078671,2.621516186670299,-4.910154617634777,False,True,-2.498656636217089,10.320901994796138,False,18.299445471349436,False,False,-2.0717438901535323,True,False,False,0.8382308268668831,False,False,False,True,RealEstate
DLR,2022-02-16 05:00:00,134.6,-0.1771173848439821,False,24.63015992951606,-12.62734489059056,2.606507569814926,-8.385515927035115,False,True,-2.498656636217089,10.320901994796138,False,24.343122102009154,False,True,-2.0717438901535323,True,False,False,1.6689661713925343,True,False,False,True,RealEstate
DLR,2022-02-18 05:00:00,135.2,-0.21124260355029578,False,29.884684548658562,-12.039113716995947,2.8090383971443678,-0.7997652065448668,False,True,-2.498656636217089,10.320901994796138,False,81.10848259547141,True,True,-2.0717438901535323,True,False,False,1.532710287593723,True,False,False,True,RealEstate
DLR,2022-02-23 05:00:00,132.23,-0.20562655978219757,False,27.895660842962528,-13.75362567573102,3.0328708530695683,-3.1494909543690164,False,True,-6.11049875998898,4.034334763948486,False,4.287901990811656,False,True,3.32172527318757,False,False,False,1.3086180054399872,True,False,False,True,RealEstate
DLR,2022-05-10 04:00:00,126.6,-0.22772511848341237,False,28.311516732982007,-14.859844382824072,3.7500177991009984,-11.008013496415014,False,True,-2.430555555555547,9.56284153005485,False,14.176245210727876,False,False,-0.39922696066634344,True,False,True,1.4516047535562941,True,False,False,True,RealEstate
DLR,2022-05-11 04:00:00,127.0,-0.23543307086614174,False,29.05946974570754,-14.466659727922892,3.677322437435558,-12.207935849578321,False,True,-2.430555555555547,9.56284153005485,False,2.0989505247374396,False,False,-0.39922696066634344,True,False,True,1.0709294301209342,True,False,False,True,RealEstate
DLR,2022-05-12 04:00:00,127.11,-0.22602470301313826,False,29.277992607962847,-14.26980176518287,3.539262587076495,-10.080645161290336,False,True,-2.430555555555547,9.56284153005485,False,65.19823788546285,True,True,-0.39922696066634344,True,False,True,0.915075294546826,False,False,False,True,RealEstate
DLR,2022-09-20 04:00:00,109.75,0.12929384965831425,True,28.897971984994903,-19.19108907658842,2.9123072693951793,-8.671049346758764,False,False,5.2164355765979,13.251366120218577,False,31.707317073170678,True,True,-0.653957827185081,True,False,True,1.6040802627939763,True,False,False,False,RealEstate
DLR,2022-09-21 04:00:00,108.79,0.1328247081533227,True,27.91315647142661,-19.73902871999039,2.934641049341176,-6.280151619572704,False,False,5.2164355765979,13.251366120218577,False,1.2718600953897077,False,True,-0.653957827185081,True,False,True,1.3896250874118303,True,False,False,False,RealEstate
DLR,2022-09-22 04:00:00,107.41,0.1507308444278932,True,26.514339584553174,-20.593132388534695,2.9355971091091186,-4.003932433640189,True,False,5.2164355765979,13.251366120218577,False,59.715639810426126,True,True,-0.653957827185081,True,False,True,1.7948331086043223,True,False,False,False,RealEstate
DLR,2022-09-23 04:00:00,103.34,0.15937681439907103,True,22.873622932014733,-23.422192419134756,3.1951134337155676,-7.798001427551748,True,False,5.2164355765979,13.251366120218577,False,29.681528662420565,False,True,-0.653957827185081,True,False,True,1.8689411852952522,True,False,False,False,RealEstate
DLR,2022-09-26 04:00:00,101.78,0.14796620161131857,True,21.6467124238569,-24.393292578028273,3.2474660255468164,-8.430049482681067,True,True,-9.939734833266378,6.766917293233074,False,43.58208955223893,True,True,7.098201390231473,False,False,True,1.172992984825401,True,False,False,True,RealEstate
DLR,2022-09-27 04:00:00,97.73,0.2129335925509055,True,18.823783429822992,-27.20332891729726,3.5833800098244537,-10.952164009111609,True,True,-9.939734833266378,6.766917293233074,False,3.3003300330033456,False,True,7.098201390231473,False,False,True,1.211734614612741,True,False,False,True,RealEstate
DLR,2022-09-28 04:00:00,99.77,0.21298987671644776,True,24.18684063878435,-25.493373981303158,3.5185558704175826,-8.291203235591516,True,True,-9.939734833266378,6.766917293233074,False,47.23756906077325,True,True,7.098201390231473,False,False,True,1.2205234251821104,True,False,False,True,RealEstate
DLR,2022-09-29 04:00:00,96.91,0.21989474770405537,True,21.993075467545204,-27.42966752361864,3.635628159772918,-9.775626105576762,True,True,-9.939734833266378,6.766917293233074,False,29.53736654804262,False,True,7.098201390231473,False,False,True,1.184307059872138,True,False,False,True,RealEstate
DLR,2022-09-30 04:00:00,99.18,0.16102036700947764,True,27.60562665259302,-25.539161868533984,3.490964065715089,-4.025546738920072,True,True,-9.939734833266378,6.766917293233074,False,47.08171206225669,True,True,7.098201390231473,False,False,True,1.4491982848769456,True,False,False,True,RealEstate
DLR,2022-10-06 04:00:00,94.4,0.2611228813559321,True,26.83725830758235,-28.40683170467284,3.7615515598446727,-2.5900319884428757,True,True,-7.798001427551748,11.985596707818996,False,15.398716773602267,False,False,1.1095697750674427,False,False,False,1.3507836329807945,True,False,False,True,RealEstate
DLR,2022-10-07 04:00:00,92.45,0.302866414277988,True,25.257331364855414,-29.676595081206873,3.7774674142326994,-6.785642266586011,True,True,-7.798001427551748,11.985596707818996,False,14.285714285714285,False,False,1.1095697750674427,False,False,False,1.070655005169243,True,False,False,True,RealEstate
DLR,2022-10-10 04:00:00,89.68,0.38737734165923277,True,23.170602485268514,-31.567212742326827,3.9401596245345116,-10.721752115480331,True,True,-4.025546738920072,40.84321475625833,True,5.896805896806109,False,False,-0.8885857816012477,True,False,False,0.7349066367958981,False,False,False,True,RealEstate
DLR,2022-10-11 04:00:00,90.05,0.38189894503053856,True,24.072966227437124,-31.07030124904242,3.893944393326973,-11.89707465022991,True,True,-4.025546738920072,40.84321475625833,True,25.990491283676597,False,False,-0.8885857816012477,True,False,False,1.2130969896518757,True,False,False,True,RealEstate
DLR,2022-10-12 04:00:00,89.22,0.3741313606814616,True,23.408773791078705,-31.48949707924019,3.827173603010392,-9.878787878787875,True,True,-4.025546738920072,40.84321475625833,True,8.55855855855846,False,False,-0.8885857816012477,True,False,False,0.9384494885153444,False,False,False,True,RealEstate
DLR,2022-10-14 04:00:00,90.84,0.35722148833113176,True,29.27805986702613,-29.831974074351308,4.077297405476282,-1.741481882098428,True,True,-4.025546738920072,40.84321475625833,True,13.157894736842115,False,False,-0.8885857816012477,True,False,False,1.042547596089341,True,False,False,True,RealEstate
DLR,2023-03-22 04:00:00,92.29,0.5008126557590202,True,28.725837398189864,-18.851321782525762,4.119413667636794,-12.321869656089678,False,True,-3.2641509433962157,11.65644171779156,False,4.725897920604922,False,True,-2.6109283715379905,True,False,True,1.058199181152601,True,False,False,True,RealEstate
APD,2022-02-08 05:00:00,252.81,0.1348047941141568,True,21.493226980736466,-11.822135451069448,2.6386454204282845,-11.1794259213716,False,True,-1.7134562962438649,46.64991624790615,True,15.723270440251632,False,False,0.32118400253056123,False,False,True,2.229580344768954,True,True,False,True,Materials
APD,2022-02-10 05:00:00,252.38,0.13598541881290105,True,26.95646812477887,-11.784143246529489,2.7475137777501506,-10.14668185702079,False,True,-1.7134562962438649,46.64991624790615,True,12.512716174974447,False,False,0.32118400253056123,False,False,True,1.2477229019697007,True,False,False,True,Materials
APD,2022-02-11 05:00:00,244.39,0.15180653872908056,True,23.572540259888648,-14.452853543348853,2.8854430137928184,-7.104302873650603,False,True,-1.7134562962438649,46.64991624790615,True,7.511139401654689,False,False,0.32118400253056123,False,False,True,1.1821282956423116,True,False,False,True,Materials
APD,2022-02-14 05:00:00,243.49,0.16826153024764867,True,23.218965394521504,-14.642464797632131,2.851467773927574,-4.2809969337212035,False,True,-5.240788099268812,9.322666625402784,False,56.23869801085014,True,True,8.964931271543875,False,False,False,1.1987223472202677,True,False,False,True,Materials
APD,2022-02-15 05:00:00,247.83,0.13275228987612486,True,28.76758047717142,-13.007464709660683,2.7579246567512072,-1.9698587872315154,False,True,-5.240788099268812,9.322666625402784,False,11.96581196581245,False,True,8.964931271543875,False,False,False,0.9053140446867886,False,False,False,True,Materials
APD,2022-02-16 05:00:00,245.34,0.14009130186679708,True,27.53799898145907,-13.762381813354626,2.7264274883469213,-5.405613818630483,False,True,-5.240788099268812,9.322666625402784,False,37.982344470647085,True,True,8.964931271543875,False,False,False,0.98833642848634,False,False,False,True,Materials
APD,2022-02-17 05:00:00,240.61,0.15336020946760298,True,25.323740515475958,-15.294981181150675,2.7485861411422863,-4.663602504160391,False,True,-5.240788099268812,9.322666625402784,False,17.013232514177826,False,False,8.964931271543875,False,False,False,0.6770984915206325,False,False,False,True,Materials
APD,2022-02-18 05:00:00,241.97,0.15010125222134985,True,27.13783725768302,-14.690435424460164,2.681895349619254,-0.9902205491223004,False,True,-5.240788099268812,9.322666625402784,False,6.970784213224062,False,False,8.964931271543875,False,False,False,1.4301350026138784,True,False,False,True,Materials
APD,2022-02-22 05:00:00,238.11,0.1747511654277436,True,25.26206617889796,-15.9170340835774,2.7106909863735913,-2.2095363259271417,False,True,-7.104302873650603,3.43422584400451,False,35.84589614740394,True,False,3.882618373674007,False,False,False,0.7860774680423185,False,False,False,True,Materials
APD,2022-02-23 05:00:00,234.67,0.19734094686155035,True,23.690493294640135,-16.990286481682038,2.7238110051045563,-5.310091595044996,False,True,-7.104302873650603,3.43422584400451,False,4.480286738351245,False,False,3.882618373674007,False,False,False,0.6295228538353563,False,False,False,True,Materials
APD,2022-02-24 05:00:00,235.13,0.21388168247352546,True,24.36806450604971,-16.688074636910184,2.7536613397398773,-4.161571696421296,False,True,-7.104302873650603,3.43422584400451,False,7.417218543046376,False,False,3.882618373674007,False,False,False,1.0605487096327417,True,False,False,True,Materials
APD,2022-02-28 05:00:00,236.3,0.21997460854845508,True,29.389713704942135,-16.01484385936119,2.733557265655974,-2.3432656940942986,False,True,-0.9902205491223004,26.220806794055225,False,46.80432645034455,True,False,-1.9572654869353223,True,False,False,1.1105916353508272,True,False,False,True,Materials
APD,2022-03-01 05:00:00,230.53,0.2667765583655055,True,26.337777380271163,-17.918054614617454,2.8388665139239966,-3.183402629037002,False,True,-0.9902205491223004,26.220806794055225,False,16.862745098039163,False,False,-1.9572654869353223,True,False,False,1.2934099025971288,True,False,False,True,Materials
APD,2022-03-03 05:00:00,231.86,0.26421116190804783,True,29.277469440386522,-17.162626630963178,2.732098598157358,-1.3907200272189724,False,True,-0.9902205491223004,26.220806794055225,False,25.880114176974594,False,True,-1.9572654869353223,True,False,False,0.9851855459436444,False,False,False,True,Materials
APD,2022-03-04 05:00:00,228.43,0.2756205402092544,True,27.334969676433147,-18.23847813170703,2.785328719831004,-4.971295448872615,False,True,-0.9902205491223004,26.220806794055225,False,48.921933085502,True,True,-1.9572654869353223,True,False,False,0.7985833264215566,False,False,False,True,Materials
APD,2022-03-07 05:00:00,221.5,0.3094356659142212,True,23.88665720132464,-20.555137782766884,2.9468830419616094,-6.263224714346172,True,True,-0.6571062528412663,88.44444444444443,True,5.767012687427921,False,True,0.4539271152661506,False,False,False,1.036775757108384,True,False,False,False,Materials
APD,2022-03-08 05:00:00,218.77,0.2985327055812039,True,22.673225279327237,-21.365809420264753,3.0601446134976897,-5.101288335574539,True,True,-0.6571062528412663,88.44444444444443,True,28.52311161217587,False,True,0.4539271152661506,False,False,False,1.0926479645553302,True,False,False,False,Materials
APD,2022-03-11 05:00:00,219.38,0.3032181602698514,True,29.55662523415937,-20.695180543580474,3.2913220555329143,-3.961826380072675,True,True,-0.6571062528412663,88.44444444444443,True,0.7772020725388887,False,False,0.4539271152661506,False,False,False,0.9153067221852563,False,False,False,False,Materials
APD,2022-03-14 04:00:00,218.27,0.269253676639025,True,28.968712318910057,-20.930461542365776,3.2668101182207296,-1.4582392776523623,True,True,-4.971295448872615,23.728813559322166,False,31.208053691275357,True,False,1.375386225509212,False,False,False,1.5524491540481213,True,False,False,True,Materials
APD,2022-09-26 04:00:00,231.5,0.23222462203023753,True,29.99247401568378,-8.98876412149137,2.3421143628992382,-7.169781057021407,False,True,-3.739736155971518,16.41566265060247,False,16.296598085149824,False,True,2.820664375107307,False,False,False,1.2984626006432636,True,False,False,True,Materials
APD,2022-09-27 04:00:00,230.76,0.24315305945571164,True,29.502477162890727,-9.195841383537319,2.4142563625613676,-5.769937522969492,False,True,-3.739736155971518,16.41566265060247,False,31.95739014647111,True,True,2.820664375107307,False,False,False,1.148312319512929,True,False,False,True,Materials
APD,2024-02-05 05:00:00,218.02,0.5050454086781029,True,17.440785251763803,-21.20793533192765,3.236155161799956,-16.50901849653429,True,False,0.4834254143646355,15.121412803532056,False,8.99182561307911,False,True,-1.4566721203660316,True,True,True,4.509297121700651,True,True,True,True,Materials
APD,2024-02-06 05:00:00,218.05,0.42371015822059155,True,17.478955090737813,-21.03053386470991,3.2581338254277012,-15.901727861771043,True,False,0.4834254143646355,15.121412803532056,False,75.06459948320435,True,True,-1.4566721203660316,True,True,True,2.5202644540107584,True,True,False,True,Materials
APD,2024-02-07 05:00:00,215.38,0.4418701829324916,True,16.737278933126305,-21.826400023268093,3.280135789318757,-15.77177271127449,True,False,0.4834254143646355,15.121412803532056,False,35.2661872700346,True,True,-1.4566721203660316,True,True,True,1.6449299918700082,True,False,False,True,Materials
APD,2024-02-08 05:00:00,219.91,0.4073484607339366,True,22.72817320565801,-20.021595455892253,3.2091645939394557,-15.27585144089999,True,False,0.4834254143646355,15.121412803532056,False,3.304597701149288,False,True,-1.4566721203660316,True,True,True,1.457669266804042,True,False,False,True,Materials
APD,2024-02-09 05:00:00,219.84,0.4117085152838429,True,22.700991893981456,-19.887250103265856,3.092657002525191,-14.846806367897125,False,False,0.4834254143646355,15.121412803532056,False,86.91860465116311,True,True,-1.4566721203660316,True,True,True,1.0391654815893312,True,False,False,True,Materials
APD,2024-02-12 05:00:00,222.59,0.415876724021744,True,26.42373407720598,-18.73240068714575,2.9729760355865027,2.096137968993661,False,True,-1.4242077128674868,40.14598540146031,True,29.577464788732243,False,True,-2.7801492430704955,True,True,True,0.8356285305655959,False,False,False,True,Materials
APD,2024-02-13 05:00:00,217.61,0.45269059326317707,True,24.155029516545884,-20.38780461362609,3.0299328303241038,-0.2017885806007813,True,True,-1.4242077128674868,40.14598540146031,True,20.302547770700723,False,True,-2.7801492430704955,True,True,True,1.155993970388593,True,False,False,True,Materials
APD,2024-02-14 05:00:00,217.01,0.4607621768582093,True,23.888903967995937,-20.444185924898907,2.9226625111709037,0.7568019314699637,True,True,-1.4242077128674868,40.14598540146031,True,23.049449657456492,False,False,-2.7801492430704955,True,True,True,0.8670326042975488,False,False,False,True,Materials
SRE,2022-10-12 04:00:00,70.35,-0.012224591329068946,False,28.41666258094332,-8.718450932509922,3.0296740227374754,-8.356672962938848,False,True,-7.318580788725426,8.733974358974374,False,1.93137191785193,False,False,4.423499749811044,False,False,False,1.1251866657446432,True,False,False,True,Utilities
SRE,2023-10-02 04:00:00,65.27,0.2774628466370461,True,24.43315074901417,-11.778694067634259,2.2164709983784685,-8.917108568238907,False,True,-1.7510259917920656,12.621359223300574,False,17.491749174917523,False,False,0.1902219196991961,False,False,True,1.7269595739896018,True,False,False,True,Utilities
ECL,2022-01-25 05:00:00,188.89,-0.19609296415903432,False,16.394083706770633,-14.434156024157154,3.2250831685049572,-11.485473289597014,False,True,-6.0207943620307125,5.555555555555567,False,57.47899159663855,True,True,4.222343077221957,False,False,False,1.114041746901941,True,False,False,True,Materials
ECL,2022-01-26 05:00:00,185.25,-0.17770580296896077,False,15.147913377319085,-15.94854262715217,3.337350096813464,-13.756983240223464,False,True,-6.0207943620307125,5.555555555555567,False,23.233695652173978,False,True,4.222343077221957,False,False,False,1.3061661940170044,True,False,False,True,Materials
ECL,2022-01-27 05:00:00,183.52,-0.1801438535309503,False,14.580635163931607,-16.5946047512562,3.4648513866340083,-13.909086644462153,False,True,-6.0207943620307125,5.555555555555567,False,22.890173410404817,False,True,4.222343077221957,False,False,False,1.5875469184124162,True,False,False,True,Materials
ECL,2022-01-28 05:00:00,186.09,-0.16798323391907133,False,19.409015329903813,-15.296583498295725,3.397858119410712,-4.613255420575124,False,True,-6.0207943620307125,5.555555555555567,False,49.146757679180936,True,True,4.222343077221957,False,False,False,1.5184958149288015,True,False,False,True,Materials
ECL,2022-01-31 05:00:00,189.45,-0.17798891528107685,False,25.350092972334284,-13.648907486632957,3.3001532355822545,-1.6406209438762365,False,True,-9.693098180808224,4.363784665579094,False,18.761726078799207,False,True,11.146117246257713,False,False,False,1.5281862337828338,True,False,False,True,Materials
ECL,2022-02-03 05:00:00,189.24,-0.19842528006763904,False,28.10851247984285,-13.414811805904876,2.983524216874564,3.1168265039232868,False,True,-9.693098180808224,4.363784665579094,False,9.64230171073101,False,True,11.146117246257713,False,False,False,0.6808642704729363,False,False,False,True,Materials
ECL,2022-02-04 05:00:00,187.48,-0.18770002133560915,False,26.905751317522643,-14.098540286032085,2.9438673825846013,0.7469504003439154,False,True,-9.693098180808224,4.363784665579094,False,38.759689922480575,True,False,11.146117246257713,False,False,False,0.9335326364476755,False,False,False,True,Materials
ECL,2022-02-07 05:00:00,186.69,-0.1899941078793722,False,26.360503001543226,-14.337253959045407,2.839853439058827,-1.4568487727632529,False,True,-4.613255420575124,45.614035087719316,True,10.101010101010125,False,False,2.7354471510258493,False,False,False,0.5686254617648002,False,False,False,True,Materials
ECL,2022-02-08 05:00:00,186.58,-0.21872655161324905,False,26.28064187090556,-14.264987980987694,2.735034799700091,-2.650526974851286,False,True,-4.613255420575124,45.614035087719316,True,69.84126984127033,True,True,2.7354471510258493,False,False,False,1.2217882120715051,True,False,False,True,Materials
ECL,2022-02-11 05:00:00,184.42,-0.14109098796225994,False,29.500762374442637,-14.911508615070376,2.841528614141693,-1.6321740985705158,False,True,-4.613255420575124,45.614035087719316,True,13.96825396825387,False,False,2.7354471510258493,False,False,False,0.7673602961595158,False,False,False,True,Materials
ECL,2022-02-14 05:00:00,182.91,-0.1036575364933574,False,28.34301284876504,-15.476929953917734,2.794680909135696,-2.0247469066366763,False,False,0.7469504003439154,11.876484560570088,False,34.88372093023225,True,False,-1.6428105808683258,True,False,False,0.7733306294753863,False,False,False,False,Materials
ECL,2022-02-15 05:00:00,183.25,-0.11601637107776253,False,29.018494000042114,-15.190535153574528,2.7753950910817125,-1.7847572087040464,False,False,0.7469504003439154,11.876484560570088,False,23.157894736841985,False,False,-1.6428105808683258,True,False,False,1.2000506458818294,True,False,False,False,Materials
ECL,2022-02-16 05:00:00,182.81,-0.11159126962420007,False,28.64220665951595,-15.264375939318287,2.737692122082024,-4.4580328211560545,False,False,0.7469504003439154,11.876484560570088,False,56.07594936708885,True,True,-1.6428105808683258,True,False,False,0.8982427667451387,False,False,False,False,Materials
ECL,2022-02-17 05:00:00,178.38,-0.11318533467877567,False,25.11156065764269,-17.175037555126774,2.783066430770423,-4.787830264211368,False,False,0.7469504003439154,11.876484560570088,False,0.23310023310002154,False,True,-1.6428105808683258,True,False,False,0.6610368286551865,False,False,False,False,Materials
ECL,2022-02-18 05:00:00,178.64,-0.10859829825347056,False,25.690517569460376,-16.913321324572316,2.714863120150169,-3.1341503090771106,False,False,0.7469504003439154,11.876484560570088,False,48.511904761904425,True,True,-1.6428105808683258,True,False,False,0.7990614086636285,False,False,False,False,Materials
ECL,2022-02-22 05:00:00,176.71,-0.10135249844377792,False,24.19521333507828,-17.66506045756077,2.7210404945904676,-3.3896451806899486,False,True,-1.6321740985705158,9.954751131221665,False,43.451781405917274,True,True,-1.2720146431788093,True,True,False,0.8358468441714678,False,False,False,False,Materials
ECL,2022-02-23 05:00:00,173.06,-0.08367040332832543,False,21.63100321412153,-19.21003708904828,2.8119297417031506,-5.560709413369713,False,True,-1.6321740985705158,9.954751131221665,False,4.982206405693966,False,True,-1.2720146431788093,True,True,False,0.5874099615075429,False,False,False,False,Materials
ECL,2022-02-24 05:00:00,175.94,-0.09196316926224857,False,28.105474138433436,-17.719292888787223,2.8691693979639625,-3.7580001094032034,False,True,-1.6321740985705158,9.954751131221665,False,17.273954116059404,False,False,-1.2720146431788093,True,True,False,1.024479935288837,True,False,False,False,Materials
ECL,2022-03-01 05:00:00,170.51,-0.050319629347252315,False,28.184101464126528,-19.835762798286556,3.097106074033691,-3.5085733687963416,False,True,-3.1341503090771106,17.872807017543803,False,14.791987673343336,False,True,-1.0080243848421988,True,True,False,1.1448567116034554,True,False,False,False,Materials
ECL,2022-03-04 05:00:00,168.11,-0.06120992207483211,False,28.55759040752758,-20.499897191084816,3.028904617572208,-6.76095396561287,True,True,-3.1341503090771106,17.872807017543803,False,46.54924116539306,True,True,-1.0080243848421988,True,True,False,0.8117275095545233,False,False,False,False,Materials
ECL,2022-03-07 05:00:00,158.53,0.007632624739796867,True,22.655100345883994,-24.843145393152273,3.4182169298198777,-10.059003744468399,True,False,0.9292431706224846,78.73417721518979,True,0.9499081755430658,False,False,0.9095596936606221,False,False,False,1.3362960815041982,True,False,False,False,Materials
ECL,2022-03-08 05:00:00,156.73,0.005869967459963155,True,21.74565244259867,-25.506029126422376,3.4826813576106708,-8.081637440619316,True,False,0.9292431706224846,78.73417721518979,True,31.51373074346924,True,True,0.9095596936606221,False,False,False,1.4243207990636768,True,False,False,False,Materials
ECL,2022-09-26 04:00:00,146.34,0.14712313789804554,True,28.38303868409804,-16.735034125430616,2.927578982502127,-8.423028785982478,False,True,-8.688600556070437,8.966963817514316,False,23.195876288659967,False,False,6.189615548215288,False,False,True,0.9402284607357168,False,False,False,True,Materials
ECL,2022-09-27 04:00:00,144.03,0.17524126918003202,True,26.579816960189778,-17.901940031682006,3.017964912018179,-7.979810886787641,False,True,-8.688600556070437,8.966963817514316,False,13.372093023255779,False,True,6.189615548215288,False,False,True,0.9299602454682979,False,False,False,True,Materials
TT,2022-02-02 05:00:00,164.95,0.12943316156411044,True,27.66299457714171,-9.476923903474573,3.5756661757924793,-4.398979946679038,False,True,-2.7888888888888963,24.598269468479355,False,13.52739726027383,False,True,-0.9994195762749736,True,False,False,1.4357934118025122,True,False,False,True,Other
TT,2022-02-03 05:00:00,161.58,0.14506745884391625,True,25.257466180573743,-11.226301632273845,3.626014430737804,-4.503546099290768,False,True,-2.7888888888888963,24.598269468479355,False,4.859813084112516,False,False,-0.9994195762749736,True,False,False,0.9589119772280521,False,False,False,True,Other
TT,2022-02-04 05:00:00,158.74,0.13676452059972277,True,23.40996319127992,-12.67552353761453,3.652688291879797,-7.800429807748143,False,True,-2.7888888888888963,24.598269468479355,False,41.516966067864594,True,False,-0.9994195762749736,True,False,False,1.0842340662027794,True,False,False,True,Other
TT,2022-02-07 05:00:00,156.97,0.16442632350130593,True,22.31444145233114,-13.531783223881504,3.5851985424371313,-9.318313113807042,False,False,-1.6058978168933646,43.21796071094486,True,22.58064516129046,False,False,1.056935911916801,False,False,False,0.9348270931224987,False,False,False,False,Other
TT,2022-02-08 05:00:00,159.06,0.14145605431912478,True,26.67772943032694,-12.272418831207498,3.4497278644548484,-4.857040315827255,False,False,-1.6058978168933646,43.21796071094486,True,43.26647564469958,True,True,1.056935911916801,False,False,False,0.8717950307839996,False,False,False,False,Other
TT,2022-02-10 05:00:00,156.16,0.19518442622950816,True,27.941688753610894,-13.662963842502915,3.57340906521542,-3.3543755415274212,False,False,-1.6058978168933646,43.21796071094486,True,11.195158850227044,False,False,1.056935911916801,False,False,False,0.8935195100167539,False,False,False,False,Other
TT,2022-02-11 05:00:00,152.18,0.22013405178078593,True,25.297250052156045,-15.730393041607044,3.720362294234515,-4.132543782285502,False,False,-1.6058978168933646,43.21796071094486,True,16.07142857142876,False,False,1.056935911916801,False,False,False,0.7887279258835016,False,False,False,False,Other
TT,2022-02-14 05:00:00,151.45,0.23591944536150566,True,24.83301830828829,-15.999773240412807,3.634929746345287,-3.516595527807864,False,True,-7.800429807748143,11.933448078026458,False,53.02593659942293,True,True,6.087039388037119,False,False,False,0.7542791178168209,False,False,False,True,Other
TT,2022-02-15 05:00:00,154.0,0.19506493506493494,True,29.687010645114142,-14.461299999165592,3.4898568789851203,-3.18118948824343,False,True,-7.800429807748143,11.933448078026458,False,54.54545454545444,True,True,6.087039388037119,False,False,False,0.7033215523023761,False,False,False,True,Other
TT,2022-02-16 05:00:00,152.63,0.20670903492105097,True,28.61777623116747,-15.093657527741398,3.37262543018514,-5.888518929584419,False,True,-7.800429807748143,11.933448078026458,False,20.0,False,True,6.087039388037119,False,False,False,0.5721902197960241,False,False,False,True,Other
TT,2022-02-17 05:00:00,151.43,0.18807369741794888,True,27.677451369507626,-15.62888650799511,3.3065393969486387,-3.0289446721311397,False,True,-7.800429807748143,11.933448078026458,False,21.383647798742306,False,True,6.087039388037119,False,False,False,0.8725668488035246,False,False,False,True,Other
TT,2022-02-18 05:00:00,152.33,0.18335193330269783,True,29.547212649588396,-14.999495997674442,3.2060190711139906,0.09856748587200315,False,True,-7.800429807748143,11.933448078026458,False,0.0,False,False,6.087039388037119,False,False,False,1.113214534513236,True,False,False,True,Other
TT,2022-02-22 05:00:00,150.74,0.20532041926495936,True,28.16200369860402,-15.75354568627769,3.1929848491898642,-0.46880158468139976,False,True,-4.132543782285502,8.011869436201863,False,25.545571245186373,False,False,2.5017962163844,False,False,False,0.8453106659842871,False,False,False,False,Other
TT,2022-02-23 05:00:00,148.97,0.21970866617439744,True,26.663438143258766,-16.603840021007642,3.158371757577961,-3.2662337662337615,False,True,-4.132543782285502,8.011869436201863,False,14.242424242424159,False,False,2.5017962163844,False,False,False,0.8116078964402185,False,False,False,False,Other
TT,2022-03-07 05:00:00,144.54,0.32461602324616035,True,29.91605515134044,-18.15384896110915,3.252640929295124,-6.100175404404606,False,False,1.575526816779349,66.14583333333331,True,1.090661213360386,False,False,-0.21370775904385741,True,True,False,1.2109676958003104,True,False,False,False,Other
TT,2022-03-08 05:00:00,142.78,0.32427510855862174,True,28.452247451360062,-18.99609916788556,3.380213995039382,-6.10285413652506,False,False,1.575526816779349,66.14583333333331,True,3.875968992248069,False,False,-0.21370775904385741,True,True,False,1.209366466778282,True,False,False,False,Other
TT,2022-05-10 04:00:00,133.31,0.32653214312504697,True,29.594405484293546,-19.91100989225711,3.6408514199593975,-4.437275985663081,False,True,-6.044731009470084,5.376344086021343,False,32.44353182751563,True,True,0.7845293721129742,False,False,True,0.9000771062744394,False,False,False,False,Other
TT,2022-05-11 04:00:00,131.17,0.3549592132347337,True,27.45888494259905,-21.030106133897817,3.6660194166415647,-7.109978046880549,True,True,-6.044731009470084,5.376344086021343,False,3.195266272189138,False,False,0.7845293721129742,False,False,True,0.874125934154941,False,False,False,False,Other
TT,2022-06-16 04:00:00,121.93,0.5230870171409825,True,29.617660061870886,-23.290694551958055,3.355296427875052,-9.203961575694386,True,True,-1.4661921708185033,74.48275862068947,True,19.74148061104593,False,True,-3.2005004391471914,True,False,False,1.0476248339882526,True,False,False,False,Other
TT,2022-06-17 04:00:00,120.97,0.5372406381747541,True,28.719262485867006,-23.713277688328816,3.29978318996473,-7.096229168266655,True,True,-1.4661921708185033,74.48275862068947,True,12.222222222222147,False,True,-3.2005004391471914,True,False,False,1.8711326802643058,True,False,False,False,Other
PSX,2022-09-26 04:00:00,74.16,0.6289104638619203,True,29.394415384267738,-13.68023021851685,4.557929882153728,-9.483705602343473,False,True,-8.292627513347718,14.262023217247103,False,5.343511450381691,False,False,4.082865507706157,False,False,True,1.3656968757184875,True,False,False,True,Energy
PSX,2024-05-29 04:00:00,138.19,-0.17302264997467254,False,29.21048368318194,1.7549407716209313,2.3432371132720293,-4.12793117802136,False,False,1.016483516483535,67.79026217228468,True,7.847082494969546,False,False,-2.6732149695366525,True,True,False,1.111868113653707,True,False,False,False,Energy
PSX,2024-05-30 04:00:00,138.39,-0.16200592528361868,False,29.894277234013373,1.8829250978705685,2.2661397793398588,-3.1560531840448047,False,False,1.016483516483535,67.79026217228468,True,38.6740331491706,True,True,-2.6732149695366525,True,True,False,0.9909772507672169,False,False,False,False,Energy
PSX,2024-10-30 04:00:00,122.07,0.1298435323994429,True,29.607697724522808,-9.397905733701053,2.4632254824994764,-5.460037174721199,False,True,-2.7502750275027465,28.326180257510604,False,32.96703296703252,True,False,-2.6287172829024708,True,False,False,1.5612216027030121,True,False,False,False,Energy
PSX,2024-10-31 04:00:00,121.82,0.11434903956657361,True,29.26120459028994,-9.497157774910182,2.4162799624934004,-5.191065452564414,False,True,-2.7502750275027465,28.326180257510604,False,10.377358490565962,False,False,-2.6287172829024708,True,False,False,1.2646157916863117,True,False,False,False,Energy
PSX,2024-11-01 04:00:00,120.01,0.13265561203233056,True,26.814492713945107,-10.745560975336984,2.470964280001844,-6.366544433174681,False,True,-2.7502750275027465,28.326180257510604,False,7.384615384615664,False,False,-2.6287172829024708,True,False,False,0.9758752985518013,False,False,False,False,Energy
PSX,2024-12-16 05:00:00,116.29,0.11041362111961472,True,24.638822334313833,-12.573597594113073,2.8786032837887734,-10.601168511685122,False,True,-3.955814300641869,6.048387096774144,False,4.166666666666914,False,False,2.5129752106253678,False,False,True,1.3754048033574813,True,False,False,True,Energy
PSX,2024-12-17 05:00:00,115.83,0.11275144608477938,True,24.16743427618955,-12.807336473253534,2.8044708910431266,-7.793345008756569,False,True,-3.955814300641869,6.048387096774144,False,63.26530612244918,True,True,2.5129752106253678,False,False,True,1.327382135633555,True,False,False,True,Energy
PSX,2024-12-18 05:00:00,111.86,0.15313785088503495,True,20.518817023842082,-15.663255927913058,2.9887130743939045,-10.74762626665603,False,True,-3.955814300641869,6.048387096774144,False,3.278688524590286,False,False,2.5129752106253678,False,False,True,1.50046521159254,True,False,False,True,Energy
PSX,2024-12-19 05:00:00,110.35,0.17009515178975998,True,19.32383284051743,-16.662394159016777,3.020342273624266,-11.000887168320029,False,True,-3.955814300641869,6.048387096774144,False,29.999999999999776,False,True,2.5129752106253678,False,False,True,1.5306528941726087,True,False,False,True,Energy
PSX,2024-12-20 05:00:00,110.37,0.16345021292017758,True,19.39079542477007,-16.508991515575815,2.93918637869225,-10.0635593220339,False,True,-3.955814300641869,6.048387096774144,False,19.64165948069418,False,False,2.5129752106253678,False,False,True,2.5542333910227795,True,True,False,True,Energy
PSX,2024-12-23 05:00:00,110.48,0.15631788559015192,True,19.785152000057188,-16.288962576372608,2.8593889055623682,-4.996130363745809,False,True,-4.631644389182476,3.96130815292485,False,58.15085158150839,True,True,3.164065923122683,False,False,True,1.0366289907243762,True,False,False,True,Energy
PSX,2024-12-24 05:00:00,111.58,0.15244667503136777,True,23.79978043939956,-15.325271330949471,2.7986126044893456,-3.669170335837002,False,True,-4.631644389182476,3.96130815292485,False,27.924528301887076,False,True,3.164065923122683,False,False,True,0.46791013656010155,False,False,False,True,Energy
PSX,2024-12-26 05:00:00,112.2,0.1547237076648842,True,26.046420402081036,-14.728733523509858,2.6932133481767098,0.3039513677811634,False,True,-4.631644389182476,3.96130815292485,False,36.84210526315829,True,True,3.164065923122683,False,False,True,0.5883956729383418,False,False,False,True,Energy
PSX,2024-12-27 05:00:00,112.59,0.14610533795186065,True,27.4945437238804,-14.309279627940432,2.637141708633442,2.02990484821024,False,True,-4.631644389182476,3.96130815292485,False,28.22757111597361,False,True,3.164065923122683,False,False,True,0.8507679177056603,False,False,False,True,Energy
PSX,2024-12-30 05:00:00,111.99,0.1659076703277078,True,26.630574620282108,-14.64051732530793,2.5696842860175715,1.4677901603696641,False,True,-10.0635593220339,8.193979933110406,False,33.13609467455555,True,True,5.125909488550162,False,False,False,0.8197663781914665,False,False,False,True,Energy
CPRT,2022-01-20 05:00:00,32.1,0.010280373831775602,True,27.14694521772615,-6.0089287821695665,3.0294332443021945,-8.729030423656525,False,True,-10.031658092599926,0.6918238993709772,False,1.5948963317383509,False,False,8.260912035124935,False,False,False,1.1646518268255215,True,False,False,True,Other
CPRT,2022-01-21 05:00:00,31.6725,0.027705422685294634,True,25.588541993850264,-7.193630546063269,3.0286131340782476,-8.560086611331663,False,True,-10.031658092599926,0.6918238993709772,False,3.1746031746029884,False,False,8.260912035124935,False,False,False,1.4220711032639226,True,False,False,True,Other
CPRT,2022-01-25 05:00:00,31.7725,0.0504366984027067,True,29.811607945245854,-6.788918841711612,3.205283362370033,-4.40048142018955,False,False,0.21992522542335635,25.435555755638816,False,42.289719626168264,True,True,0.8082096975991826,False,False,False,1.5372481637577022,True,False,False,True,Other
CPRT,2022-01-26 05:00:00,30.7975,0.08904943583083047,True,26.208406617231727,-9.562447783555779,3.480357295239003,-6.60348749052313,False,False,0.21992522542335635,25.435555755638816,False,15.281000622559231,False,True,0.8082096975991826,False,False,False,1.4893638741484616,True,False,False,True,Other
CPRT,2022-01-27 05:00:00,30.3775,0.0911036128713687,True,24.81691595668877,-10.699860344337141,3.5709511254843256,-5.366043613707161,False,False,0.21992522542335635,25.435555755638816,False,18.762475049900416,False,True,0.8082096975991826,False,False,False,1.33709313513023,True,False,False,True,Other
CPRT,2022-03-07 05:00:00,27.41,0.2991608901860634,True,29.885339548686513,-17.77296777813341,4.004805314914536,-10.774739583333325,False,False,1.9375408763897983,73.05644302449413,True,1.0822510822510214,False,False,0.9884231141342958,False,False,False,1.41170301714566,True,False,False,True,Other
CPRT,2022-03-08 05:00:00,27.2125,0.27955902618282047,True,29.25377350964686,-18.215993679282654,4.054156513848669,-9.92221118834824,False,False,1.9375408763897983,73.05644302449413,True,52.76595744680842,True,False,0.9884231141342958,False,False,False,1.3489913417930692,True,False,False,True,Other
CPRT,2022-09-13 04:00:00,27.5375,0.6286881525192918,True,27.669819903587147,-10.156559041801843,2.9693024229235294,-5.418169328524803,False,True,-4.878646727139002,6.306181717604812,False,3.5490605427975366,False,False,-1.0916690350482816,True,True,True,1.7533220636753593,True,False,False,True,Other
CPRT,2022-09-14 04:00:00,27.69,0.584687612856627,True,29.52114004880971,-9.572104904987887,2.8845461257966702,-6.791214339813168,False,True,-4.878646727139002,6.306181717604812,False,71.7104072398188,True,True,-1.0916690350482816,True,True,True,1.538430470616877,True,False,False,True,Other
CPRT,2022-09-15 04:00:00,27.6525,0.6067263357743422,True,29.322389904689537,-9.607373770362104,2.7893372309479325,-5.421120136810609,False,True,-4.878646727139002,6.306181717604812,False,19.87951807228978,False,True,-1.0916690350482816,True,True,True,1.3930664064338352,True,False,False,True,Other
CPRT,2022-09-16 04:00:00,27.525,0.6192552225249774,True,28.616948019252117,-9.934321543588673,2.6961669161132473,-5.176126087330979,False,True,-4.878646727139002,6.306181717604812,False,63.448275862068606,True,True,-1.0916690350482816,True,True,True,2.220830795856918,True,True,False,True,Other
CPRT,2022-09-21 04:00:00,26.97,0.600296625880608,True,27.239312550730517,-11.481388945694645,2.6833173024305657,-2.600216684723733,False,True,-0.2491408934708006,55.820476858345,True,0.2590673575127178,False,False,-0.25689862570572597,True,True,True,0.7020494480625155,False,False,False,True,Other
CPRT,2022-09-22 04:00:00,26.27,0.6509326227636085,True,23.814141299078123,-13.660494454526528,2.763331011488337,-4.999547961305484,False,True,-0.2491408934708006,55.820476858345,True,7.942238267147984,False,False,-0.25689862570572597,True,True,True,0.8210010508571894,False,False,False,True,Other
CPRT,2022-09-23 04:00:00,26.535,0.6103259845487092,True,27.529330519200624,-12.67841550528535,2.647999067897876,-3.5967302452316052,False,True,-0.2491408934708006,55.820476858345,True,25.00000000000022,False,False,-0.25689862570572597,True,True,True,0.885311194984867,False,False,False,True,Other
CPRT,2022-09-26 04:00:00,26.6525,0.6152330925804332,True,29.178437207285036,-12.184341836769905,2.6141758839741973,-4.032766225582862,False,True,-5.176126087330979,14.168983957219197,False,9.049773755656204,False,False,1.9103741354026038,False,False,True,0.8202296583766863,False,False,False,True,Other
AEP,2022-10-07 04:00:00,82.99,-0.10555488613085906,False,25.880586231537492,-12.9885734356567,3.164246613896012,-4.002313475997699,False,True,-2.6106018333997616,26.82979180081559,False,18.181818181818237,False,False,0.6379359365095816,False,False,True,1.0983868379100339,True,False,False,False,Utilities
AEP,2022-10-12 04:00:00,81.74,-0.08894054318571076,False,27.511909250959974,-13.987291085872435,3.1656408242466716,-6.795895096921334,False,True,-11.551053816247181,3.151618398637178,False,2.1874999999997846,False,False,12.33932195705596,False,False,False,0.709233258462652,False,False,False,True,Utilities
AEP,2023-05-25 04:00:00,82.5,0.07418181818181813,True,21.217112234542316,-10.428034141465668,2.072776762306813,-4.778393351800558,False,True,-0.48854630333297067,54.64684014869889,True,33.89830508474573,True,False,-2.604085985287452,True,True,True,2.0094746575083207,True,True,False,True,Utilities
AEP,2023-05-26 04:00:00,82.25,0.06346504559270505,True,20.767488972362102,-10.604291585372899,2.0343491772245397,-4.979205175600743,False,True,-0.48854630333297067,54.64684014869889,True,77.82426778242687,True,True,-2.604085985287452,True,True,True,1.3531607284129359,True,False,False,True,Utilities
AEP,2023-05-30 04:00:00,81.78,0.07801418439716312,True,19.913122123786287,-11.01671024291398,1.9837437181177202,-5.358176137021175,False,True,-5.564041021165167,12.893081761006405,False,23.95833333333355,False,True,3.8751331255161725,False,False,True,0.03347414452091585,False,False,False,True,Utilities
AEP,2023-05-31 04:00:00,83.12,0.08577959576515881,True,28.894724914321582,-9.472579516673653,1.9810749488516366,-3.3488372093023244,False,True,-5.564041021165167,12.893081761006405,False,19.35418152184969,False,True,3.8751331255161725,False,False,True,1.286552073448907,True,False,False,True,Utilities
AEP,2023-06-01 04:00:00,82.02,0.09826871494757383,True,26.28839645035854,-10.575661943963457,2.0331890712466696,-3.6984853821768304,False,True,-5.564041021165167,12.893081761006405,False,28.86597938144324,False,False,3.8751331255161725,False,False,True,1.22154173446728,True,False,False,True,Utilities
AEP,2023-08-15 04:00:00,79.1,0.22073324905183322,True,27.77837631448946,-10.814106509365228,1.8795834527842774,-2.128186092551343,False,True,-4.893467571997201,6.451612903225568,False,29.870129870128697,False,True,1.5580814437163415,False,False,True,0.9432990820773068,False,False,False,True,Utilities
AEP,2023-08-16 04:00:00,79.19,0.22414446268468247,True,28.477748828259728,-10.617354829380279,1.8308279044053843,-1.8832858381860884,False,True,-4.893467571997201,6.451612903225568,False,26.79657696669751,False,False,1.5580814437163415,False,False,True,0.9044542666009002,False,False,False,True,Utilities
AEP,2023-08-17 04:00:00,78.78,0.23813150545823825,True,27.18618574681065,-10.981984073133848,1.8217843567513599,-2.8367044893931936,False,True,-4.893467571997201,6.451612903225568,False,1.6064257028109379,False,False,1.5580814437163415,False,False,True,0.7687176582785867,False,False,False,True,Utilities
AEP,2023-08-18 04:00:00,79.02,0.23563654770944065,True,29.21010555253561,-10.615532825467499,1.7607316693091604,-2.5767476266798206,False,True,-4.893467571997201,6.451612903225568,False,31.668696711328355,True,False,1.5580814437163415,False,False,True,0.9377415529146365,False,False,False,True,Utilities
AEP,2023-08-21 04:00:00,78.56,0.24758146639511214,True,27.62515569729797,-11.03729279396833,1.769102064495316,-1.8000000000000016,False,True,-0.16001969473165012,61.57205240174679,True,55.474452554744715,True,True,-3.0597224573378323,True,False,True,0.7620607238368126,False,False,False,False,Utilities
AEP,2023-08-22 04:00:00,78.62,0.2501907911472907,True,28.172613395974896,-10.872066628879091,1.7068980597701207,-0.6068268015170575,False,True,-0.16001969473165012,61.57205240174679,True,31.944444444445047,True,True,-3.0597224573378323,True,False,True,0.7594040324441724,False,False,False,False,Utilities
AEP,2023-09-01 04:00:00,77.52,0.32133642930856565,True,29.91015509032493,-11.405030073080745,1.6846896752511216,-2.281608470944163,False,True,-2.5767476266798206,21.245421245421152,False,25.123152709359143,False,True,-2.1215520284418643,True,True,True,0.9039840181573212,False,False,False,False,Utilities
AEP,2023-09-05 04:00:00,76.0,0.3565789473684209,True,24.85421144033913,-13.028455376380805,1.7883109653487501,-4.040404040404044,False,False,0.39230574538091645,44.943820224719175,True,27.31958762886607,False,False,-2.1254637717655456,True,True,True,1.0600440084248144,True,False,False,False,Utilities
AEP,2023-09-06 04:00:00,76.38,0.33608274417386763,True,28.125242331059344,-12.483931767539824,1.7289971512405682,-4.081376365691325,False,False,0.39230574538091645,44.943820224719175,True,13.414634146341506,False,False,-2.1254637717655456,True,True,True,1.0001649594121538,True,False,False,False,Utilities
AEP,2023-09-28 04:00:00,74.67,0.3740458015267174,True,28.27806240741706,-13.148399325874738,1.851590462421462,-6.522283425137698,False,False,2.95857988165682,14.721485411140781,False,20.56074766355129,False,True,0.3711004537394036,False,False,True,1.1423201770078044,True,False,False,True,Utilities
AEP,2023-10-02 04:00:00,71.84,0.4171770601336302,True,23.612039812575578,-16.199736544027967,2.2093559604608006,-8.693441789527201,False,True,-1.0869565217391353,5.57939914163071,False,20.408163265306115,False,True,-2.5161221498049224,True,False,True,2.1352632730191043,True,True,False,False,Utilities
AEP,2023-10-03 04:00:00,72.81,0.3922538112896581,True,29.44568283913944,-14.940714581952028,2.3391230782600037,-4.624050301283733,False,True,-1.0869565217391353,5.57939914163071,False,35.82554517133965,True,True,-2.5161221498049224,True,False,True,1.8637768770024072,True,False,False,False,Utilities
AEP,2023-10-05 04:00:00,71.33,0.37473713724940416,True,27.47927088505032,-16.412649663935124,2.513014543960004,-4.473014597562608,False,True,-1.0869565217391353,5.57939914163071,False,37.54266211604085,True,True,-2.5161221498049224,True,False,True,2.3550208999783666,True,True,False,False,Utilities
MPC,2023-05-03 04:00:00,110.07,0.6584900517852277,True,27.02876873898617,-3.8441364636615467,3.799397564535821,-10.168938219211633,False,True,-5.54366111026151,10.986267166042403,False,2.545454545454504,False,False,-0.9535789228058311,True,True,False,1.77073940575663,True,False,False,False,Energy
MPC,2023-05-04 04:00:00,105.06,0.7397677517608985,True,23.356221807428,-8.145677769420946,4.106895358482195,-13.481017870377999,False,True,-5.54366111026151,10.986267166042403,False,10.265070613751954,False,False,-0.9535789228058311,True,True,False,1.928922962252989,True,False,False,False,Energy
MPC,2023-05-05 04:00:00,106.9,0.6924228250701587,True,27.265070798934293,-6.476127374699068,3.9750872261845585,-12.377049180327859,False,True,-5.54366111026151,10.986267166042403,False,12.35955056179778,False,False,-0.9535789228058311,True,True,False,1.1310684636489674,True,False,False,False,Energy
MPC,2024-05-14 04:00:00,174.51,-0.05953813535040964,False,29.063632123668498,5.621936342102032,3.0256878353650216,-3.543002432014153,False,True,-7.984273400877051,23.193140057166207,False,83.25581395348823,True,True,9.41291587224864,False,False,False,2.0685749942748397,True,True,False,True,Energy
MPC,2024-05-15 04:00:00,172.65,-0.06012163336229359,False,27.57104881883638,4.449445268583598,3.0218717446295758,-4.576355496600892,False,True,-7.984273400877051,23.193140057166207,False,71.75141242937848,True,True,9.41291587224864,False,False,False,1.1121975220949223,True,False,False,True,Energy
MPC,2024-07-09 04:00:00,162.92,0.10397741222685997,True,29.242568920981345,-2.9081924270952753,2.581053294688026,-6.7910063504777245,False,False,0.46910291307118435,21.1538461538463,False,2.6455026455024946,False,False,-3.1348690531471823,True,True,True,1.367178080051414,True,False,False,False,Energy
MPC,2024-07-10 04:00:00,162.18,0.08293254408681694,True,28.41322482198315,-3.316973843523806,2.520377550524748,-6.868037211439059,False,False,0.46910291307118435,21.1538461538463,False,30.07812499999926,True,False,-3.1348690531471823,True,True,True,0.906785403848423,False,False,False,False,Energy
MPC,2024-10-29 04:00:00,145.28,0.34161618942731264,True,27.67101661647009,-12.786953989216492,3.0663591561228376,-8.190091001011124,False,True,-3.6283940094971268,21.104815864022786,False,6.585788561525072,False,True,-2.490660656758792,True,False,False,1.1458998750338887,True,False,False,False,Energy
MPC,2024-10-30 04:00:00,144.76,0.3525145067698259,True,27.21871343272902,-12.985701259480177,2.964635335639204,-5.853277835587933,False,True,-3.6283940094971268,21.104815864022786,False,22.58064516128956,False,True,-2.490660656758792,True,False,False,1.036148508349828,True,False,False,False,Energy
MPC,2024-10-31 04:00:00,145.47,0.26335326871519893,True,28.926954442891727,-12.449517898631907,2.83469735803784,-4.846938775510202,False,True,-3.6283940094971268,21.104815864022786,False,40.206185567010415,True,False,-2.490660656758792,True,False,False,0.9642633450697995,False,False,False,False,Energy
MPC,2024-11-01 04:00:00,143.13,0.3007755187591701,True,26.702499926781176,-13.7388921339615,2.907059776206914,-6.058020477815706,False,True,-3.6283940094971268,21.104815864022786,False,6.350914962324837,False,False,-2.490660656758792,True,False,False,0.896658062344743,False,False,False,False,Energy
MPC,2024-12-16 05:00:00,138.19,0.21651349591142632,True,25.89730636831524,-15.085943812259625,2.928586064981608,-9.667930448424622,False,True,-3.3365353826449007,25.61531449407477,False,4.206756092422155,False,False,0.6940387681583005,False,False,True,1.5723569848125578,True,False,False,True,Energy
MPC,2024-12-17 05:00:00,137.99,0.21979853612580613,True,25.722661617178197,-15.080328053796318,2.913651614587759,-8.652191182311665,False,True,-3.3365353826449007,25.61531449407477,False,20.03263973888147,False,True,0.6940387681583005,False,False,True,1.7447040098235027,True,False,False,True,Energy
MPC,2024-12-18 05:00:00,135.06,0.21997630682659564,True,23.249065697359253,-16.743597033562548,2.982664964703806,-11.127196157136277,False,True,-3.3365353826449007,25.61531449407477,False,21.790184732344006,False,False,0.6940387681583005,False,False,True,1.614346841369851,True,False,False,True,Energy
MPC,2024-12-19 05:00:00,131.65,0.2639574629699961,True,20.74833181671242,-18.69319215215846,3.172320271134311,-10.001367240907843,False,True,-3.3365353826449007,25.61531449407477,False,15.409836065573748,False,False,0.6940387681583005,False,False,True,1.5180944346416965,True,False,False,True,Energy
MPC,2024-12-20 05:00:00,133.38,0.24254011096116357,True,25.147252456852463,-17.48003142321057,3.0617502774204834,-8.367683429513606,False,True,-3.3365353826449007,25.61531449407477,False,50.6944444444448,True,True,0.6940387681583005,False,False,True,3.747956715207566,True,True,True,True,Energy
MPC,2024-12-23 05:00:00,133.98,0.22174951485296313,True,26.66753335413992,-16.96746937424349,2.9721340477419194,-3.046530139662784,False,True,-3.564330197429444,10.614035087719364,False,64.66165413533838,True,True,0.9450944230108282,False,False,True,1.1066817236338042,True,False,False,True,Energy
NXPI,2022-01-27 05:00:00,187.96,-0.04511598212385626,False,29.020985274541196,-9.454186318341764,4.966470814765863,-5.836380942838537,False,False,1.7891835720417415,30.294450736126926,True,10.731373889268756,False,False,1.279410833318595,False,False,True,1.6309786009857323,True,False,False,True,Tech
NXPI,2023-10-25 04:00:00,175.94,0.3820620666136183,True,29.090994680865506,-7.7760092767490825,3.2174083025659455,-8.933747412008275,False,True,-2.271128529796007,9.907120743034074,False,11.793214862681584,False,True,0.4694576142342699,False,False,True,1.601796806208085,True,False,False,True,Tech
NXPI,2023-10-30 04:00:00,170.18,0.44153249500528835,True,28.074159067192163,-10.594222000529008,3.673786888157126,-6.673978612558262,False,True,-4.493573264781492,8.602930509212245,False,51.29365435766371,True,True,2.154430777788874,False,False,True,2.137262693242125,True,True,False,True,Tech
PSA,2022-05-06 04:00:00,336.88,-0.11158275943956297,False,24.449333157051456,-2.3624884432153572,3.370440098828232,-9.318977119784655,False,True,-1.5030599755201934,1.7721518987342926,False,30.927835051546364,True,True,0.9585429080981589,False,False,False,1.5234235815151178,True,False,False,False,RealEstate
PSA,2022-05-09 04:00:00,313.69,-0.043609933373712884,False,19.243338284436735,-9.00136887913331,3.9109676492288368,-12.875989445910296,False,True,-7.669748483944727,3.1930766935243016,False,5.0659630606859105,False,False,6.472352481875543,False,False,False,1.489325482783245,True,False,False,True,RealEstate
PSA,2022-05-10 04:00:00,312.37,-0.055607132567148,False,18.99540031845952,-9.299596520192631,3.850701033235704,-12.50385143273297,False,True,-7.669748483944727,3.1930766935243016,False,11.447811447811285,False,False,6.472352481875543,False,False,False,1.545676694865864,True,False,False,True,RealEstate
PSA,2022-05-11 04:00:00,312.79,-0.053710156974327905,False,19.351457039187995,-9.094629802480567,3.7594244570236253,-11.932314103105558,False,True,-7.669748483944727,3.1930766935243016,False,8.96122453922366,False,False,6.472352481875543,False,False,False,1.2618947138296217,True,False,False,True,RealEstate
PSA,2022-05-12 04:00:00,314.14,-0.06414337556503458,False,20.56015299257308,-8.623159607063094,3.651200758274622,-10.058121224267758,False,True,-7.669748483944727,3.1930766935243016,False,58.49546044098577,True,True,6.472352481875543,False,False,False,0.9165085743235719,False,False,False,True,RealEstate
PSA,2022-05-13 04:00:00,318.53,-0.09317803660565704,False,24.52164170695446,-7.27842300454953,3.516566432553351,-5.447043457611023,False,True,-7.669748483944727,3.1930766935243016,False,67.44487678339821,True,True,6.472352481875543,False,False,False,0.9024189558879202,False,False,False,True,RealEstate
PSA,2022-05-16 04:00:00,319.17,-0.10073001848544672,False,25.107989976544278,-7.026514139776058,3.3690542825130914,1.7469476234499126,False,True,-9.318977119784655,10.570824524312899,False,47.106598984771324,True,True,9.102030234663117,False,False,False,0.6901695742970996,False,False,False,True,RealEstate
PSA,2022-05-17 04:00:00,316.46,-0.10004423939834406,False,24.248975281128004,-7.7441831277617,3.3584505646270224,1.3093446873899461,False,True,-9.318977119784655,10.570824524312899,False,42.4764019988894,True,True,9.102030234663117,False,False,False,0.7261788524496008,False,False,False,True,RealEstate
PSA,2022-05-18 04:00:00,306.9,-0.07168458781362008,False,21.459732965995364,-10.43730592818359,3.4667175100926957,-1.883052527254725,False,True,-9.318977119784655,10.570824524312899,False,8.993973110801793,False,True,9.102030234663117,False,False,False,0.7151552933977123,False,False,False,True,RealEstate
PSA,2022-05-19 04:00:00,309.77,-0.0815443716305646,False,24.275757785292768,-9.513320385804853,3.3914938848677663,-1.3910995097727197,False,True,-9.318977119784655,10.570824524312899,False,23.147092360319505,False,False,9.102030234663117,False,False,False,1.2232636528389906,True,False,False,True,RealEstate
PSA,2022-05-20 04:00:00,312.91,-0.08120545843852878,False,27.345073799588757,-8.517849660125188,3.2228755391329647,-1.764355005807916,False,True,-9.318977119784655,10.570824524312899,False,75.48806941431687,True,True,9.102030234663117,False,False,False,0.6727271759162812,False,False,False,True,RealEstate
PSA,2022-06-13 04:00:00,297.48,-0.044910582224015116,False,29.580011711385602,-12.331608267613335,3.316853764102755,-7.760999658925294,False,True,-1.504005718199941,69.56193353474343,True,20.26066350710944,False,False,-2.3059530806984863,True,False,False,1.0184210536594283,True,False,False,False,RealEstate
PSA,2022-06-14 04:00:00,297.84,-0.03424657534246567,False,29.91016280504034,-12.118610013932829,3.2486448981928797,-9.922879177377897,False,True,-1.504005718199941,69.56193353474343,True,39.49930458970839,True,True,-2.3059530806984863,True,False,False,1.1542788056587068,True,False,False,False,RealEstate
PSA,2022-09-20 04:00:00,306.28,-0.140818858560794,False,28.358580201440677,-8.174292845801265,2.413436561808767,-6.562128191830152,False,False,1.852908495750638,0.0,False,41.707717569786105,True,True,-2.866606192114207,True,True,True,1.0158403717314228,True,False,False,False,RealEstate
PSA,2022-09-21 04:00:00,301.73,-0.12511185496967492,False,26.201907293735186,-9.452488475790258,2.4689612643186805,-7.068498213625718,False,False,1.852908495750638,0.0,False,2.1951219512195985,False,True,-2.866606192114207,True,True,True,0.7237488017672827,False,False,False,False,RealEstate
PSA,2022-09-22 04:00:00,298.91,-0.11769428925094516,False,24.93614679038383,-10.206739147518894,2.474819431954526,-4.70254415609258,False,False,1.852908495750638,0.0,False,70.14388489208692,True,True,-2.866606192114207,True,True,True,1.0309018097388853,True,False,False,False,RealEstate
PSA,2022-09-23 04:00:00,295.07,-0.1055681702646829,False,23.286504662941105,-11.25997445784882,2.49800957479142,-5.773590930863803,False,False,1.852908495750638,0.0,False,45.99277978339346,True,True,-2.866606192114207,True,True,True,0.8939349502054658,False,False,False,False,RealEstate
PSA,2022-09-26 04:00:00,290.82,-0.08885221098961549,False,21.584558014019354,-12.428877615401907,2.567651052697828,-6.9376,False,True,-7.66894680976532,11.712887438825376,False,58.584534731323366,True,True,5.732634368133693,False,False,True,1.107735539219428,True,False,False,True,RealEstate
PSA,2022-09-27 04:00:00,287.49,-0.08073324289540518,False,20.330739170830647,-13.315748826426027,2.6215609061911644,-6.134909233381213,False,True,-7.66894680976532,11.712887438825376,False,20.616113744075943,False,True,5.732634368133693,False,False,True,0.7189017633750948,False,False,False,True,RealEstate
PSA,2022-09-28 04:00:00,292.57,-0.09929247701404798,False,27.27140291755051,-11.680464370624412,2.574656879177065,-3.035826732509206,False,True,-7.66894680976532,11.712887438825376,False,53.877005347593844,True,True,5.732634368133693,False,False,True,0.930939947287021,False,False,False,True,RealEstate
PSA,2022-09-29 04:00:00,287.49,-0.09304671466833625,False,24.932261033052935,-13.099730169482196,2.64567605353499,-3.8205479910340956,False,True,-7.66894680976532,11.712887438825376,False,50.951683748170225,True,True,5.732634368133693,False,False,True,0.8595720993361535,False,False,False,True,RealEstate
PSA,2022-10-07 04:00:00,283.67,-0.042937215778898086,False,28.616118560351467,-13.65660122049869,2.6171344481189034,-3.121478091595231,False,True,-5.773590930863803,15.098364541360503,False,43.79336931380148,True,True,1.305838632244427,False,False,True,1.0002599376920869,True,False,False,False,RealEstate
PSA,2023-10-24 04:00:00,242.65,0.39464248918194933,True,27.29011466944439,-14.793462166027243,2.390003356796419,-11.123727199472555,False,False,3.0874720612190654,2.204261572373336,False,16.702425246462838,False,False,0.5860270957119607,False,False,True,1.6950335567330548,True,False,False,False,RealEstate
PSA,2023-10-25 04:00:00,237.99,0.413252657674692,True,24.872182920317645,-16.292976063172645,2.458430452914128,-10.741476953081042,False,False,3.0874720612190654,2.204261572373336,False,31.051752921536075,True,False,0.5860270957119607,False,False,True,1.4304130642863804,True,False,False,False,RealEstate
PSA,2023-10-26 04:00:00,238.78,0.4097076807102773,True,26.068087356838287,-15.881066152396492,2.379824891220081,-7.628626692456475,False,False,3.0874720612190654,2.204261572373336,False,19.448476052249976,False,False,0.5860270957119607,False,False,True,1.6739011143606528,True,False,False,False,RealEstate
PSA,2023-10-27 04:00:00,238.57,0.3885232845705664,True,25.949835707647903,-15.821407146362118,2.3902267791519414,-5.024085353716313,False,False,3.0874720612190654,2.204261572373336,False,61.073825503355685,True,True,0.5860270957119607,False,False,True,1.2055014775606145,True,False,False,False,RealEstate
PSA,2023-10-30 04:00:00,238.82,0.4062055104262625,True,26.37800058965888,-15.601069659889008,2.4087397666890853,-3.6744242326463117,False,True,-7.691459650154342,1.4630288651641132,False,65.88602654176422,True,True,7.1352241997956645,False,False,True,1.6187507959376715,True,False,False,True,RealEstate
PSA,2023-10-31 04:00:00,238.71,0.3784927317665787,True,26.305927027326778,-15.508456770285623,2.643769189168248,-1.6237378940861302,False,True,-7.691459650154342,1.4630288651641132,False,40.751658069270476,True,True,7.1352241997956645,False,False,True,1.6979195454694849,True,False,False,True,RealEstate
PSA,2024-12-19 05:00:00,289.33,-0.10334220440327646,False,20.010654001420527,-8.648201181236,2.583780832691778,-9.807038872782826,False,True,-4.036776325240632,15.090090090090136,False,4.824561403508537,False,False,1.3815948372596365,False,False,False,1.4026324155432284,True,False,False,True,RealEstate
JCI,2022-02-23 05:00:00,63.83,-0.020053266489111765,False,27.04960526759679,-9.263033779459708,3.043354111228616,-5.71639586410636,False,True,-1.5117830146731848,7.843137254902145,False,15.639810426540206,False,True,0.3041693805344581,False,False,False,0.728791298453851,False,False,False,True,Other
JCI,2022-02-24 05:00:00,63.81,-0.016768531578122525,False,27.00675850724338,-9.207524792871883,3.0759227259009934,-5.452659653281955,False,True,-1.5117830146731848,7.843137254902145,False,33.258426966292205,True,True,0.3041693805344581,False,False,False,1.1788919644705453,True,False,False,True,Other
JCI,2022-03-01 05:00:00,62.58,0.01773729626078624,True,28.81489320707511,-10.733634285360976,3.185394183608328,-4.04783808647654,False,True,-1.6252821670428852,6.45161290322591,False,14.666666666666591,False,False,-1.5017357503534057,True,False,False,1.0044943451689348,True,False,False,False,Other
JCI,2022-03-07 05:00:00,60.31,0.07809650140938484,True,28.612801079916682,-13.632393831539869,3.4548082289209776,-7.15825123152708,False,False,0.0917852225791771,84.19753086419753,True,2.006688963210777,False,True,0.33935810018543844,False,False,False,1.0358676984911623,True,False,False,False,Other
JCI,2022-03-08 05:00:00,60.17,0.05201927871032064,True,28.35389813445471,-13.714117964710356,3.4529230225324845,-3.851070629594111,False,False,0.0917852225791771,84.19753086419753,True,17.50000000000007,False,False,0.33935810018543844,False,False,False,0.870989953059307,False,False,False,False,Other
JCI,2022-05-05 04:00:00,54.18,0.16445182724252505,True,27.995396158605242,-19.782618121411154,4.3342246123763095,-11.902439024390244,False,False,2.2753128555176305,2.1317829457364246,False,22.831050228310527,False,True,2.9630783234315228,False,False,True,1.9194184562644672,True,False,False,False,Other
JCI,2022-05-06 04:00:00,53.26,0.1825009387908374,True,26.628460234727516,-20.978486526681504,4.319467522505673,-11.040587940537828,True,False,2.2753128555176305,2.1317829457364246,False,56.71641791044747,True,True,2.9630783234315228,False,False,True,1.3847354241742058,True,False,False,False,Other
JCI,2022-05-09 04:00:00,51.77,0.2033996523082866,True,24.538701089240423,-23.011548002783424,4.435432715075578,-15.889520714865956,True,True,-4.862545685682507,10.062893081761016,False,42.37288135593229,True,True,-0.7135821628008521,True,False,True,1.175913675459582,True,False,False,True,Other
JCI,2022-05-10 04:00:00,51.2,0.21210937500000004,True,23.77017977462204,-23.678016896412505,4.539342315252532,-17.29930544338555,True,True,-4.862545685682507,10.062893081761016,False,39.33980871571602,True,True,-0.7135821628008521,True,False,True,1.0835435959315627,True,False,False,True,Other
JCI,2022-05-11 04:00:00,51.03,0.21555947481873416,True,23.533452260986756,-23.74986009261099,4.556684086436669,-9.713375796178347,True,True,-4.862545685682507,10.062893081761016,False,9.401709401709368,False,True,-0.7135821628008521,True,False,True,1.546368287255582,True,False,False,True,Other
JCI,2022-05-12 04:00:00,51.01,0.22368163105273475,True,23.50379575161036,-23.598968707698344,4.553531038873642,-5.8508674787744575,True,True,-4.862545685682507,10.062893081761016,False,51.09170305676866,True,True,-0.7135821628008521,True,False,True,0.9669651061832152,False,False,False,True,Other
JCI,2022-05-13 04:00:00,52.21,0.16452786822447796,True,29.263668122917277,-21.631643882689218,4.35820045121115,-1.9714607585429866,True,True,-4.862545685682507,10.062893081761016,False,21.582733812949424,False,True,-0.7135821628008521,True,False,True,0.6339031598992056,False,False,False,True,Other
JCI,2022-05-16 04:00:00,51.81,0.19610113877629787,True,28.49350576230607,-22.05963731547383,4.269778851642738,0.07726482518832789,True,True,-11.040587940537828,13.864329195908773,False,66.90647482014384,True,True,13.030570987615796,False,False,False,0.6650184242766893,False,False,False,True,Other
JCI,2022-05-18 04:00:00,51.42,0.22948269155970435,True,29.187471115130332,-22.308880472213406,4.076395068752543,0.7642563198118735,True,True,-11.040587940537828,13.864329195908773,False,27.61194029850735,False,True,13.030570987615796,False,False,False,0.84592974486717,False,False,False,True,Other
JCI,2022-05-20 04:00:00,51.11,0.21248288006260996,True,29.77790858607753,-22.43643822913788,4.1196450652212935,-2.1068760773798156,True,True,-11.040587940537828,13.864329195908773,False,51.49253731343294,True,True,13.030570987615796,False,False,False,0.6603739223212084,False,False,False,True,Other
JCI,2022-06-16 04:00:00,47.37,0.38695376820772664,True,28.331204370123736,-25.65687515514367,3.775898364020241,-11.82055100521221,True,False,-0.5483458234326499,39.31034482758631,True,20.45454545454536,False,True,-3.4380653495750813,True,False,False,1.1510245409108375,True,False,False,False,Other
JCI,2022-06-17 04:00:00,47.23,0.40757992801185705,True,28.04480002850148,-25.68524853128166,3.7404131326144174,-9.0331278890601,True,False,-0.5483458234326499,39.31034482758631,True,22.972972972973142,False,True,-3.4380653495750813,True,False,False,2.175779832501416,True,True,False,False,Other
JCI,2022-06-21 04:00:00,47.4,0.37848101265822787,True,28.98361219201914,-25.22865300399254,3.6184994865791533,-5.634083217200869,True,True,-4.576364638853148,4.485488126649122,False,24.36460921077737,False,False,-0.45729705885582117,True,True,False,1.1777789203788576,True,False,False,False,Other
JCI,2022-06-22 04:00:00,47.44,0.36994097807757154,True,29.217623807446618,-24.977696323763844,3.5574551066461004,-4.354838709677422,True,True,-4.576364638853148,4.485488126649122,False,8.27067669172929,False,False,-0.45729705885582117,True,True,False,1.2757190885786138,True,False,False,False,Other
JCI,2022-06-23 04:00:00,47.41,0.3921113689095128,True,29.14006781831804,-24.837980553058983,3.5073277388296367,-4.913758523866829,True,True,-4.576364638853148,4.485488126649122,False,73.88059701492533,True,True,-0.45729705885582117,True,True,False,1.135170080276095,True,False,False,False,Other
JCI,2023-09-21 04:00:00,55.22,0.3630930822165881,True,23.883786141619236,-10.607915511988558,2.113349880006639,-3.3263305322128844,False,True,-4.064904650384749,33.424657534246556,True,3.791469194312717,False,True,1.2378775061515856,False,False,True,0.9620424477459706,False,False,False,True,Other
JCI,2023-09-22 04:00:00,55.15,0.369900271985494,True,23.62239593969966,-10.625890624933369,2.073681317007597,-3.4657798004551044,False,True,-4.064904650384749,33.424657534246556,True,16.071428571428406,False,False,1.2378775061515856,False,False,True,0.7272816252576881,False,False,False,True,Other
JCI,2023-09-25 04:00:00,55.09,0.3764748593211107,True,23.386140089659474,-10.627766302355901,2.0171223974128,-4.291174426685195,False,True,-0.38360941586748076,43.79977246871456,True,42.42424242424281,True,False,-3.155684277259596,True,False,True,0.7767398070021737,False,False,False,True,Other
JCI,2023-09-26 04:00:00,54.18,0.4126984126984128,True,20.102318190139982,-11.998066706038054,2.064022764535049,-5.378973105134477,False,True,-0.38360941586748076,43.79977246871456,True,2.479338842975299,False,False,-3.155684277259596,True,False,True,0.7764499419867922,False,False,False,True,Other
JCI,2023-09-27 04:00:00,54.54,0.4156582324899156,True,24.612226934871828,-11.312617952492342,2.0650162318254184,-3.4861086533356955,False,True,-0.38360941586748076,43.79977246871456,True,20.910991908355054,False,False,-3.155684277259596,True,False,True,1.2129099391867473,True,False,False,True,Other
JCI,2023-09-28 04:00:00,53.19,0.4591088550479414,True,20.043261098831742,-13.391442677237592,2.379794548772403,-3.6762042738138323,False,True,-0.38360941586748076,43.79977246871456,True,9.311740890688137,False,False,-3.155684277259596,True,False,True,1.9183024137302933,True,False,False,True,Other
JCI,2023-09-29 04:00:00,53.21,0.44352565307273073,True,20.2793734000498,-13.24355668409358,2.384831713479816,-3.5176790571169514,False,True,-0.38360941586748076,43.79977246871456,True,32.06106870229015,True,False,-3.155684277259596,True,False,True,0.9587021590730188,False,False,False,True,Other
JCI,2023-10-02 04:00:00,52.38,0.4618174875906833,True,17.915014096172282,-14.472611491169223,2.4036704865071092,-4.919223089489922,False,True,-3.4657798004551044,14.329738058551516,False,26.548672566372,False,False,0.4566733268123846,False,False,True,0.8935189723467346,False,False,False,False,Other
JCI,2023-10-03 04:00:00,51.97,0.4525687896863575,True,16.868770481254128,-15.014023730323114,2.366413839140921,-4.078995939461061,False,True,-3.4657798004551044,14.329738058551516,False,57.14285714285714,True,True,0.4566733268123846,False,False,True,0.7319088589073945,False,False,False,False,Other
JCI,2023-10-04 04:00:00,52.16,0.4509202453987733,True,19.223047473865865,-14.578345479687856,2.2893471377382744,-4.363769710304366,False,True,-3.4657798004551044,14.329738058551516,False,51.36986301369885,True,True,0.4566733268123846,False,False,True,0.8445987472630163,False,False,False,False,Other
JCI,2023-10-05 04:00:00,51.33,0.47184882135203576,True,16.963056805651416,-15.804103456186692,2.314659357042065,-3.4968979131415723,False,True,-3.4657798004551044,14.329738058551516,False,25.454545454545524,False,True,0.4566733268123846,False,False,True,1.1990950626209045,True,False,False,False,Other
JCI,2023-10-06 04:00:00,52.35,0.458452722063037,True,28.14346013329583,-14.010103533541876,2.3434971242469635,-1.616237549332833,False,True,-3.4657798004551044,14.329738058551516,False,12.138728323699082,False,True,0.4566733268123846,False,False,True,1.0188080986599994,True,False,False,False,Other
JCI,2023-10-19 04:00:00,49.2,0.5684959349593495,True,26.441888136260957,-18.152193133930776,2.6109278573237233,-6.035141329258975,False,True,-1.616237549332833,60.185185185185276,True,6.547619047619015,False,False,-2.2092075331348493,True,False,True,1.2949960402040193,True,False,False,False,Other
JCI,2023-10-20 04:00:00,48.71,0.5733935536850749,True,25.14106252644198,-18.814122117833882,2.5448711874127534,-5.673896204492646,False,True,-1.616237549332833,60.185185185185276,True,9.923664122137147,False,False,-2.2092075331348493,True,False,True,1.6441296441104443,True,False,False,False,Other
JCI,2023-10-23 04:00:00,48.4,0.5801652892561984,True,24.325715420936177,-19.1753417241221,2.5125277184258823,-8.054711246200608,False,True,-1.3562559694364817,16.14349775784753,False,8.791208791208636,False,False,-1.934251839494039,True,True,True,1.413909397280331,True,False,False,False,Other
JCI,2023-10-24 04:00:00,48.72,0.5775862068965518,True,26.95900461235638,-18.48977684098002,2.4672801437273715,-7.744745313387624,False,True,-1.3562559694364817,16.14349775784753,False,28.57142857142857,False,False,-1.934251839494039,True,True,True,1.6773691507271158,True,False,False,False,Other
JCI,2023-10-25 04:00:00,48.1,0.5954261954261952,True,25.134100795047495,-19.37039542233527,2.442347121816406,-4.82785912148792,False,True,-1.3562559694364817,16.14349775784753,False,24.691358024691638,False,False,-1.934251839494039,True,True,True,1.0977985309365403,True,False,False,False,Other
JCI,2023-10-27 04:00:00,48.21,0.5986309894212818,True,29.196850223008365,-18.886953998302957,2.417209097796352,-1.026483268322731,False,True,-1.3562559694364817,16.14349775784753,False,15.340909090908944,False,False,-1.934251839494039,True,True,True,0.7611936133279702,False,False,False,False,Other
TFC,2022-04-13 04:00:00,52.0,-0.34115384615384614,False,28.699583769164498,-12.29930141090395,3.322734921613545,-5.005480453050792,False,True,-7.952087838961908,4.78547854785477,False,34.69387755102061,True,False,4.246722859062557,False,False,False,1.4833769608511274,True,False,False,False,Finance
TFC,2022-04-14 04:00:00,52.14,-0.35078634445723056,False,29.584413701103504,-11.957505257242056,3.2305452449596643,-3.229398663697103,False,True,-7.952087838961908,4.78547854785477,False,32.14285714285717,True,True,4.246722859062557,False,False,False,1.2288541554626968,True,False,False,False,Finance
TFC,2022-04-22 04:00:00,50.89,-0.40204362350167033,False,29.316266139687098,-13.557070839361367,3.286147515867731,-2.397391637897972,False,True,-2.638713175492502,24.645390070921994,False,6.369426751592446,False,False,-2.0586670218714964,True,False,True,1.0162685839065655,True,False,False,False,Finance
TFC,2022-04-25 04:00:00,50.84,-0.39811172305271436,False,29.17116476458485,-13.52461917629572,3.3347148084643905,-3.4561336878085713,False,True,-3.211434935956925,15.841584158415966,False,66.91729323308283,True,True,-1.5652323980191785,True,True,False,1.7411225666569368,True,False,False,False,Finance
TFC,2022-04-26 04:00:00,50.53,-0.3789827825054424,False,28.237969117544,-13.931567217451523,3.3049386661534665,-2.8456066141126612,False,True,-3.211434935956925,15.841584158415966,False,16.417910447761596,False,True,-1.5652323980191785,True,True,False,1.4043512719383102,True,False,False,False,Finance
TFC,2022-04-27 04:00:00,50.53,-0.35523451415000995,False,28.237969117544004,-13.8120913325827,3.1883197540492922,-3.8805402320715165,False,True,-3.211434935956925,15.841584158415966,False,37.86982248520718,True,True,-1.5652323980191785,True,True,False,1.0768953090957454,True,False,False,False,Finance
TFC,2022-04-28 04:00:00,50.25,-0.3727363184079602,False,27.322374811749086,-14.167639670041273,3.1291760671463256,-3.569372481289579,False,True,-3.211434935956925,15.841584158415966,False,58.87850467289743,True,True,-1.5652323980191785,True,True,False,1.6783176087672373,True,False,False,False,Finance
TFC,2022-04-29 04:00:00,48.35,-0.3977249224405377,False,22.0885704303232,-17.26970043775733,3.3773589390801257,-4.991157398310076,False,True,-3.211434935956925,15.841584158415966,False,5.3719008264463834,False,True,-1.5652323980191785,True,True,False,1.3514360156726508,True,False,False,False,Finance
TFC,2022-05-02 04:00:00,48.94,-0.42521454842664486,False,26.779052500944452,-16.124463832578197,3.288047990482243,-3.737214791502763,False,True,-2.397391637897972,17.96407185628745,False,73.84615384615367,True,True,-0.8968193141268177,True,True,True,1.4250477173779417,True,False,False,True,Finance
TFC,2022-05-10 04:00:00,47.46,-0.4346818373367046,False,28.434854496896598,-17.90620366194777,3.43404547412284,-4.333803668615199,False,True,-4.991157398310076,4.290429042904374,False,25.104602510460307,False,True,-1.4252649166633713,True,True,True,0.9698062494026174,False,False,False,True,Finance
TFC,2022-05-11 04:00:00,46.85,-0.41728922091782283,False,26.76808496320982,-18.80816462776799,3.5443472734019057,-7.702915681639078,False,True,-4.991157398310076,4.290429042904374,False,3.398058252427195,False,False,-1.4252649166633713,True,True,True,0.7311098223111356,False,False,False,True,Finance
TFC,2022-05-12 04:00:00,46.47,-0.40025823111684955,False,25.755272274425263,-19.310416390486594,3.5240626930822208,-6.026289180990907,False,True,-4.991157398310076,4.290429042904374,False,61.788617886179075,True,True,-1.4252649166633713,True,True,True,0.7921322962667711,False,False,False,True,Finance
TFC,2022-05-13 04:00:00,46.31,-0.4133016627078385,False,25.32085088856664,-19.43120231015359,3.4587122705955218,-5.605381165919288,False,True,-4.991157398310076,4.290429042904374,False,39.20704845814987,True,True,-1.4252649166633713,True,True,True,0.87141467013994,False,False,False,True,Finance
TFC,2022-05-16 04:00:00,46.12,-0.37294015611448383,False,24.786196373021212,-19.603671960998316,3.3968042192210097,-5.0442660078237616,False,True,1.4684591520165435,38.58520900321554,True,54.054054054053566,True,True,-1.7847939669720536,True,True,True,0.8003068904907522,False,False,False,True,Finance
TFC,2022-09-27 04:00:00,43.04,-0.34409851301115235,False,29.11436970896402,-16.876615715364615,2.9369507833208814,-8.987100866990904,False,True,-1.7739273927392718,30.9148264984226,True,34.04255319148922,True,True,0.5809384368238968,False,False,True,0.8683084466177862,False,False,False,True,Finance
TFC,2023-03-09 05:00:00,41.62,-0.10547813551177321,False,24.046019023843698,-12.713566594409581,2.8298002833782823,-8.527472527472534,False,True,-2.907816044545275,48.37209302325581,True,11.999999999999744,False,False,-1.2336755729035032,True,True,True,2.26439399643835,True,True,False,False,Finance
TFC,2023-03-10 05:00:00,38.84,-0.04917610710607634,False,18.52169269209187,-18.393269958181932,3.5081501789845766,-16.003460207612452,False,True,-2.907816044545275,48.37209302325581,True,33.90705679862327,True,False,-1.2336755729035032,True,True,True,3.888605017620044,True,True,True,False,Finance
TFC,2023-03-13 04:00:00,32.24,0.13058312655086857,True,11.668081970357916,-32.0423868370844,5.769973387922928,-30.125704377980057,True,True,-1.7841971112999122,44.38687392055275,True,34.055118110236215,True,True,-0.07315809672238105,True,True,True,6.366569801347237,True,True,True,True,Finance
TFC,2023-03-14 04:00:00,31.88,0.09849435382685079,True,11.419858563029521,-32.58117699850221,6.49827757292135,-27.676950998185113,True,True,-1.7841971112999122,44.38687392055275,True,10.580912863070505,False,True,-0.07315809672238105,True,True,True,3.9583108919018213,True,True,True,True,Finance
TFC,2023-03-15 04:00:00,32.1,0.08598130841121487,True,12.64291433577582,-31.898301115058764,6.511228654476023,-26.662097326936262,True,True,-1.7841971112999122,44.38687392055275,True,36.90987124463514,True,True,-0.07315809672238105,True,True,True,2.868004344110821,True,True,False,True,Finance
TFC,2023-03-16 04:00:00,32.94,0.060412871888281705,True,17.33609321647702,-29.906154782271795,6.941486073191179,-20.855358000961076,True,True,-1.7841971112999122,44.38687392055275,True,65.70247933884296,True,True,-0.07315809672238105,True,True,True,2.7411800607037957,True,True,False,True,Finance
TFC,2023-03-17 04:00:00,30.56,0.168193717277487,True,14.89448094907819,-34.743545484247576,7.555355194142499,-21.318228630278067,True,True,-1.7841971112999122,44.38687392055275,True,11.828592935103979,False,True,-0.07315809672238105,True,True,True,2.651198331933942,True,True,False,True,Finance
TFC,2023-03-20 04:00:00,30.91,0.19120025881591718,True,16.75133811058368,-33.77214195503065,7.36837711218961,-4.125310173697272,True,True,-16.003460207612452,11.212293682413273,False,6.748466257668681,False,True,14.32615007932192,False,False,False,1.4111533895737023,True,False,False,True,Finance
TFC,2023-03-21 04:00:00,33.7,0.12908011869436176,True,29.88415239811169,-27.59403370903283,6.8754450508502565,5.708908406524471,True,True,-16.003460207612452,11.212293682413273,False,18.59838274932589,False,False,14.32615007932192,False,False,False,1.4014137505742617,True,False,False,True,Finance
TFC,2023-03-22 04:00:00,32.49,0.1600492459218219,True,27.83340253018411,-29.983418447024413,7.04311761152332,1.2149532710280297,True,True,-16.003460207612452,11.212293682413273,False,8.093994778067948,False,False,14.32615007932192,False,False,False,1.3304536037150707,True,False,False,True,Finance
TFC,2023-03-23 04:00:00,32.57,0.15443659809640775,True,28.184300169727187,-29.60219797999631,6.8946041176786395,-1.1232544019429191,True,True,-16.003460207612452,11.212293682413273,False,20.118343195266416,False,False,14.32615007932192,False,False,False,0.9685828468066772,False,False,False,True,Finance
TFC,2023-03-24 04:00:00,32.89,0.14320462146549096,True,29.65764962671267,-28.7054491730498,6.646059005052147,7.624345549738232,True,True,-16.003460207612452,11.212293682413273,False,15.60283687943258,False,False,14.32615007932192,False,False,False,0.8323369406679884,False,False,False,True,Finance
TFC,2023-05-04 04:00:00,26.21,0.5040061045402517,True,27.544502581133,-38.67209242358705,6.291648998431687,-16.475462077756532,True,True,-5.353383458646621,1.0101010101009884,False,28.26086956521748,False,False,0.8109676411381939,False,False,False,2.4865244608766406,True,True,False,True,Finance
TFC,2023-08-22 04:00:00,28.05,0.4926916221033866,True,28.061265956439897,-23.572498913959507,3.3102139239557897,-5.236486486486491,True,True,-1.0601808543810431,46.66666666666671,True,13.51351351351367,False,True,-2.9190963452444096,True,True,True,1.054189594538059,True,False,False,True,Finance
NEM,2022-05-12 04:00:00,65.35,-0.27941851568477416,False,26.19936801652788,-2.4573028814743507,4.242309964291617,-9.66270389825824,False,False,-2.241009125067095,3.3003219226893115,False,28.06539509536787,False,False,-2.0150624514444715,True,False,False,1.3968886068594866,True,False,False,False,Materials
NEM,2022-05-13 04:00:00,65.25,-0.30850574712643686,False,26.04918902396751,-2.5812983671198086,4.09967644243453,-10.45697818032113,False,False,-2.241009125067095,3.3003219226893115,False,40.425531914893234,True,True,-2.0150624514444715,True,False,False,0.9055405992964082,False,False,False,False,Materials
NEM,2022-05-16 04:00:00,65.45,-0.3162719633307869,False,26.95106524718335,-2.260497015783288,3.907072511508337,-5.034822983168885,False,False,0.027453671928645562,21.144278606965333,False,75.12195121951243,True,True,-1.9730105899259498,True,True,False,0.8458743709457872,False,False,False,False,Materials
NEM,2022-05-17 04:00:00,65.5,-0.3393893129770992,False,27.19013186257352,-2.164550940938395,3.8269712610870967,-4.057419071334401,False,False,0.027453671928645562,21.144278606965333,False,29.729729729729666,False,True,-1.9730105899259498,True,True,False,0.6167148200077404,False,False,False,False,Materials
NEM,2022-05-18 04:00:00,63.88,-0.31653099561678155,False,24.40345819564358,-4.540754281309983,3.8573061418906693,-6.635486699795379,False,False,0.027453671928645562,21.144278606965333,False,10.471204188481805,False,True,-1.9730105899259498,True,True,False,0.7623691541639812,False,False,False,False,Materials
NEM,2022-07-14 04:00:00,54.99,-0.18857974177123116,False,26.27745018029964,-16.574004476195665,3.9778938019160215,-8.150993819943197,False,True,-4.689934559052666,48.892405063291136,True,9.774436090225592,False,False,1.5286076312705843,False,False,True,1.6016044859279914,True,False,False,True,Materials
NEM,2022-07-15 04:00:00,54.73,-0.1781472684085511,False,25.82331074692773,-16.82802578805304,3.9540562007983433,-7.799865229110514,False,True,-4.689934559052666,48.892405063291136,True,43.54838709677395,True,False,1.5286076312705843,False,False,True,0.9976175310451021,False,False,False,True,Materials
NEM,2022-07-18 04:00:00,54.81,-0.17569786535303777,False,26.245682400486412,-16.567759344439665,3.836984187330275,-6.76985881952713,False,True,-2.9589668137976144,47.12041884816746,True,3.9062500000003295,False,False,-1.9804729945168575,True,False,True,0.7126945006386768,False,False,False,False,Materials
NEM,2022-07-19 04:00:00,54.65,-0.22323879231472998,False,25.92769789739641,-16.671924192021375,3.734108408049198,-5.678287884017951,False,True,-2.9589668137976144,47.12041884816746,True,26.01626016260157,False,False,-1.9804729945168575,True,False,True,1.1588188189141593,True,False,False,False,Materials
NEM,2022-07-20 04:00:00,52.31,-0.17396291340087944,False,21.772940015848327,-20.078905695604263,3.9816168972042396,-10.10482900842068,True,True,-2.9589668137976144,47.12041884816746,True,3.0418250950572365,False,False,-1.9804729945168575,True,False,True,1.7868314534203367,True,False,False,False,Materials
NEM,2022-07-21 04:00:00,52.09,-0.17009022845075839,False,21.425323299095595,-20.253035892073314,3.8677823253788755,-5.273686124749954,True,True,-2.9589668137976144,47.12041884816746,True,49.5575221238942,True,True,-1.9804729945168575,True,False,True,1.904963051767679,True,False,False,False,Materials
NEM,2022-07-22 04:00:00,51.39,-0.15139132126872934,False,20.314003279214877,-21.157404929594982,3.963592357152327,-6.102685912662153,True,True,-2.9589668137976144,47.12041884816746,True,23.870967741935516,False,True,-1.9804729945168575,True,False,True,1.6084915548371606,True,False,False,False,Materials
NEM,2022-07-25 04:00:00,44.59,-0.025566270464229657,False,13.168384859831074,-31.37426251519973,5.42555529113311,-18.646232439335886,True,True,-7.799865229110514,14.438502673796707,False,10.034013605442231,False,True,0.5917313810564373,False,False,True,4.258681761969388,True,True,True,True,Materials
NEM,2022-07-26 04:00:00,46.14,-0.0873428695275249,False,20.07015867231587,-28.783331333549157,5.192320941871214,-15.571820677035674,True,True,-7.799865229110514,14.438502673796707,False,0.0,False,False,0.5917313810564373,False,False,True,1.8129942983981975,True,False,False,True,Materials
NEM,2022-07-27 04:00:00,45.61,-0.06994080245560175,False,19.49942499118103,-29.393416078197355,5.143699607468901,-12.808258459185629,True,True,-7.799865229110514,14.438502673796707,False,21.764705882352846,False,False,0.5917313810564373,False,False,True,2.1208078538843593,True,True,False,True,Materials
NEM,2022-07-28 04:00:00,45.81,-0.06308666230080773,False,20.419091557888922,-28.877985191485017,4.9799697637080715,-12.056056824726436,True,True,-7.799865229110514,14.438502673796707,False,41.66666666666683,True,False,0.5917313810564373,False,False,True,1.717472300220965,True,False,False,True,Materials
NEM,2022-07-29 04:00:00,45.28,-0.07884275618374559,False,19.77438087260654,-29.492461806445913,4.927627134939849,-11.889472660050593,True,True,-7.799865229110514,14.438502673796707,False,41.772151898734265,True,True,0.5917313810564373,False,False,True,1.4390748153813566,True,False,False,True,Materials
NEM,2022-08-01 04:00:00,44.94,-0.09523809523809523,False,19.352249493218984,-29.812222562414615,4.801796739638554,0.7849293563579218,True,True,-6.102685912662153,10.662824207492793,False,37.75933609958497,True,True,-0.008862091799888283,True,False,True,0.7868860109661577,False,False,False,True,Materials
NEM,2022-08-02 04:00:00,44.84,-0.09812667261373786,False,19.22227584371051,-29.75894969755588,4.7626572117236465,-2.8175119202427323,True,True,-6.102685912662153,10.662824207492793,False,2.168021680217134,False,True,-0.008862091799888283,True,False,True,1.2619579067607685,True,False,False,True,Materials
NEM,2022-08-03 04:00:00,44.4,-0.07950450450450453,False,18.629404854116338,-30.23684227951211,4.673822622036597,-2.652926989695248,True,True,-6.102685912662153,10.662824207492793,False,38.759689922480646,True,True,-0.008862091799888283,True,False,True,0.9546982199535918,False,False,False,True,Materials
NEM,2022-08-04 04:00:00,45.28,-0.10600706713780927,False,23.69820128524226,-28.649296941856218,4.497792177939682,-1.1569526304300415,True,True,-6.102685912662153,10.662824207492793,False,17.588430721125402,False,False,-0.008862091799888283,True,False,True,0.8833538514159857,False,False,False,True,Materials
NEM,2022-08-05 04:00:00,44.77,-0.11011838284565556,False,22.811330868377908,-29.245582042752694,4.44108042315073,-1.1263250883392195,True,True,-6.102685912662153,10.662824207492793,False,46.66666666666693,True,True,-0.008862091799888283,True,False,True,0.6763781698512815,False,False,False,True,Materials
NEM,2022-08-08 04:00:00,44.78,-0.10875390799464058,False,22.87228031729832,-29.02334703661976,4.31387292968474,-0.3560302625723155,True,True,-11.889472660050593,21.768707482993207,False,10.860484544695261,False,True,2.98680586501876,False,False,False,0.8455535101614701,False,False,False,True,Materials
NEM,2022-08-09 04:00:00,45.3,-0.1205298013245032,False,26.138334271784146,-27.99711112143311,4.136357595847799,1.025869759143605,True,True,-11.889472660050593,21.768707482993207,False,85.71428571428599,True,True,2.98680586501876,False,False,False,0.6791349277884902,False,False,False,True,Materials
NEM,2022-08-10 04:00:00,45.74,-0.12133799737647577,False,28.882579244093183,-27.099734080271254,4.000719889116698,3.0180180180180205,True,True,-11.889472660050593,21.768707482993207,False,29.36507936507921,False,True,2.98680586501876,False,False,False,0.6554032278999649,False,False,False,True,Materials
NEM,2022-08-11 04:00:00,45.3,-0.1289183222958057,False,27.771394793872876,-27.600728806689386,3.9544434885944035,0.04416961130742081,True,True,-11.889472660050593,21.768707482993207,False,6.97674418604623,False,True,2.98680586501876,False,False,False,0.6261929517530471,False,False,False,True,Materials
NEM,2022-08-18 04:00:00,44.65,-0.14333706606942886,False,29.991509866000495,-27.683486657153576,3.4769502783487964,-1.4348785871964642,True,True,-1.1263250883392195,31.693989071038363,True,5.502063273727501,False,False,-3.4893385717903236,True,False,False,0.5157620210481458,False,False,False,False,Materials
NEM,2022-08-19 04:00:00,43.53,-0.11325522628072593,False,26.959819432787143,-29.289933974633104,3.5134977340217888,-6.487647690655196,True,True,-1.1263250883392195,31.693989071038363,True,9.166666666666652,False,False,-3.4893385717903236,True,False,False,0.6932537903383869,False,False,False,False,Materials
NEM,2022-08-22 04:00:00,43.82,-0.10565951620264724,False,28.962173377656836,-28.614156072975966,3.4070438037190938,-4.614714845450585,True,False,3.9758767031494058,54.08805031446542,True,18.64573110893013,False,False,-3.8537193962520977,True,True,True,0.6167473330776813,False,False,False,False,Materials
NEM,2022-08-29 04:00:00,42.81,-0.07124503620649392,False,29.920163087358233,-29.288088556916353,3.3527212776240045,-2.304883614787767,True,True,-6.487647690655196,3.9855072463767938,False,7.000000000000028,False,True,-2.653279076365622,True,True,True,1.2108029613699205,True,False,False,False,Materials
NEM,2022-08-30 04:00:00,42.2,-0.0658767772511849,False,28.163464572565537,-30.084904470295953,3.29382189004077,-5.274971941638595,True,True,-6.487647690655196,3.9855072463767938,False,17.47815230961317,False,False,-2.653279076365622,True,True,True,1.0930600422287595,True,False,False,False,Materials
NEM,2022-08-31 04:00:00,41.36,-0.049323017408123726,False,25.907688055149205,-31.26128985864149,3.33049649225678,-7.6785714285714235,True,True,-6.487647690655196,3.9855072463767938,False,16.872427983539005,False,False,-2.653279076365622,True,True,True,1.6504263785413413,True,False,False,False,Materials
NEM,2022-09-01 04:00:00,40.91,-0.050598875580542546,False,24.763392919184597,-31.79193016788608,3.3169350035908534,-9.370846256092168,True,True,-6.487647690655196,3.9855072463767938,False,53.608247422680066,True,True,-2.653279076365622,True,True,True,1.2526846267193363,True,False,False,False,Materials
NEM,2023-02-22 05:00:00,44.23,-0.2927877006556635,False,29.929751722048636,-13.341646102577037,3.620698124088632,-5.9136353967241035,False,False,-3.751253761283857,0.38022813688205326,False,18.367346938775405,False,True,-2.260636929519666,True,False,False,1.2969357546060802,True,False,False,True,Materials
NEM,2023-02-24 05:00:00,43.54,-0.3141938447404685,False,28.146607528019224,-14.456535679020385,3.5495448457911563,-5.038167938931304,False,False,-3.751253761283857,0.38022813688205326,False,44.87179487179499,True,True,-2.260636929519666,True,False,False,0.9701625917155438,False,False,False,True,Materials
NEM,2023-02-27 05:00:00,43.34,-0.3107983387171205,False,27.60560593418596,-14.723476460272202,3.451304261346678,-4.5794804051078835,False,True,-5.335556481867432,18.79699248120303,False,30.5882352941182,True,True,-0.2225038262336998,True,True,False,1.0753862893647554,True,False,False,True,Materials
NEM,2023-02-28 05:00:00,43.61,-0.2834212336620041,False,29.573611653399624,-14.070874077270837,3.367566165898951,-3.453619659065754,False,True,-5.335556481867432,18.79699248120303,False,22.42152466367709,False,True,-0.2225038262336998,True,True,False,1.1455500546659583,True,False,False,True,Materials
NEM,2023-03-07 05:00:00,42.5,-0.20258823529411762,False,29.964022452989553,-15.70188960085646,3.1411048002939754,-2.5452877780325567,False,True,-4.13914575077059,15.486725663716841,False,1.0238907849829715,False,True,-3.2143168687355894,True,True,False,1.2592745784154578,True,False,False,False,Materials
NEM,2023-03-08 05:00:00,42.16,-0.1956831119544592,False,28.92272682165639,-16.239788891217838,3.0961310689929897,-4.399092970521556,False,True,-4.13914575077059,15.486725663716841,False,27.17391304347821,False,False,-3.2143168687355894,True,True,False,0.931819188095145,False,False,False,False,Materials
NEM,2023-03-09 05:00:00,41.74,-0.1557259223766172,False,27.64469746226382,-16.933087660401032,3.0870140261032195,-5.006827492034582,False,True,-4.13914575077059,15.486725663716841,False,5.60747663551423,False,False,-3.2143168687355894,True,True,False,0.7286026066673105,False,False,False,False,Materials
NEM,2023-05-24 04:00:00,41.81,0.004066012915570294,True,29.483501412675864,-14.782445497125341,2.9857681475538596,-6.569832402234632,False,True,-5.706075533661748,13.259668508287215,False,17.619047619047883,False,False,0.055719983434321385,False,False,True,1.0818428367531943,True,False,False,False,Materials
NEM,2023-05-25 04:00:00,40.64,0.04330708661417315,True,26.473282307938366,-17.025415994113636,3.063228629850868,-6.078114166859261,False,True,-5.706075533661748,13.259668508287215,False,5.084745762712028,False,False,0.055719983434321385,False,False,True,1.2823435212682923,True,False,False,False,Materials
NEM,2023-05-26 04:00:00,40.68,0.02359882005899716,True,26.748637689213627,-16.803483338179337,3.0084368410640727,-6.825469537333939,False,True,-5.706075533661748,13.259668508287215,False,36.84210526315793,True,False,0.055719983434321385,False,False,True,0.888714441453907,False,False,False,False,Materials
NEM,2023-05-30 04:00:00,40.4,0.036881188118812025,True,26.01422198569283,-17.233022642913113,2.970264743685155,-6.762058619893841,False,True,-4.962995211144971,17.248908296943192,False,6.741573033707373,False,False,1.9596629892439044,False,False,True,0.8809524083171661,False,False,False,True,Materials
NEM,2023-05-31 04:00:00,40.55,0.034278668310727456,True,27.167890620868285,-16.785573833897555,2.9482174447480065,-4.56578018357262,False,True,-4.962995211144971,17.248908296943192,False,1.758705592683435,False,False,1.9596629892439044,False,False,True,1.9234204005929203,True,False,False,True,Materials
NEM,2023-10-02 04:00:00,35.54,0.5194147439504784,True,25.863192895810567,-19.37941632177867,2.7974788776733437,-12.203557312252954,False,False,1.0166129432184645,33.33333333333333,True,20.76923076923051,False,True,-2.8602718889902845,True,True,True,1.2153537606133722,True,False,False,True,Materials
NEM,2023-10-03 04:00:00,35.21,0.510934393638171,True,24.74012618778987,-19.967716048730153,2.772124784076436,-10.634517766497453,False,False,1.0166129432184645,33.33333333333333,True,6.756756756757315,False,False,-2.8602718889902845,True,True,True,1.3952229957593365,True,False,False,True,Materials
NEM,2023-10-04 04:00:00,35.43,0.5055038103302287,True,27.015473175393105,-19.31135595909549,2.6891751893377425,-4.962446351931337,False,False,1.0166129432184645,33.33333333333333,True,72.30769230769229,True,True,-2.8602718889902845,True,True,True,1.1062430563406722,True,False,False,True,Materials
NEM,2024-01-16 05:00:00,36.01,0.1566231602332686,True,29.243348518249242,-13.042933991985638,3.0054600085275887,-10.489684315187663,False,True,-2.536844648465808,41.75365344467648,True,2.4590163934427043,False,False,-1.0707331712601742,True,True,True,1.12254524563431,True,False,False,False,Materials
NEM,2024-01-17 05:00:00,34.73,0.19982723869853158,True,25.301930954803925,-15.999030271320885,3.163066088996791,-10.21199586349535,False,True,-2.536844648465808,41.75365344467648,True,5.555555555554459,False,False,-1.0707331712601742,True,True,True,1.7476887529081293,True,False,False,False,Materials
NEM,2024-01-18 05:00:00,34.62,0.22328134026574253,True,24.990212371981443,-16.12934810074626,3.0403414799891926,-8.774703557312268,False,True,-2.536844648465808,41.75365344467648,True,51.64835164835091,True,False,-1.0707331712601742,True,True,True,1.1830772872816562,True,False,False,False,Materials
NEM,2024-01-19 05:00:00,34.58,0.20532099479467902,True,24.870223573141352,-16.09077653346813,2.9255888756587947,-7.835820895522405,False,True,-2.536844648465808,41.75365344467648,True,75.00000000000037,True,True,-1.0707331712601742,True,True,True,1.2116588273579416,True,False,False,False,Materials
NEM,2024-01-22 05:00:00,35.0,0.19857142857142862,True,28.739194518912065,-14.94408075765588,2.8732637207421514,-7.013815090329434,False,True,-6.693108577094698,13.434377183124333,False,11.862396204033212,False,True,1.2945639341391368,False,False,True,1.3140352215292181,True,False,False,True,Materials
NEM,2024-01-24 05:00:00,34.44,0.20702671312427423,True,28.42319054887158,-16.05242940590539,3.0112047731917433,-0.8350129570976028,False,True,-6.693108577094698,13.434377183124333,False,1.5151515151515695,False,False,1.2945639341391368,False,False,True,1.4684854249177992,True,False,False,True,Materials
NEM,2024-01-25 05:00:00,34.49,0.19889823137141205,True,28.88529397754328,-15.797081750015113,2.948425218600436,-0.37550548815712403,False,True,-6.693108577094698,13.434377183124333,False,31.12582781456965,True,True,1.2945639341391368,False,False,True,1.1522802713991374,True,False,False,True,Materials
NEM,2024-01-26 05:00:00,34.21,0.21572639579070452,True,27.802793732784444,-16.343480306381977,2.8541892831333318,-1.0699826489300124,False,True,-6.693108577094698,13.434377183124333,False,11.111111111111988,False,False,1.2945639341391368,False,False,True,0.9903353123365746,False,False,False,True,Materials
NEM,2024-02-09 05:00:00,32.79,0.4275693809088137,True,29.74823295535275,-18.514613162565606,2.7358027150054474,-4.707933740191795,False,True,-1.0699826489300124,2.2421524663679,False,35.71428571428557,True,True,-1.5862105523920533,True,False,True,0.9609829753784209,False,False,False,True,Materials
NEM,2024-02-26 05:00:00,30.01,0.40353215594801717,True,29.44451696764381,-23.992513406092787,3.6964537131414352,-10.230332037092428,True,False,1.9518145776151297,56.76328502415452,True,25.000000000000245,False,True,-1.6383491803525607,True,True,True,1.7790655596436256,True,False,False,False,Materials
NEM,2024-02-27 05:00:00,29.86,0.43469524447421315,True,28.9668163882115,-24.188572633259554,3.5740538874458627,-10.03314251280506,True,False,1.9518145776151297,56.76328502415452,True,21.15384615384606,False,True,-1.6383491803525607,True,True,True,1.0014051839910614,True,False,False,False,Materials
NEM,2024-02-28 05:00:00,29.87,0.41814529628389674,True,29.049458322515314,-23.98041001240294,3.470697398318271,-10.649117559078668,True,False,1.9518145776151297,56.76328502415452,True,26.562499999999833,False,False,-1.6383491803525607,True,True,True,0.9417022433687462,False,False,False,False,Materials
NEM,2024-10-30 04:00:00,46.94,0.7388155091606308,True,28.40305968883975,1.233572539936462,3.5843387517599425,-18.704537582265335,False,False,6.114180478821374,4.354241757178441,False,40.186915887850425,True,False,2.9719180804634426,False,False,True,1.1570449042192978,True,False,False,False,Materials
NEM,2024-10-31 04:00:00,45.44,0.7363556338028172,True,25.55422174031205,-1.981896030684411,3.714844053538343,-7.736040609137063,False,False,6.114180478821374,4.354241757178441,False,20.472440944881683,False,False,2.9719180804634426,False,False,True,1.284782750627458,True,False,False,False,Materials
NEM,2024-11-01 04:00:00,45.26,0.8035793194874061,True,25.22722900932704,-2.3471417152245375,3.609198723732986,-6.5262288310615535,False,False,6.114180478821374,4.354241757178441,False,18.91891891891867,False,True,2.9719180804634426,False,False,True,1.0048984460852561,True,False,False,False,Materials
NEM,2024-11-04 05:00:00,45.76,0.8035402097902098,True,27.983913967391832,-1.255881183474963,3.4334108782936044,-5.376344086021511,False,True,-15.966678236723354,13.879598662207387,False,34.2105263157893,True,False,21.276133331861868,False,False,False,0.7739267322392525,False,False,False,True,Materials
NEM,2024-11-05 05:00:00,46.0,0.8128260869565218,True,29.330705379238548,-0.7307028970180514,3.242961899502018,-3.765690376569031,False,True,-15.966678236723354,13.879598662207387,False,28.26086956521635,False,True,21.276133331861868,False,False,False,0.6089240351819556,False,False,False,True,Materials
NEM,2024-11-06 05:00:00,44.48,0.9842625899280577,True,26.012725747153844,-3.9725816856704785,3.4996326051872537,-5.240732850447383,False,True,-15.966678236723354,13.879598662207387,False,61.90476190476194,True,True,21.276133331861868,False,False,False,1.576185264538581,True,False,False,True,Materials
NEM,2024-11-07 05:00:00,45.16,0.9918069087688222,True,29.836668804026765,-2.4802339523197556,3.385783179842271,-0.616197183098599,False,True,-15.966678236723354,13.879598662207387,False,66.66666666666646,True,True,21.276133331861868,False,False,False,0.9718430746554916,False,False,False,True,Materials
NEM,2024-11-08 05:00:00,45.04,1.0663854351687387,True,29.546455846402022,-2.712847390377511,3.266502139719933,-0.48608042421564024,False,True,-15.966678236723354,13.879598662207387,False,56.944444444444485,True,True,21.276133331861868,False,False,False,0.855455528186587,False,False,False,True,Materials
NEM,2024-11-11 05:00:00,42.33,1.119536971415072,True,23.894096046705528,-8.488489421715466,3.747093133624945,-7.495629370629375,False,True,-6.5262288310615535,4.347826086956453,False,24.183006535947527,False,True,0.7433469024737072,False,False,False,1.3144776182937579,True,False,False,True,Materials
NEM,2024-11-12 05:00:00,41.58,1.1115921115921115,True,22.60522380024424,-10.019367218175681,3.7517829322175347,-9.608695652173916,False,True,-6.5262288310615535,4.347826086956453,False,52.808988764044784,True,True,0.7433469024737072,False,False,False,1.136722023046021,True,False,False,True,Materials
NEM,2024-11-13 05:00:00,41.23,1.112296871210284,True,22.008596556486935,-10.681001724173282,3.657164939158148,-7.306654676258995,False,True,-6.5262288310615535,4.347826086956453,False,18.072289156626372,False,True,0.7433469024737072,False,False,False,1.1776294858922969,True,False,False,True,Materials
NEM,2024-11-14 05:00:00,40.68,1.128810226155359,True,21.067598697555123,-11.768267437658032,3.5735423439727763,-9.920283436669608,False,True,-6.5262288310615535,4.347826086956453,False,27.77777777777794,False,True,0.7433469024737072,False,False,False,1.1572851572690865,True,False,False,True,Materials
NEM,2024-11-15 05:00:00,40.93,1.1380405570486198,True,22.68574528707197,-11.12676396759867,3.421926168696666,-9.125222024866787,False,True,-6.5262288310615535,4.347826086956453,False,46.478873239436325,True,True,0.7433469024737072,False,False,False,0.8123665185966045,False,False,False,True,Materials
NEM,2024-12-02 05:00:00,40.91,1.2175507210950869,True,28.973571370253907,-10.506910260185684,2.7680961280531124,-5.693868142000936,False,False,5.985829464940151,7.804878048780332,False,28.506787330316435,False,False,-1.5617267118105849,True,False,False,1.0998601977182807,True,False,False,False,Materials
NEM,2024-12-18 05:00:00,37.64,1.7863974495217851,True,24.366508837916452,-16.647416799214614,2.9553467561837707,-10.97445600756859,False,True,-1.9790176442536889,47.83653846153838,True,2.5316455696201166,False,False,-2.8604379504473476,True,True,False,1.674046393046132,True,False,False,False,Materials
NEM,2024-12-19 05:00:00,37.02,1.8430578065910317,True,22.796506416876134,-17.873127580144583,2.9783327057494846,-10.923965351299325,False,True,-1.9790176442536889,47.83653846153838,True,8.205128205128746,False,False,-2.8604379504473476,True,True,False,1.3596456915099284,True,False,False,False,Materials
NEM,2024-12-30 05:00:00,37.0,1.7356756756756755,True,28.158609098527126,-17.153687471982565,2.689265957097931,-3.3437826541274807,False,True,-4.82347090999502,40.36144578313262,True,21.87500000000007,False,False,0.05244035430691518,False,False,True,0.7408617211332778,False,False,False,True,Materials
AIG,2022-06-16 04:00:00,49.97,0.12227336401841105,True,28.16525871776303,-12.330975388063786,3.9657737960899766,-10.576234788833217,False,True,-2.898305084745767,7.677902621722778,False,47.73333333333312,True,True,-2.5956719447689736,True,False,False,1.304216206792247,True,False,False,False,Finance
AIG,2022-09-29 04:00:00,47.66,0.2599664288711707,True,29.99530332921096,-12.890104934075385,3.255691302327568,-6.932239796914674,False,True,-2.525436046511631,23.72448979591835,False,44.363636363636324,True,True,0.706279911049501,False,False,True,1.359617846904503,True,False,False,True,Finance
AIG,2022-09-30 04:00:00,47.48,0.23504633529907348,True,29.511143951504213,-13.104801274957484,3.236191504838299,-4.601165360659043,False,True,-2.525436046511631,23.72448979591835,False,12.686567164178737,False,False,0.706279911049501,False,False,True,0.9513732745280584,False,False,False,True,Finance
AIG,2023-03-13 04:00:00,50.07,0.5076892350709006,True,16.210312719899363,-14.088713647015618,3.2690811116133074,-17.020218760357974,False,True,0.04985873358815951,23.762376237623922,False,45.497630331753605,True,True,-2.345875873634451,True,True,True,2.4717016256538265,True,True,False,True,Finance
AIG,2023-03-14 04:00:00,51.12,0.48376369327073543,True,22.323830555140542,-12.179730104094492,3.3057757466468516,-12.600444520430854,False,True,0.04985873358815951,23.762376237623922,False,23.121387283236857,False,True,-2.345875873634451,True,True,True,1.4425877085700158,True,False,False,True,Finance
AIG,2023-03-15 04:00:00,47.96,0.5902835696413677,True,18.05443031435389,-17.463759822527315,3.8944452671744774,-16.373147340889282,False,True,0.04985873358815951,23.762376237623922,False,40.157480314960765,True,True,-2.345875873634451,True,True,True,1.716402306643133,True,False,False,True,Finance
AIG,2023-03-16 04:00:00,50.19,0.5010958358238695,True,28.453385464292495,-13.508798442964858,3.965088001562553,-10.05376344086022,False,True,0.04985873358815951,23.762376237623922,False,4.469273743016667,False,False,-2.345875873634451,True,True,True,2.0397990407540534,True,True,False,True,Finance
AIG,2023-03-17 04:00:00,47.24,0.5980101608806094,True,24.09697672324952,-18.441578649158302,4.374472251692751,-11.119473189087481,False,True,0.04985873358815951,23.762376237623922,False,4.5454545454545325,False,False,-2.345875873634451,True,True,True,1.7021423649638396,True,False,False,True,Finance
MET,2023-03-13 04:00:00,58.96,0.2325305291723203,True,15.983016471498907,-14.510817247141222,3.2475498669950293,-15.396757067011047,False,True,-2.1018930957683812,40.818858560793934,True,23.529411764706015,False,False,1.1050821664958743,False,False,False,2.0520363382972255,True,True,False,True,Finance
MET,2023-03-14 04:00:00,59.07,0.21719993228373125,True,16.60211698672569,-14.228841950897287,3.350966192718506,-14.675718619095768,False,True,-2.1018930957683812,40.818858560793934,True,21.985815602836787,False,False,1.1050821664958743,False,False,False,2.025861024393946,True,True,False,True,Finance
MET,2023-03-15 04:00:00,56.3,0.285790408525755,True,13.837030360887086,-18.102225531199192,3.731591536476108,-16.59259259259259,False,True,-2.1018930957683812,40.818858560793934,True,42.12962962962954,True,True,1.1050821664958743,False,False,False,1.7216379340042824,True,False,False,True,Finance
MET,2023-03-16 04:00:00,57.69,0.25758363667880046,True,20.951741810957547,-15.945749058150206,3.7969589252245535,-10.79325807948045,False,True,-2.1018930957683812,40.818858560793934,True,39.79135618479887,True,True,1.1050821664958743,False,False,False,1.2960012489459454,True,False,False,True,Finance
MET,2023-03-17 04:00:00,54.87,0.31948241297612556,True,17.749577306936526,-19.894637252224708,4.09097514274084,-12.039115100993914,False,True,-2.1018930957683812,40.818858560793934,True,4.961832061068534,False,True,1.1050821664958743,False,False,False,2.0168681309605843,True,True,False,True,Finance
MET,2023-03-20 04:00:00,56.98,0.28746928746928746,True,26.76821898494372,-16.674815479789224,3.9959302500482234,-3.3582089552238847,False,True,-11.303853263187824,3.044496487119498,False,0.0,False,False,10.144368261711723,False,False,False,1.4820542733484654,True,False,False,True,Finance
MET,2023-03-22 04:00:00,56.11,0.29442167171627154,True,28.754475748221378,-17.683228873391922,4.107664777866125,-0.3374777975133192,False,True,-11.303853263187824,3.044496487119498,False,3.496503496503547,False,False,10.144368261711723,False,False,False,0.803901312636954,False,False,False,True,Finance
MET,2023-03-23 04:00:00,54.3,0.3462246777163904,True,26.25238953983696,-20.1770675543883,4.263028043829108,-5.876235049401979,True,True,-11.303853263187824,3.044496487119498,False,8.38445807770954,False,False,10.144368261711723,False,False,False,0.826738035336661,False,False,False,True,Finance
MET,2023-03-24 04:00:00,54.35,0.34425022999080035,True,26.442803198713086,-19.943424219058905,4.157276246732773,-0.9476945507563284,False,True,-11.303853263187824,3.044496487119498,False,16.883116883117225,False,False,10.144368261711723,False,False,False,0.9271955124847883,False,False,False,True,Finance
MET,2023-05-09 04:00:00,52.79,0.3741238870998296,True,28.748548363768574,-19.28797801156111,3.2344086256709383,-11.172808345953221,False,False,1.9278710320757897,52.188552188552116,True,50.37037037037003,True,False,-1.6805045301413912,True,True,True,1.448148398049071,True,False,False,True,Finance
MET,2023-05-10 04:00:00,51.82,0.40351215746815905,True,26.832997802271276,-20.6069494106212,3.296683034045315,-11.735649804121962,True,False,1.9278710320757897,52.188552188552116,True,27.32558139534879,False,True,-1.6805045301413912,True,True,True,1.61874156115764,True,False,False,True,Finance
MET,2023-05-11 04:00:00,51.23,0.41342963107554165,True,25.710827639121888,-21.34252678923684,3.2407678156144106,-5.322491221585668,True,False,1.9278710320757897,52.188552188552116,True,64.492753623188,True,True,-1.6805045301413912,True,True,True,1.0755464325245523,True,False,False,True,Finance
MET,2023-05-12 04:00:00,50.22,0.4597769812823578,True,23.870460913231764,-22.717214456235858,3.374180687149458,-8.122941822173434,True,False,1.9278710320757897,52.188552188552116,True,47.66355140186896,True,True,-1.6805045301413912,True,True,True,2.082791061400922,True,True,False,True,Finance
MET,2023-05-15 04:00:00,50.48,0.44869255150554666,True,25.35176598925718,-22.14421732761515,3.2542840211291537,-5.9787669957161445,True,True,-10.875591064731783,17.12130005803825,False,24.742268041236613,False,True,8.972462461951892,False,False,True,1.657973633203203,True,False,False,True,Finance
MET,2023-05-16 04:00:00,49.12,0.4957247557003257,True,22.847501117108813,-24.05857876372407,3.3367138000607777,-6.952074256487972,True,True,-10.875591064731783,17.12130005803825,False,10.691823899370755,False,True,8.972462461951892,False,False,True,1.5454885502793227,True,False,False,True,Finance
URI,2022-06-17 04:00:00,239.69,0.7274813300513163,True,29.628990127915607,-24.426023928580758,5.297679812221302,-14.463635714795531,True,False,1.2741208902037338,35.18850987432677,True,54.789915966386616,True,True,-3.0486562367137093,True,False,False,1.865000741557672,True,False,False,False,Other
URI,2022-06-23 04:00:00,235.84,0.7502544097693351,True,29.250207582995408,-25.09953488849639,5.254954810431252,-11.325011279891706,True,True,-6.980912863070532,0.0,False,39.46388682055107,True,False,1.2676500183944617,False,False,False,1.1863024163406177,True,False,False,False,Other
URI,2023-03-17 04:00:00,370.09,0.8741927639222893,True,26.96254455527579,2.0138867527812154,4.481654311431413,-13.788203503540808,False,False,6.469373709566417,2.141443224761458,False,5.255350709895969,False,True,1.1221855714314888,False,False,False,2.290690798583035,True,True,False,True,Other
URI,2023-05-04 04:00:00,328.38,1.0809428101589624,True,28.51901375783115,-10.119065854101272,4.15372595716869,-8.1865458815635,False,True,-1.4257373363311676,24.893854748603577,False,14.135667396061336,False,False,-2.3665147035469625,True,True,False,2.5047256920953176,True,True,False,False,Other
SPG,2022-06-13 04:00:00,97.15,0.14153371075656196,True,27.90120719025214,-25.24127731271273,4.113750732959278,-11.375661375661373,True,True,-3.323661303086256,6.479859894921261,False,51.36778115501546,True,False,-3.098791024388625,True,False,False,1.6114744833540595,True,False,False,False,RealEstate
SPG,2022-06-14 04:00:00,96.51,0.14931095223292923,True,27.37339177885395,-25.543116792793253,4.037302935440383,-14.045244032775205,True,True,-3.323661303086256,6.479859894921261,False,30.635838150289096,True,True,-3.098791024388625,True,False,False,1.072844920610153,True,False,False,False,RealEstate
SPG,2022-06-15 04:00:00,97.5,0.1568205128205129,True,29.59219992388,-24.5934148510954,3.9277079720817363,-9.613423565402801,True,True,-3.323661303086256,6.479859894921261,False,51.68918918918909,True,True,-3.098791024388625,True,False,False,1.0989548123772903,True,False,False,False,RealEstate
SPG,2022-06-16 04:00:00,94.62,0.17025998731769176,True,27.007281528271495,-26.624990745819844,4.060127619208866,-8.905362472321166,True,True,-3.323661303086256,6.479859894921261,False,50.22421524663688,True,True,-3.098791024388625,True,False,False,1.2435307382016676,True,False,False,False,RealEstate
SPG,2022-06-17 04:00:00,95.69,0.15717420838123108,True,29.47221829310051,-25.604286662685393,3.931744307722898,-5.500691289749171,True,True,-3.323661303086256,6.479859894921261,False,29.045643153527127,False,True,-3.098791024388625,True,False,False,1.474603628801905,True,False,False,False,RealEstate
SPG,2022-09-22 04:00:00,92.18,0.2164243870687783,True,27.086414472046776,-20.731283874222488,3.1008104110340136,-7.3940124573036,True,False,3.22291853178156,47.96208530805684,True,10.86419753086446,False,False,-2.5084023220970253,True,True,True,1.4833393799884074,True,False,False,False,RealEstate
SPG,2022-09-23 04:00:00,90.18,0.2103570636504768,True,24.7536933665553,-22.277524102165494,3.2314934796743815,-9.548645937813438,True,False,3.22291853178156,47.96208530805684,True,66.66666666666686,True,True,-2.5084023220970253,True,True,True,1.6838362843921506,True,False,False,False,RealEstate
SPG,2022-09-26 04:00:00,87.36,0.23843864468864462,True,21.8909658147856,-24.52240547522368,3.437670939594343,-12.883925009972074,True,True,-3.922135491953349,25.413152634914475,False,38.72832369942197,True,True,0.2514616854249585,False,False,True,1.7360194447826105,True,False,False,True,RealEstate
SPG,2022-09-27 04:00:00,89.03,0.22239694485005046,True,27.256192614769546,-22.902500786213032,3.3400411840940483,-9.4487388120423,True,True,-3.922135491953349,25.413152634914475,False,22.885572139303818,False,True,0.2514616854249585,False,False,True,1.2283133167979636,True,False,False,True,RealEstate
SPG,2023-03-15 04:00:00,109.69,0.3745099826784577,True,27.448206830553815,-6.330878119700898,2.9874880959956664,-10.222622360451794,False,False,1.846835754740206,80.11811023622042,True,79.82212122399405,True,True,-1.6456769956493367,True,True,True,1.6548035407905048,True,False,False,True,RealEstate
SPG,2023-03-16 04:00:00,109.2,0.3914835164835164,True,26.86001762816293,-6.6866439503983,3.0938830456874284,-6.9053708439897665,False,False,1.846835754740206,80.11811023622042,True,52.11339547950452,True,True,-1.6456769956493367,True,True,True,1.5679353571237729,True,False,False,True,RealEstate
SPG,2023-03-17 04:00:00,104.31,0.4773271977758604,True,21.832025749900115,-10.768767044912813,3.3479027977442746,-6.448430493273538,False,False,1.846835754740206,80.11811023622042,True,1.9851116625309744,False,True,-1.6456769956493367,True,True,True,2.0296288190929554,True,True,False,True,RealEstate
SPG,2023-03-20 04:00:00,107.12,0.4507094846900672,True,29.947167637705743,-8.288638292824363,3.2445966011583587,-3.859271225991745,False,True,-10.138620245003228,2.609308885754615,False,24.271844660194258,False,True,8.458379866470134,False,False,True,1.348925762049665,True,False,False,True,RealEstate
SPG,2023-03-22 04:00:00,104.31,0.4558527466206501,True,29.482327065192692,-10.54128395664578,3.43803697171393,-4.9047315160907985,False,True,-10.138620245003228,2.609308885754615,False,1.8605083839158683,False,False,8.458379866470134,False,False,True,0.910311813926315,False,False,False,True,RealEstate
SPG,2023-03-23 04:00:00,102.38,0.47548349286970115,True,27.57240259351577,-12.08981126525824,3.5449734007431983,-6.245421245421257,False,True,-10.138620245003228,2.609308885754615,False,19.80906921241047,False,False,8.458379866470134,False,False,True,1.1671948076399734,True,False,False,True,RealEstate
SPG,2023-10-02 04:00:00,104.63,0.610819076746631,True,24.74125655475465,-8.485060422631816,2.099506571372505,-6.688664942477485,False,True,-4.063224808865207,6.41282565130276,False,8.92857142857128,False,True,-0.8566228759085415,True,True,True,1.1605131163820956,True,False,False,True,RealEstate
SPG,2023-10-03 04:00:00,103.37,0.6286156525103994,True,22.87026988464693,-9.500792106802267,2.1474369762677536,-5.29546495648191,False,True,-4.063224808865207,6.41282565130276,False,53.84615384615399,True,True,-0.8566228759085415,True,True,True,1.2297347822830407,True,False,False,True,RealEstate
SPG,2023-10-04 04:00:00,104.44,0.6237073918039067,True,27.859419085582026,-8.48603698370832,2.098434701454267,-3.466124410758853,False,True,-4.063224808865207,6.41282565130276,False,59.726027397260374,True,True,-0.8566228759085415,True,True,True,0.7363891233913097,False,False,False,True,RealEstate
SPG,2023-10-05 04:00:00,104.54,0.6022575090874305,True,28.326042973258392,-8.3218014215446,2.034140563324009,-3.9419277772672956,False,True,-4.063224808865207,6.41282565130276,False,44.14062499999979,True,True,-0.8566228759085415,True,True,True,0.62462325402061,False,False,False,True,RealEstate
SPG,2023-10-06 04:00:00,104.41,0.6016665070395555,True,28.07183673873557,-8.35888514913873,2.0642779894978553,-3.3509210404517265,False,True,-4.063224808865207,6.41282565130276,False,37.5494071146246,True,True,-0.8566228759085415,True,True,True,0.645899743161449,False,False,False,True,RealEstate
KMI,2022-06-17 04:00:00,16.05,0.03676012461059197,True,22.334847873322904,-10.302841121235446,3.8153149936414326,-15.65948502364688,False,True,-0.05015045135406959,59.33521923620925,True,30.386740331491772,True,True,-3.3784584938749695,True,False,False,2.540915852649458,True,True,False,False,Energy
KMI,2022-09-26 04:00:00,16.09,0.03542573026724671,True,27.666089681466627,-9.845457873525119,3.054167885684125,-10.858725761772858,False,True,-2.5122883670125495,14.018691588785243,False,9.195402298850405,False,False,-0.1295637823310991,True,True,True,1.5390896825507165,True,False,False,True,Energy
FTNT,2022-01-25 05:00:00,54.59,-0.025279355193258857,False,29.81497597995478,-1.3616984320436316,6.030450199038636,-11.514896100106975,False,False,-0.6737430877772788,6.476241803646723,False,13.684210526315931,False,True,-0.18720431288004047,True,False,False,1.0982868257781606,True,False,False,True,Tech
FTNT,2022-01-26 05:00:00,54.23,-0.028213166144200552,False,29.31853530697299,-1.9925572479466063,6.11631620973071,-11.72353170985806,False,False,-0.6737430877772788,6.476241803646723,False,15.604395604395544,False,True,-0.18720431288004047,True,False,False,1.056903481385977,True,False,False,True,Tech
FTNT,2022-01-27 05:00:00,53.944,-0.05364822779178413,False,28.906741092889135,-2.4850832371857265,6.054084877304048,-11.564313584051932,False,False,-0.6737430877772788,6.476241803646723,False,8.147578785549692,False,False,-0.18720431288004047,True,False,False,0.7412146075201236,False,False,False,True,Tech
FTNT,2022-05-09 04:00:00,49.044,0.36632411711932167,True,26.98798213172912,-16.932806483818116,7.161927923613915,-16.026299568522717,False,True,-5.021525518419923,3.7365334787945,False,8.702791461412083,False,False,0.8043440501606103,False,False,False,1.7427303832314853,True,False,False,True,Tech
FTNT,2023-08-04 04:00:00,56.77,-0.016910339968293164,False,21.013484982020735,-12.357850955050138,5.743623389194914,-26.08072916666666,False,True,-0.9630005068423819,16.981132075471606,False,12.737642585551367,False,False,-1.1452491848318758,True,False,False,5.131291342654509,True,True,True,True,Tech
FTNT,2023-08-07 04:00:00,57.7,0.21195840554592738,True,23.321628321858636,-10.825193638509823,5.421950355855086,-25.759135357694284,False,True,-1.7400204708290734,24.4951383694839,False,54.545454545454454,True,False,-2.7699724906740775,True,True,True,2.146544868392635,True,True,False,False,Tech
FTNT,2023-08-08 04:00:00,58.57,0.17261396619429759,True,25.51444766311562,-9.39514520247368,5.27039069480585,-24.939125977188258,False,True,-1.7400204708290734,24.4951383694839,False,12.175484073681393,False,True,-2.7699724906740775,True,True,True,2.1947791511055885,True,True,False,False,Tech
FTNT,2023-08-09 04:00:00,59.78,0.1657745065239209,True,28.57385959157072,-7.454056814940582,5.020704701682504,-19.564047362755645,False,True,-1.7400204708290734,24.4951383694839,False,20.105820105820236,False,True,-2.7699724906740775,True,True,True,1.717992883030586,True,False,False,False,Tech
FTNT,2023-08-11 04:00:00,59.68,0.19805630026809662,True,29.558406789323524,-7.481890084805548,4.829009468376584,5.125946802888848,False,True,-1.7400204708290734,24.4951383694839,False,17.741935483870883,False,False,-2.7699724906740775,True,True,True,0.9503199518033207,False,False,False,False,Tech
FTNT,2023-08-14 04:00:00,59.66,0.22008045591686232,True,29.534850799129924,-7.443704194951829,4.593336892324708,3.3968804159445254,False,True,-26.08072916666666,2.9804270462633533,False,51.111111111110496,True,True,30.666780657545758,False,False,False,0.8890807995600273,False,False,False,True,Tech
FTNT,2023-08-15 04:00:00,59.17,0.2404934933243199,True,28.92661946026964,-8.128893266057794,4.447838222734972,1.0244152296397413,False,True,-26.08072916666666,2.9804270462633533,False,13.11475409836097,False,True,30.666780657545758,False,False,False,0.8597556952212263,False,False,False,True,Tech
FTNT,2023-08-16 04:00:00,58.18,0.2842901340666897,True,27.68605622517974,-9.579063936743978,4.377205764511576,-2.6764804282368715,False,True,-26.08072916666666,2.9804270462633533,False,2.0833333333334054,False,False,30.666780657545758,False,False,False,0.4350415770283173,False,False,False,True,Tech
FTNT,2023-08-17 04:00:00,57.41,0.30238634384253604,True,26.726002701385738,-10.67999561503673,4.3044464726537,-5.201453104359322,False,True,-26.08072916666666,2.9804270462633533,False,4.6979865771807665,False,False,30.666780657545758,False,False,False,0.6050928749949189,False,False,False,True,Tech
FTNT,2023-08-18 04:00:00,57.16,0.32207837648705384,True,26.405841771318602,-10.97089665046449,4.120685714205282,-4.222520107238614,False,True,-26.08072916666666,2.9804270462633533,False,16.47058823529346,False,False,30.666780657545758,False,False,False,0.6736815202084885,False,False,False,True,Tech
FTNT,2023-11-03 04:00:00,50.48,0.543581616481775,True,26.044949755277827,-18.48799041360809,4.480668349505465,-10.273729114824038,False,True,-2.423822714681434,11.48825065274146,False,5.891472868217091,False,True,-1.2157993564773317,True,True,True,4.903993614847907,True,True,True,False,Tech
FTNT,2023-11-06 05:00:00,50.1,0.6141716566866269,True,25.376860033221593,-18.947538285565603,4.550033928827297,-11.044034090909093,False,False,-0.17743080198723282,24.721603563474325,False,71.71314741035879,True,True,-3.6258824528951017,True,True,True,1.9822250518690077,True,False,False,False,Tech
FTNT,2023-11-07 05:00:00,49.52,0.6898222940226171,True,24.35016319823601,-19.727034578749084,4.661085128440485,-13.381143956620601,False,False,-0.17743080198723282,24.721603563474325,False,69.40298507462693,True,True,-3.6258824528951017,True,True,True,1.686845774154798,True,False,False,False,Tech
FTNT,2023-11-08 05:00:00,50.24,0.8320063694267517,True,28.231890578529452,-18.409221105477915,4.536965653839921,-12.336415983248994,False,False,-0.17743080198723282,24.721603563474325,False,20.209973753280725,False,True,-3.6258824528951017,True,True,True,1.5035521774254965,True,False,False,False,Tech
FTNT,2023-11-09 05:00:00,49.67,0.9565129857056573,True,27.04860662270116,-19.17942423015643,4.452505116390936,-13.752387567285984,False,False,-0.17743080198723282,24.721603563474325,False,3.007518796992421,False,True,-3.6258824528951017,True,True,True,1.0598361607107536,True,False,False,False,Tech
VLO,2023-04-27 04:00:00,114.64,0.46118283321702713,True,29.26964437411971,-7.527193025451237,3.782722303073882,-6.758845058967067,False,True,-0.5505694245418136,18.45115025255858,False,48.919449901768175,True,True,-2.4253722725243843,True,False,False,1.6892997956382476,True,False,False,False,Energy
VLO,2023-04-28 04:00:00,114.67,0.39417458794802473,True,29.339733413902778,-7.433887166357101,3.6981690956141655,-4.146117194683607,False,True,-0.5505694245418136,18.45115025255858,False,63.606010016694434,True,True,-2.4253722725243843,True,False,False,0.8745441872497992,False,False,False,False,Energy
VLO,2023-05-02 04:00:00,110.78,0.4202924715652645,True,26.561693947018956,-10.419464842917865,3.9011485110588233,-5.999151463725072,False,True,-9.274988624298508,7.85773366418518,False,38.4679433805163,True,True,1.1957469786777475,False,False,False,1.0161804557363745,True,False,False,True,Energy
VLO,2023-05-03 04:00:00,107.06,0.46497291238557814,True,23.55807409997696,-13.311763100348955,4.03792267134334,-8.213305898491086,False,True,-9.274988624298508,7.85773366418518,False,4.377880184331756,False,True,1.1957469786777475,False,False,False,1.1273855054018485,True,False,False,True,Energy
VLO,2023-05-04 04:00:00,104.31,0.5166331128367365,True,21.612414247881645,-15.407693512826324,4.134338589316346,-9.01081646894627,False,True,-9.274988624298508,7.85773366418518,False,3.112728665836507,False,False,1.1957469786777475,False,False,False,1.218019182174693,True,False,False,True,Energy
VLO,2023-05-05 04:00:00,107.04,0.46365844544095647,True,27.97219239967507,-13.079634776602886,4.012042999459911,-6.653876340804043,False,True,-9.274988624298508,7.85773366418518,False,28.877005347593848,False,False,1.1957469786777475,False,False,False,0.9199757025877761,False,False,False,True,Energy
VLO,2023-05-08 04:00:00,107.38,0.4627491152914882,True,28.74753831660078,-12.692313812257328,3.9424926659716197,-6.957802616757647,False,True,-4.146117194683607,27.27272727272724,False,3.125097659301676,False,False,-1.366052826496933,True,False,False,0.7483177395417644,False,False,False,True,Energy
VLO,2024-12-17 05:00:00,124.89,0.30282648730883177,True,29.994959142460374,-11.656819032004679,2.7730072148141836,-5.6151753325272,False,True,-5.435720448662639,9.262435677530128,False,62.845849802371646,True,True,2.243353557316663,False,False,True,1.4793071360095549,True,False,False,True,Energy
VLO,2024-12-18 05:00:00,121.74,0.3434368325940531,True,26.35307243262965,-13.765887412399882,2.90141831758306,-8.665316227774023,False,True,-5.435720448662639,9.262435677530128,False,6.773690984217237,False,True,2.243353557316663,False,False,True,1.642712245990542,True,False,False,True,Energy
VLO,2024-12-19 05:00:00,118.93,0.385436811569831,True,23.600266964307252,-15.624057106369369,3.1097780553826992,-8.289636027143743,False,True,-5.435720448662639,9.262435677530128,False,30.546075085324343,True,True,2.243353557316663,False,False,True,1.8657945911414073,True,False,False,True,Energy
VLO,2024-12-20 05:00:00,118.59,0.38687916350451124,True,23.283348901036046,-15.73224516589864,3.0245243236882406,-8.16942852717979,False,True,-5.435720448662639,9.262435677530128,False,61.12412177985965,True,True,2.243353557316663,False,False,True,2.5249305119869137,True,True,False,True,Energy
VLO,2024-12-23 05:00:00,118.65,0.3823008849557521,True,23.47863431495362,-15.55778291807069,2.959435563241497,-5.133125449748133,False,True,-1.8096107055961208,6.808363145711152,False,71.55274595021741,True,True,-0.7825712123835094,True,False,True,0.9332184091558574,False,False,False,True,Energy
VLO,2024-12-24 05:00:00,118.84,0.39397509256142715,True,24.137195451250438,-15.29257089959281,2.896320012815458,-4.844262951397226,False,True,-1.8096107055961208,6.808363145711152,False,36.61417322834628,True,True,-0.7825712123835094,True,False,True,0.40602501423964626,False,False,False,True,Energy
VLO,2024-12-26 05:00:00,119.68,0.37750668449197855,True,27.12334916810296,-14.568924630819424,2.8097442669731536,-1.6921307704944821,False,True,-1.8096107055961208,6.808363145711152,False,60.03430531732423,True,True,-0.7825712123835094,True,False,True,0.6521009175737428,False,False,False,True,Energy
VLO,2024-12-27 05:00:00,119.58,0.3613480515136309,True,26.987158976556962,-14.515778663408888,2.779975461930753,0.5465399815017147,False,True,-1.8096107055961208,6.808363145711152,False,50.796460176991175,True,True,-0.7825712123835094,True,False,True,0.5896709826190123,False,False,False,True,Energy
VLO,2024-12-30 05:00:00,119.59,0.38230621289405464,True,27.026618484992287,-14.385032357392353,2.7687354739346532,0.8432414200185478,False,True,-8.16942852717979,12.429281673238483,False,50.63694267515933,True,True,2.3796200386837274,False,False,True,0.9811377818691345,False,False,False,True,Energy
ALL,2023-03-13 04:00:00,114.18,0.4019968470835522,True,20.502724154050604,-11.634322458933644,2.6917956973902655,-10.517241379310338,False,True,-2.629379132152909,43.06451612903226,True,11.3095238095241,False,False,-1.1899526859642684,True,True,True,1.9527686683244116,True,False,False,True,Finance
ALL,2023-03-14 04:00:00,114.36,0.3936691150752012,True,21.121794503989058,-11.393671260500524,2.8128841412233716,-8.203563974955852,False,True,-2.629379132152909,43.06451612903226,True,28.149606299212465,False,False,-1.1899526859642684,True,True,True,1.4720020893449701,True,False,False,True,Finance
ALL,2023-03-15 04:00:00,110.61,0.4664135249977397,True,17.980350291191883,-14.177068653102587,3.120267216264328,-9.632352941176482,False,True,-2.629379132152909,43.06451612903226,True,70.33248081841438,True,True,-1.1899526859642684,True,True,True,1.583251060168501,True,False,False,True,Finance
ALL,2023-03-16 04:00:00,112.1,0.4541480820695807,True,22.88785799254752,-12.908131270771861,3.1122695541499708,-6.113902847571195,False,True,-2.629379132152909,43.06451612903226,True,38.47411170065641,True,True,-1.1899526859642684,True,True,True,1.469645236923995,True,False,False,True,Finance
ALL,2023-03-17 04:00:00,105.11,0.5446674911996956,True,17.575133423849607,-18.18946437917464,3.610850144245316,-11.074450084602372,False,True,-2.629379132152909,43.06451612903226,True,11.791044776119492,False,True,-1.1899526859642684,True,True,True,4.162395906621813,True,True,True,True,Finance
ALL,2023-03-20 04:00:00,109.2,0.4759157509157508,True,28.09271433924826,-14.878986378814915,3.556367060832762,-4.361534419337887,False,True,-7.749941465698895,4.403048264182861,False,0.0,False,False,4.333023248599832,False,False,True,1.2870414153150125,True,False,False,True,Finance
ALL,2023-03-23 04:00:00,105.58,0.6003978026141314,True,28.649464371417473,-17.330757741959136,3.7435948589318575,-5.816235504014267,False,True,-7.749941465698895,4.403048264182861,False,9.927007299270139,False,False,4.333023248599832,False,False,True,0.8828517533254316,False,False,False,True,Finance
ALL,2023-03-24 04:00:00,105.59,0.6176721280424282,True,28.671276610137074,-17.180173317106888,3.6395719884718063,0.4566644467700609,False,True,-7.749941465698895,4.403048264182861,False,45.86776859504126,True,False,4.333023248599832,False,False,True,1.1572073117834325,True,False,False,True,Finance
ALL,2023-07-14 04:00:00,101.18,0.658529353627199,True,28.122000697093046,-15.119015486670317,2.336992409038236,-6.548443705550932,False,False,1.4042592764809791,12.195121951219935,False,5.412371134020829,False,False,-4.5694510001384465,True,True,True,1.4654762734766182,True,False,False,False,Finance
FICO,2022-04-21 04:00:00,386.67,0.8453978845009955,True,27.43121403245314,-14.887441338718475,3.7637558462064598,-6.822015518820179,False,True,-6.797391439827283,9.495219034912129,False,7.968991804772867,False,False,2.328631451091012,False,False,False,1.2869968480104466,True,False,False,True,Other
FICO,2022-04-22 04:00:00,382.6,0.8544694197595399,True,26.44191408721293,-15.650848073876983,3.6686597620947787,-7.521995552547622,False,True,-6.797391439827283,9.495219034912129,False,11.82501708817511,False,False,2.328631451091012,False,False,False,0.7790411411131334,False,False,False,True,Other
FICO,2022-04-25 04:00:00,386.5,0.8482794307891333,True,29.081274858118284,-14.665451553236775,3.597242639938461,-4.5065968275930235,False,True,-1.2011940298507384,72.66514806378142,True,15.893223819301852,False,False,-3.809520783832343,True,False,False,1.5417349468835793,True,False,False,False,Other
FICO,2022-04-26 04:00:00,369.34,0.9891698705799534,True,24.855318313300213,-18.304160179354465,3.8639089117210625,-9.818093028934205,False,True,-1.2011940298507384,72.66514806378142,True,11.419939577039184,False,False,-3.809520783832343,True,False,False,1.9091210139365906,True,False,False,False,Other
FICO,2022-04-27 04:00:00,375.28,0.9397516520997657,True,28.716788518013765,-16.849695320094778,3.684439338040119,-8.039893160822364,False,True,-1.2011940298507384,72.66514806378142,True,39.72687771570464,True,False,-3.809520783832343,True,False,False,1.6316255969110365,True,False,False,False,Other
FICO,2022-05-06 04:00:00,349.89,1.1070622195547175,True,27.670717913784078,-21.524743008152765,4.184043089350444,-6.323793205001205,True,True,-7.521995552547622,2.4974736538184183,False,38.41004184100401,True,True,0.2682192632871727,False,False,False,1.4911124226505152,True,False,False,True,Other
FICO,2022-05-09 04:00:00,341.44,1.2197164948453607,True,25.735011408505,-23.241080891082404,4.193460652975371,-8.72784624020957,True,True,-2.3758494511239014,18.617511520737327,False,9.467455621301585,False,False,-0.19655308456778542,True,False,True,0.8971611605745603,False,False,False,True,Other
HUM,2022-01-07 05:00:00,363.17,0.3260731888647188,True,17.89412402453637,-15.700082945166107,4.190308676135604,-21.70698055447764,False,False,1.5904528709770105,22.754137115839022,False,61.447638603696184,True,True,-1.5849272573832063,True,True,False,4.389531699070161,True,True,True,False,Health
HUM,2024-01-25 05:00:00,355.36,-0.14703399369653314,False,18.4339638391397,-25.824744125730014,4.661600228487905,-13.743385601242775,True,True,-4.268226154886856,27.177304964538962,False,35.878897424310885,True,True,2.757663449798531,False,False,True,4.244302455979077,True,True,True,True,Health
HUM,2024-01-26 05:00:00,361.23,-0.1854773966724801,False,21.904461367237616,-24.41447168162662,4.54500720623999,-10.036609966876686,True,True,-4.268226154886856,27.177304964538962,False,4.551724137931207,False,False,2.757663449798531,False,False,True,1.6477429336674936,True,False,False,True,Health
HUM,2024-01-29 05:00:00,365.94,-0.18863748155435311,False,24.67392218826587,-23.250005893863108,4.354599190817958,-10.670084218235075,True,True,-8.474846709671535,16.96127473669804,False,50.72463768115936,True,True,10.631658530455091,False,False,True,1.0200599302377509,True,False,False,True,Health
HUM,2024-02-05 05:00:00,361.02,-0.22558307019001722,False,27.99112344712906,-23.477734163672046,4.071659534834273,-1.344482702082317,True,True,-10.036609966876686,26.826797858486493,False,13.853317811408584,False,True,9.931570693184288,False,False,False,1.0835364629233044,True,False,False,True,Health
HUM,2024-02-28 05:00:00,351.16,-0.25521129969244793,False,28.9368039377898,-22.986033736846892,2.6751061602068,-4.472252448313386,True,True,-0.9074214108242273,48.70759289176116,True,6.024096385542474,False,False,-4.246416332726444,True,True,False,1.3007884337585014,True,False,False,False,Health
HUM,2024-02-29 05:00:00,350.32,-0.249885818680064,False,28.565975276292907,-22.99271653666848,2.6355054215404823,-4.825038035209738,True,True,-0.9074214108242273,48.70759289176116,True,56.04517240896138,True,True,-4.246416332726444,True,True,False,1.399358594719022,True,False,False,False,Health
HUM,2024-03-04 05:00:00,346.83,-0.2337456390738979,False,28.011271216139743,-23.40816225999685,2.53508414428342,-3.644950687595505,True,True,-1.092881282023328,17.062949346918273,False,3.7037037037030935,False,True,-5.195516855984339,True,True,False,1.1433632045145752,True,False,False,False,Health
HUM,2024-03-05 05:00:00,337.92,-0.2312973484848485,False,24.324383018691417,-25.18689303415482,2.7263769190729086,-6.832092638544241,True,True,-1.092881282023328,17.062949346918273,False,5.313351498637801,False,False,-5.195516855984339,True,True,False,1.68361771272186,True,False,False,False,Health
HUM,2024-03-06 05:00:00,339.08,-0.25902441901616136,False,25.69560144711016,-24.743395320616724,2.640309229682529,-3.440027337965612,True,True,-1.092881282023328,17.062949346918273,False,15.978456014363452,False,False,-5.195516855984339,True,True,False,1.043265813391783,True,False,False,False,Health
HUM,2024-03-07 05:00:00,340.72,-0.26567269312045094,False,27.69048103024214,-24.195520571565368,2.599450889043741,-2.7403516784653914,True,True,-1.092881282023328,17.062949346918273,False,55.716162943495085,True,True,-5.195516855984339,True,True,False,1.076941668498385,True,False,False,False,Health
HUM,2024-03-08 05:00:00,339.35,-0.2659201414468838,False,27.03745664230038,-24.31581640939876,2.549601925928726,-3.6019657415561013,True,True,-1.092881282023328,17.062949346918273,False,15.19198664440774,False,True,-5.195516855984339,True,True,False,0.8126076092029481,False,False,False,False,Health
HUM,2024-04-02 04:00:00,304.33,-0.12765747708080033,False,21.198518246169385,-29.733701628056064,3.223715207728421,-12.319571292748277,True,False,0.11202068074107618,31.02746693794523,True,24.41359502154126,False,False,-4.397203764703217,True,True,True,5.290480713413831,True,True,True,False,Health
HUM,2024-04-03 04:00:00,308.06,-0.17623190287606305,False,24.740187524274884,-28.667557652969062,3.1934762799417267,-11.573569091222225,True,False,0.11202068074107618,31.02746693794523,True,30.863591756624526,True,False,-4.397203764703217,True,True,True,1.564900927143884,True,False,False,False,Health
HUM,2024-04-04 04:00:00,310.04,-0.17846084376209526,False,26.625400439177366,-28.00700602020231,3.0937252189544733,-11.290414878397703,True,False,0.11202068074107618,31.02746693794523,True,16.866094192357796,False,False,-4.397203764703217,True,True,True,1.0091845974401108,True,False,False,False,Health
HUM,2024-04-05 04:00:00,313.11,-0.09951774136884806,False,29.57121457519183,-27.096140321969237,2.993658406105656,-9.693700969081686,True,False,0.11202068074107618,31.02746693794523,True,0.0,False,False,-4.397203764703217,True,True,True,0.6842377704006125,False,False,False,False,Health
HUM,2024-09-13 04:00:00,321.56,-0.16224032839905467,False,29.553594323866065,-15.238621194307756,3.30996580386424,-10.143631587771761,False,False,0.4448852366109479,71.24975929135377,True,19.267822736030837,False,True,-4.535469769003663,True,True,True,1.7537531135599855,True,False,False,False,Health
HUM,2024-09-16 04:00:00,315.23,-0.15978809123497129,False,27.196086680671844,-16.767149924347553,3.342476434571039,-8.299394926693038,False,False,0.9563573786216084,2.890173410404583,False,20.995079278294366,False,False,2.2404354845667163,False,False,True,2.120601702930593,True,True,False,True,Health
HUM,2024-09-17 04:00:00,311.8,-0.1896728672225786,False,25.986423645894074,-17.52777551435604,3.254016999016717,-9.99364932740604,False,False,0.9563573786216084,2.890173410404583,False,19.329388560158176,False,False,2.2404354845667163,False,False,True,1.379633256499917,True,False,False,True,Health
HUM,2024-09-18 04:00:00,315.29,-0.18211805004916115,False,29.426103927113566,-16.46664371829203,3.13192446496295,-3.9306499283951246,False,False,0.9563573786216084,2.890173410404583,False,11.36338569650386,False,False,2.2404354845667163,False,False,True,1.3108508016607456,True,False,False,True,Health
HUM,2024-09-19 04:00:00,312.0,-0.17205128205128206,False,28.10031895900225,-17.19544598709687,3.1034885621007766,-3.852080123266566,False,False,0.9563573786216084,2.890173410404583,False,1.8080667593879762,False,False,2.2404354845667163,False,False,True,0.798351577797301,False,False,False,True,Health
HUM,2024-09-20 04:00:00,310.41,-0.15605167359298988,False,27.456488919898423,-17.472762286339805,3.0085231992435695,-3.4674710784923457,False,False,0.9563573786216084,2.890173410404583,False,48.510821976937706,True,False,2.2404354845667163,False,False,True,1.2876336457769078,True,False,False,True,Health
HUM,2024-09-24 04:00:00,312.23,-0.18345450469205404,False,29.76033559950478,-16.70987309410488,2.8574074282767445,0.137908915971785,False,True,-10.143631587771761,2.7442371020856204,False,19.40063091482686,False,True,4.8496877880116696,False,False,True,0.8158831329212846,False,False,False,True,Health
HUM,2024-09-25 04:00:00,311.95,-0.18182401025805417,False,29.61759771754751,-16.645354486181795,2.7791056664989866,-1.0593421929017799,False,True,-10.143631587771761,2.7442371020856204,False,54.73098330241181,True,True,4.8496877880116696,False,False,True,0.6160359944351109,False,False,False,True,Health
HUM,2024-10-01 04:00:00,279.45,0.01528001431383097,True,21.55112026607397,-24.800259243314283,3.8212693818257883,-10.49867085161581,True,True,-3.4674710784923457,18.697815067060088,False,6.877347493847884,False,False,-2.5998861052755062,True,False,True,3.7547100192986047,True,True,True,True,Health
HUM,2024-10-02 04:00:00,246.49,0.19761450768793853,True,15.446986755913313,-33.44679702537467,5.939417557874214,-20.984132072447505,True,True,-3.4674710784923457,18.697815067060088,False,17.63740771123869,False,False,-2.5998861052755062,True,False,True,7.04536568182503,True,True,True,True,Health
HUM,2024-10-03 04:00:00,241.78,0.2211514600049631,True,14.801797652673118,-34.49221248301635,5.902677593539995,-22.76386404293381,True,True,-3.4674710784923457,18.697815067060088,False,54.32801822323473,True,True,-2.5998861052755062,True,False,True,1.7992968896100918,True,False,False,True,Health
HUM,2024-10-04 04:00:00,240.03,0.24167812356788754,True,14.558486893157509,-34.73929925574517,5.739146312472638,-24.88969552836624,True,True,-3.4674710784923457,18.697815067060088,False,5.457025920873193,False,True,-2.5998861052755062,True,False,True,1.1568846380331308,True,False,False,True,Health
HUM,2024-10-07 04:00:00,236.29,0.229844682381819,True,14.027780817168084,-35.5267668566525,5.701944572340434,-25.39938119593358,True,False,2.95093585902515,11.455579011073944,False,66.48971466489706,True,True,-2.7731131362577877,True,True,True,1.0232585981451667,True,False,False,False,Health
HUM,2024-10-08 04:00:00,243.2,0.15222039473684235,True,19.8418055485012,-33.41845450104415,5.450265002049512,-12.971909107174806,True,False,2.95093585902515,11.455579011073944,False,5.365126676602284,False,True,-2.7731131362577877,True,True,True,0.9757946560919927,False,False,False,False,Health
HUM,2024-10-09 04:00:00,245.45,0.10409452026889388,True,21.69865675446107,-32.582419639631844,5.125151421726781,-0.4219238102965761,True,False,2.95093585902515,11.455579011073944,False,26.31578947368413,False,True,-2.7731131362577877,True,True,True,0.5685147675146167,False,False,False,False,Health
HUM,2024-10-10 04:00:00,251.44,0.04044702513522114,True,26.575082681044425,-30.72389626256823,4.839436109158931,3.9953676896351986,True,False,2.95093585902515,11.455579011073944,False,3.3923303834806746,False,False,-2.7731131362577877,True,True,True,0.759879275138978,False,False,False,False,Health
HUM,2024-12-17 05:00:00,233.89,0.10906836547094789,True,24.2920379045026,-29.19550667118806,4.6569211170864,-18.16877755230565,True,True,-4.942978608543081,31.99289046878484,True,3.2710967362539893,False,False,-1.2861169239819392,True,True,True,3.275808220952734,True,True,True,False,Health
HUM,2024-12-18 05:00:00,239.85,0.07433812799666462,True,29.190866244572625,-27.192826166958177,4.470262557246909,-13.785046728971961,True,True,-4.942978608543081,31.99289046878484,True,24.34672966274878,False,False,-1.2861169239819392,True,True,True,1.501347581652706,True,False,False,False,Health
HUM,2024-12-19 05:00:00,235.78,0.09050810077190596,True,27.864875171489963,-28.22525850086356,4.475571103396545,-13.564044284771605,True,True,-4.942978608543081,31.99289046878484,True,49.461077844311355,True,True,-1.2861169239819392,True,True,True,1.3541134874523164,True,False,False,False,Health
PCG,2022-06-13 04:00:00,10.4,0.6576923076923076,True,29.056188013525336,-11.16387148920117,4.120168293087591,-14.82391482391483,False,False,0.4048582995951566,47.88732394366201,True,0.0,False,False,-1.2288060733127049,True,True,False,1.3588861882210364,True,False,False,False,Utilities
SLB,2022-07-14 04:00:00,31.33,0.8037025215448452,True,29.901290702523788,-16.02875604015434,6.139593908228202,-8.871436881908101,False,True,1.6828294352538409,42.541436464088406,True,44.30379746835446,True,False,-1.4069157593683435,True,False,False,0.892094229017237,False,False,False,True,Energy
SLB,2023-03-15 04:00:00,45.32,0.16659311562224177,True,26.027168415592474,-4.860957210858751,4.66852372361914,-15.353007097497196,False,False,3.839020771513346,30.13245033112592,True,26.785714285714324,False,True,-2.0325323584443167,True,True,True,2.1732634476201538,True,True,False,True,Energy
SLB,2023-03-16 04:00:00,46.18,0.15699436985708104,True,29.84251967979984,-3.0260988546457663,4.632505470839963,-11.515616018394326,False,False,3.839020771513346,30.13245033112592,True,10.633946830266057,False,False,-2.0325323584443167,True,True,True,1.9026612543065176,True,False,False,True,Energy
SLB,2023-03-17 04:00:00,44.68,0.21933751119068923,True,27.206700290999088,-6.118273147510967,4.735385494251284,-12.392156862745097,False,False,3.839020771513346,30.13245033112592,True,19.01840490797557,False,False,-2.0325323584443167,True,True,True,2.1595795993781275,True,True,False,True,Energy
SLB,2023-12-06 05:00:00,49.13,-0.16629350702218604,False,24.870488367471342,-8.139210715185616,2.7751200384675454,-5.282436861384221,False,True,-0.47303689687795414,68.42105263157904,True,8.888888888889072,False,False,-1.8551872989755247,True,True,False,1.5807625850127922,True,False,False,False,Energy
SLB,2023-12-07 05:00:00,48.46,-0.1504333470903838,False,23.004423274334385,-9.307188432260412,2.807825920300743,-6.879323597232889,False,True,-0.47303689687795414,68.42105263157904,True,28.301886792452922,False,False,-1.8551872989755247,True,True,False,1.5157010652146001,True,False,False,False,Energy
SLB,2023-12-08 05:00:00,48.8,-0.16249999999999998,False,26.037228031101623,-8.592014546737346,2.733276014741016,-6.852452758159966,False,True,-0.47303689687795414,68.42105263157904,True,31.47208121827436,True,False,-1.8551872989755247,True,True,False,1.5108888975972192,True,False,False,False,Energy
SLB,2023-12-11 05:00:00,49.15,-0.1544252288911495,False,29.131822542293346,-7.863664978136786,2.6405904719542237,-5.535268114549307,False,True,-0.3992395437262375,47.395833333333485,True,21.2500000000001,False,True,-3.254048511584895,True,True,False,1.0114010991334108,True,False,False,False,Energy
SLB,2023-12-12 05:00:00,49.04,-0.1619086460032626,False,28.725041633109022,-7.995993750030399,2.6111414618608006,-3.1021537245603636,False,True,-0.3992395437262375,47.395833333333485,True,27.488151658767702,False,True,-3.254048511584895,True,True,False,1.005556399686954,True,False,False,False,Energy
SLB,2024-04-22 04:00:00,49.51,-0.2944859624318319,False,29.3833391708029,-5.037079778943186,2.5526296839400766,-4.180375459647767,False,True,-5.5060875885880485,3.5677475620391177,False,49.814126394051684,True,True,2.3181785036930025,False,False,True,1.111564472997406,True,False,False,True,Energy
SLB,2024-04-23 04:00:00,49.55,-0.3033299697275478,False,29.800434170092768,-4.91342588275605,2.4995661575239323,-3.617973156973353,False,True,-5.5060875885880485,3.5677475620391177,False,35.164835164835054,True,True,2.3181785036930025,False,False,True,1.119675091499508,True,False,False,True,Energy
SLB,2024-04-24 04:00:00,49.11,-0.30564039910405205,False,27.851682042479055,-5.703763338720684,2.501084359264975,-3.34579807124582,False,True,-5.5060875885880485,3.5677475620391177,False,45.20547945205461,True,True,2.3181785036930025,False,False,True,1.002061425091438,True,False,False,True,Energy
SLB,2024-04-30 04:00:00,47.48,-0.2685341196293176,False,23.108170087143314,-8.609536060308018,2.5248016046902846,-4.177598385469228,False,True,-4.1346153846153815,21.336760925449862,False,2.6041666666665164,False,True,2.363099509351496,False,False,True,1.384452837859893,True,False,False,True,Energy
SLB,2024-05-01 04:00:00,47.16,-0.2841391009329941,False,22.054454107637472,-9.14207476496581,2.491379714163079,-3.9706780696395882,False,True,-4.1346153846153815,21.336760925449862,False,28.32369942196496,False,True,2.363099509351496,False,False,True,1.1093566116078226,True,False,False,True,Energy
SLB,2024-05-02 04:00:00,47.58,-0.29424127784783527,False,26.774072525185996,-8.25683910653321,2.41910627988816,-3.762135922330101,False,True,-4.1346153846153815,21.336760925449862,False,40.54054054054101,True,False,2.363099509351496,False,False,True,0.8970430702644376,False,False,False,True,Energy
SLB,2024-05-03 04:00:00,47.66,-0.29710449013848084,False,27.67242111794572,-8.028434122258147,2.3684341441790395,-3.1300813008130257,False,True,-4.1346153846153815,21.336760925449862,False,63.09523809523766,True,True,2.363099509351496,False,False,True,1.099803952981088,True,False,False,True,Energy
SLB,2024-05-22 04:00:00,46.48,-0.2700086058519793,False,27.50861038836637,-9.53483061345483,2.152014558183281,-3.788035603394757,False,False,1.7624842635333593,40.0,True,11.27450980392142,False,False,-4.0124729889996935,True,True,True,1.3747334681091257,True,False,False,False,Energy
SLB,2024-05-23 04:00:00,46.32,-0.2750431778929189,False,26.743370631695345,-9.757829989626261,2.1763713246926124,-4.337050805452291,False,False,1.7624842635333593,40.0,True,25.22522522522534,False,False,-4.0124729889996935,True,True,True,1.016421283256505,True,False,False,False,Energy
SLB,2024-05-24 04:00:00,46.24,-0.2716262975778547,False,26.348692888837764,-9.824736471961176,2.1410401582997145,-4.836386087672362,False,False,1.7624842635333593,40.0,True,16.556291390728575,False,False,-4.0124729889996935,True,True,True,0.7952561575728544,False,False,False,False,Energy
SLB,2024-05-29 04:00:00,45.64,-0.2695004382120946,False,25.728621142354772,-10.815913330880523,2.189136228004728,-5.487678608407531,False,True,0.18556701030929545,74.37500000000024,True,22.58064516129023,False,False,-2.9684692388137757,True,True,True,1.5348516319660188,True,False,False,False,Energy
SLB,2024-05-30 04:00:00,45.59,-0.2518096073700373,False,25.493298816025042,-10.816770266146683,2.148588830256893,-1.914802065404464,False,True,0.18556701030929545,74.37500000000024,True,19.310344827586437,False,False,-2.9684692388137757,True,True,True,1.6448622534455604,True,False,False,False,Energy
SLB,2024-05-31 04:00:00,45.89,-0.2756591850076269,False,29.650884390318318,-10.138439579477105,2.0700185879717843,-0.9283246977547455,False,True,0.18556701030929545,74.37500000000024,True,35.39823008849496,True,True,-2.9684692388137757,True,True,True,4.028991112567744,True,True,True,False,Energy
SLB,2024-06-03 04:00:00,44.07,-0.2493759927388246,False,21.729108033451954,-13.584533726860379,2.3808081121370663,-4.692906574394462,False,True,-4.836386087672362,6.49350649350659,False,11.111111111111043,False,False,1.1386742853761067,False,False,True,1.463399155639425,True,False,False,False,Energy
SLB,2024-06-04 04:00:00,43.41,-0.21976503109882517,False,19.67614054002219,-14.75250058535383,2.4278289655517935,-6.705351386202462,False,True,-4.836386087672362,6.49350649350659,False,50.2762430939224,True,True,1.1386742853761067,False,False,True,1.4441970777297453,True,False,False,False,Energy
SLB,2024-06-05 04:00:00,43.2,-0.21018518518518525,False,19.059115267023376,-15.036688532328132,2.421621561061249,-5.346187554776504,False,True,-4.836386087672362,6.49350649350659,False,44.97354497354541,True,True,1.1386742853761067,False,False,True,0.9713126157949903,False,False,False,False,Energy
SLB,2024-06-06 04:00:00,43.66,-0.18644067796610153,False,24.634308752712847,-14.011071740751774,2.3852867428375064,-4.233384514147853,False,True,-4.836386087672362,6.49350649350659,False,30.61224489795899,True,True,1.1386742853761067,False,False,True,0.9412573165832699,False,False,False,False,Energy
SLB,2024-06-14 04:00:00,43.0,-0.16627906976744178,False,28.039909858116268,-14.679893603163944,2.499016976431052,-3.479236812570141,False,True,-0.7569204152249154,26.272352132049537,False,45.882352941176464,True,True,-2.3109664542960817,True,False,True,1.0274047631612189,True,False,False,True,Energy
SLB,2024-09-06 04:00:00,40.62,-0.10979812900049235,False,29.799815109840015,-15.812323382799082,2.679546020966608,-8.057944771389769,False,True,0.7592675301473895,63.33333333333322,True,19.79034307496782,False,False,-2.355366436145989,True,True,False,1.2760279364065505,True,False,False,False,Energy
SLB,2024-09-09 04:00:00,40.41,-0.10838901262063838,False,29.082343653474606,-16.11194293193717,2.645810923448276,-8.138213230279623,False,True,-2.504432624113462,21.66064981949467,False,7.181240840253755,False,False,0.40227461228299344,False,False,True,1.3829699974873793,True,False,False,True,Energy
SLB,2024-09-10 04:00:00,39.59,-0.1015407931295782,False,26.408622858189926,-17.66826225180834,2.7530831241927665,-6.38448805864269,False,True,-2.504432624113462,21.66064981949467,False,34.55882352941222,True,False,0.40227461228299344,False,False,True,1.3113264742024509,True,False,False,True,Energy
SLB,2024-09-11 04:00:00,39.57,-0.12130401819560266,False,26.34500401796198,-17.564588855331724,2.7580946812669986,-4.235237173281703,False,True,-2.504432624113462,21.66064981949467,False,81.08108108108112,True,True,0.40227461228299344,False,False,True,1.7815845921939533,True,False,False,True,Energy
SLB,2024-09-12 04:00:00,39.8,-0.11457286432160796,False,28.478821070604393,-16.944235941789945,2.699733461935672,-3.4449296458030076,False,True,-2.504432624113462,21.66064981949467,False,45.0292397660818,True,True,0.40227461228299344,False,False,True,1.6756950842780118,True,False,False,True,Energy
SLB,2024-09-13 04:00:00,39.96,-0.12937937937937938,False,29.998114087902586,-16.47229129092406,2.674714166319027,-1.6248153618906858,False,True,-2.504432624113462,21.66064981949467,False,45.72864321608035,True,True,0.40227461228299344,False,False,True,1.8077248271336062,True,False,False,True,Energy
SLB,2024-12-17 05:00:00,38.93,-0.02183406113537123,False,28.679102189026867,-14.010003744834105,2.6205289458093275,-4.746758013212615,False,True,-6.781975421028674,3.539823008849489,False,25.555555555555248,False,False,1.8788595007051434,False,False,True,1.8021966223174457,True,False,False,True,Energy
SLB,2024-12-18 05:00:00,37.33,0.026788106080900098,True,23.374325050920216,-17.39994805405423,2.9069371516295637,-10.17805582290665,False,True,-6.781975421028674,3.539823008849489,False,2.5906735751293866,False,False,1.8788595007051434,False,False,True,1.4560007623793823,True,False,False,True,Energy
SLB,2024-12-19 05:00:00,36.91,0.03494987808182071,True,22.212824631891177,-18.18005765795218,2.989487034706644,-10.194647201946482,False,True,-6.781975421028674,3.539823008849489,False,29.146778042959298,False,False,1.8788595007051434,False,False,True,1.4501436762117514,True,False,False,True,Energy
SLB,2024-12-20 05:00:00,36.83,0.03095302742329631,True,21.988692011864778,-18.207995186046283,2.929377378424594,-8.42864246643461,False,True,-6.781975421028674,3.539823008849489,False,27.631578947368347,False,False,1.8788595007051434,False,False,True,2.942820916226379,True,True,False,True,Energy
SLB,2024-12-23 05:00:00,37.26,0.014224369296833128,True,26.293653928883806,-17.110754119922802,2.8286875910894715,-6.569709127382161,False,True,-1.806640625,9.011627906976816,False,16.438356164384093,False,False,-2.6498836468159426,True,False,True,0.8678787180056415,False,False,False,True,Energy
PAYX,2022-09-27 04:00:00,113.32,0.03353335686551362,True,28.5023290759859,-7.317144871606791,2.6349283163065693,-5.598133955348228,False,True,-5.282661830797131,25.96585804132972,False,33.14917127071801,True,True,3.4695776659034783,False,False,False,1.205361926055078,True,False,False,True,Other
D,2022-09-30 04:00:00,69.11,-0.3854724352481551,False,18.541341214223653,-13.808088548470662,2.6274623507249033,-11.112540192926046,False,True,-2.813852813852813,4.724409448818701,False,3.875968992247844,False,True,0.6707535707602741,False,False,True,1.4158123921731984,True,False,False,True,Utilities
D,2022-10-05 04:00:00,69.01,-0.39573974786262855,False,25.511822548904576,-13.62541004068649,2.800228380725129,-7.814587229495052,False,True,-3.7985647117050103,21.929824561403496,False,26.24434389140271,False,True,2.14655683996805,False,False,True,1.0851765385522938,True,False,False,False,Utilities
D,2022-10-06 04:00:00,65.96,-0.36052152819890837,False,21.533189989697483,-17.29932804614943,3.0658937096074856,-7.177033492822982,False,True,-3.7985647117050103,21.929824561403496,False,5.109489051094894,False,False,2.14655683996805,False,False,True,1.5545404037520048,True,False,False,False,Utilities
D,2022-10-07 04:00:00,64.39,-0.33856188849200186,False,19.819727787043984,-19.11271804558299,3.15259971392433,-6.829691795688031,False,True,-3.7985647117050103,21.929824561403496,False,16.431924882628877,False,False,2.14655683996805,False,False,True,0.9658551734882567,False,False,False,False,Utilities
D,2022-10-10 04:00:00,64.5,-0.33395348837209304,False,20.29826054462002,-18.82126854604796,3.0564193162066884,-9.269939513293012,False,True,-11.112540192926046,1.1750881316098052,False,19.834710743802276,False,False,10.287696254691747,False,False,False,0.7989054248194483,False,False,False,True,Utilities
D,2022-10-11 04:00:00,64.83,-0.35909301249421566,False,21.80599051173191,-18.256226982613867,3.0120618724128025,-9.328671328671334,False,True,-11.112540192926046,1.1750881316098052,False,15.204678362573453,False,False,10.287696254691747,False,False,False,0.844328485269805,False,False,False,True,Utilities
D,2022-10-12 04:00:00,62.66,-0.3316310245770826,False,19.22988874228557,-20.826991455788985,3.157101392379264,-9.20156499058109,True,True,-11.112540192926046,1.1750881316098052,False,6.0606060606057905,False,False,10.287696254691747,False,False,False,1.2828749538493438,True,False,False,True,Utilities
D,2022-10-13 04:00:00,65.04,-0.3508610086100862,False,29.12023252877406,-17.673808138218348,3.231485736474587,-1.3947847180108996,False,True,-11.112540192926046,1.1750881316098052,False,7.55225893459189,False,False,10.287696254691747,False,False,False,1.2360280094039175,True,False,False,True,Utilities
D,2022-10-14 04:00:00,64.31,-0.3483128595863786,False,27.988181572504963,-18.44690953807876,3.25464360119954,-0.12424289485944984,False,True,-11.112540192926046,1.1750881316098052,False,18.181818181818116,False,False,10.287696254691747,False,False,False,1.0040988370894308,True,False,False,True,Utilities
D,2022-11-09 05:00:00,60.42,-0.2558755379013572,False,27.80602661286142,-21.33067299013038,3.592843211628592,-12.48551564310545,True,False,5.920952235617261,15.311004784688983,False,32.50000000000017,True,True,0.043416310856359,False,False,False,1.9759488851405373,True,False,False,False,Utilities
D,2022-11-14 05:00:00,57.96,-0.18512767425810905,False,27.814511201954282,-24.061642947574185,3.8925876062986733,-7.912297426120107,True,True,-3.2848292753205555,17.71300448430478,False,0.251889168765693,False,True,0.5214659136813626,False,False,False,2.4961827506623346,True,True,False,True,Utilities
D,2023-02-28 05:00:00,55.62,-0.1400575332614168,False,29.7605952220919,-18.4119313517141,2.284067168469026,-4.2685025817555955,False,True,-1.4108162579778205,73.72881355932213,True,27.962085308056366,False,True,-1.9961547957305315,True,False,True,1.090126145589206,True,False,False,False,Utilities
D,2023-03-01 05:00:00,54.74,-0.1817683595177202,False,27.050636835820974,-19.545058941904163,2.367696130843486,-5.14642176399237,False,True,-1.4108162579778205,73.72881355932213,True,22.694643843180646,False,False,-1.9961547957305315,True,False,True,1.3543688484666283,True,False,False,False,Utilities
D,2023-03-02 05:00:00,54.99,-0.15075468266957626,False,29.02783891484551,-19.023095867519718,2.3535446972577363,-4.014662244719847,False,True,-1.4108162579778205,73.72881355932213,True,18.11023622047225,False,False,-1.9961547957305315,True,False,True,0.9385359320428579,False,False,False,False,Utilities
D,2023-03-10 05:00:00,53.21,-0.11708325502725059,False,27.6396180529814,-20.754799715108486,2.3574428384580393,-4.880228816589193,True,True,-2.8960817717206155,30.89430894308934,True,12.297925256888515,False,False,-2.1355833645877564,True,True,True,0.8243666548439449,False,False,False,False,Utilities
D,2023-05-16 04:00:00,52.84,0.008705526116578266,True,28.07982629502628,-16.25787668619087,2.3594024127821323,-6.47787610619468,False,True,-1.1375568778438927,53.8767395626244,True,0.5181347150261719,False,False,-1.3168302669318233,True,True,True,0.8987681430117228,False,False,False,True,Utilities
D,2023-05-18 04:00:00,52.68,0.020880789673500377,True,29.380173813497716,-16.24467066753456,2.2933876049896886,-5.0126217093400705,False,True,-1.1375568778438927,53.8767395626244,True,75.28089887640463,True,True,-1.3168302669318233,True,True,True,1.3759629257781383,True,False,False,True,Utilities
D,2023-05-19 04:00:00,52.12,0.03491941673062171,True,27.285351906818043,-16.993484148126313,2.309373379291112,-5.5626019206378,False,True,-1.1375568778438927,53.8767395626244,True,0.873362445414671,False,True,-1.3168302669318233,True,True,True,1.1762059318329272,True,False,False,True,Utilities
D,2023-05-22 04:00:00,52.16,0.025690184049079745,True,27.68199130730046,-16.78960749036386,2.2482184307522,-4.765382508672644,False,True,-2.3012922641175493,11.864406779661033,False,61.03896103896065,True,True,-1.6029382486136279,True,True,True,1.0637135044926014,True,False,False,False,Utilities
D,2023-05-23 04:00:00,52.29,0.004781028877414384,True,29.036791451640244,-16.444355142613304,2.215627070901909,-1.040878122634381,False,True,-2.3012922641175493,11.864406779661033,False,5.128205128204867,False,False,-1.6029382486136279,True,True,True,0.8675510310747084,False,False,False,False,Utilities
D,2023-05-24 04:00:00,51.31,0.028844279867472178,True,25.20361341216852,-17.86312919748358,2.283204073261952,-3.5888763622698217,False,True,-2.3012922641175493,11.864406779661033,False,0.7462686567167978,False,False,-1.6029382486136279,True,True,True,0.8577957292676825,False,False,False,False,Utilities
D,2023-05-25 04:00:00,50.43,0.04878048780487809,True,22.35038433394784,-19.11672879870472,2.3766545041045872,-4.2710706150341675,False,True,-2.3012922641175493,11.864406779661033,False,47.18309859154936,True,False,-1.6029382486136279,True,True,True,1.1965689392945802,True,False,False,False,Utilities
D,2023-05-26 04:00:00,49.86,0.05174488567990365,True,20.714595791249423,-19.871229016107993,2.3567573868917626,-4.336147352263997,False,True,-2.3012922641175493,11.864406779661033,False,35.71428571428553,True,True,-1.6029382486136279,True,True,True,1.024969448591884,True,False,False,False,Utilities
D,2023-05-30 04:00:00,49.74,0.07559308403699228,True,20.376482337059386,-19.904172677540128,2.297092025727358,-4.639570552147232,False,True,-5.5626019206378,3.2352941176470433,False,36.11111111111152,True,True,0.9684003915322092,False,False,True,1.121362364719947,True,False,False,True,Utilities
D,2023-05-31 04:00:00,50.28,0.07239459029435169,True,26.213115021430813,-18.880977296606087,2.2720559803327434,-3.8439472174411904,False,True,-5.5626019206378,3.2352941176470433,False,34.21052631578951,True,True,0.9684003915322092,False,False,True,1.3078151320248832,True,False,False,True,Utilities
D,2023-06-01 04:00:00,49.02,0.09485924112607091,True,22.1357728362381,-20.748873334152254,2.427007447375261,-4.4630676281426584,True,True,-5.5626019206378,3.2352941176470433,False,42.412451361867944,True,True,0.9684003915322092,False,False,True,1.172202176956027,True,False,False,True,Utilities
D,2023-06-02 04:00:00,49.86,0.06859205776173294,True,29.95767703972762,-19.23500596394478,2.4004853101747163,-1.130279595478878,False,True,-5.5626019206378,3.2352941176470433,False,15.50387596899193,False,True,0.9684003915322092,False,False,True,1.1897382952375177,True,False,False,True,Utilities
D,2023-08-15 04:00:00,47.8,0.15669456066945608,True,28.108326812422316,-17.41554915192406,2.333477623901179,-2.983559975644423,False,True,-8.018691588785043,10.341132345061634,False,8.074534161490405,False,False,7.4450396260996365,False,False,True,1.0742922030689743,True,False,False,True,Utilities
D,2023-09-06 04:00:00,45.95,0.24287268770402592,True,27.915667661463612,-18.70371219889681,2.188182925298743,-7.284100080710254,False,False,0.18583522609953995,52.777777777777956,True,12.021857923497217,False,False,-3.480659245454354,True,True,True,2.4739693556820774,True,True,False,False,Utilities
D,2023-09-07 04:00:00,46.03,0.24636106886812947,True,28.727580998317546,-18.41148094227951,2.1602542913429197,-7.01010101010101,False,False,0.18583522609953995,52.777777777777956,True,28.235294117647246,False,False,-3.480659245454354,True,True,True,1.5659470700684757,True,False,False,False,Utilities
D,2023-09-28 04:00:00,44.14,0.30924331671952876,True,27.110186661329283,-19.958845079676365,2.428350170407168,-6.857986917071113,False,False,2.8650254668930453,3.619909502262365,False,3.3465556735012623,False,False,-1.1557444101688796,True,True,True,0.8839600589802319,False,False,False,True,Utilities
D,2023-10-02 04:00:00,42.31,0.37934294493027654,True,24.29297407693926,-22.954630838164526,2.820010060845789,-11.688582759340417,True,True,-1.4854549205694179,37.36842105263165,True,16.1048689138577,False,False,-1.9353805333908958,True,True,True,1.4378415671168134,True,False,False,False,Utilities
D,2023-10-03 04:00:00,42.47,0.36755356722392274,True,25.578250949490897,-22.488482630419025,2.8685629078795274,-7.794181502388198,True,True,-1.4854549205694179,37.36842105263165,True,34.95145631067968,True,True,-1.9353805333908958,True,True,True,1.6685729639382483,True,False,False,False,Utilities
D,2023-10-04 04:00:00,41.97,0.3874195854181557,True,24.195843760242067,-23.222253040603285,2.8911165578633815,-7.677078750549937,True,True,-1.4854549205694179,37.36842105263165,True,19.999999999999755,False,False,-1.9353805333908958,True,True,True,0.9952247488922265,False,False,False,False,Utilities
D,2023-10-05 04:00:00,40.98,0.3931185944363105,True,21.695577665913397,-24.846108775404907,3.044032115205744,-7.159039420027192,True,True,-1.4854549205694179,37.36842105263165,True,44.585987261146215,True,True,-1.9353805333908958,True,True,True,1.4082769359256189,True,False,False,False,Utilities
D,2023-10-06 04:00:00,41.7,0.3623501199040766,True,27.558509223393255,-23.34625297618841,3.228293369398267,-6.6487575554063145,True,True,-1.4854549205694179,37.36842105263165,True,48.28897338403049,True,True,-1.9353805333908958,True,True,True,1.1761341297747643,True,False,False,False,Utilities
D,2023-10-20 04:00:00,40.02,0.4992503748125936,True,28.230537358893194,-24.75612362384717,3.0558901746776566,-4.441260744985676,True,True,-6.6487575554063145,46.27709707822819,True,0.9852216748773507,False,False,7.4624412807312135,False,False,True,0.8490514177420756,False,False,False,True,Utilities
D,2023-10-23 04:00:00,39.53,0.54136099165191,True,26.604169377112047,-25.487022404762605,3.0543844137866327,-6.371387967787778,True,False,0.4316546762589857,14.484679665738096,False,24.8756218905472,False,False,-2.6459031638657593,True,False,False,0.9913042721791615,False,False,False,False,Utilities
D,2024-01-24 05:00:00,44.15,0.26228765571913937,True,29.979290368649636,-11.468011574416428,2.2385976915731858,-4.3751353692874195,False,True,-3.4869494290375225,22.179732313575443,False,8.943089430894235,False,False,-0.005866919586783315,True,True,True,1.2663990493175477,True,False,False,True,Utilities
CCI,2022-02-16 05:00:00,164.67,-0.14568531001396723,False,29.60350118171861,-10.243255621211379,2.864717502729254,-8.333333333333337,False,False,-0.21031658180208357,19.575856443719243,False,50.38167938931263,True,True,-2.448448617796928,True,False,False,1.0883002546131078,True,False,False,False,RealEstate
CCI,2022-02-17 05:00:00,163.37,-0.16349390953051357,False,28.556422950473543,-10.85470231066568,2.769580621231185,-5.593759029182321,False,False,-0.21031658180208357,19.575856443719243,False,13.366336633663806,False,True,-2.448448617796928,True,False,False,1.5793900378981816,True,False,False,False,RealEstate
CCI,2022-02-18 05:00:00,162.34,-0.17321670567943825,False,27.71984688394491,-11.315992823632422,2.7526280905933773,-3.8725722406442453,False,False,-0.21031658180208357,19.575856443719243,False,33.1550802139039,True,True,-2.448448617796928,True,False,False,1.9167325388876912,True,False,False,False,RealEstate
CCI,2022-02-22 05:00:00,163.15,-0.17707631014403935,False,29.46973241082663,-10.776967465767008,2.746465292653594,-2.643513545769194,False,True,-6.3338879645036155,8.14814814814819,False,43.10344827586219,True,True,4.514837610832045,False,False,False,1.2181271440554788,True,False,False,True,RealEstate
CCI,2022-02-23 05:00:00,159.93,-0.1798912024010505,False,26.702197457838555,-12.428662466101185,2.817806702241892,-3.423913043478255,False,True,-6.3338879645036155,8.14814814814819,False,1.0330365075104089,False,True,4.514837610832045,False,False,False,0.8951879620478166,False,False,False,True,RealEstate
CCI,2022-06-14 04:00:00,157.92,-0.2598150962512664,False,26.239974841565125,-13.422524491823204,3.6092408298542766,-15.078511507851166,False,True,-5.3518796214902515,44.731738849385835,True,9.21717171717157,False,False,5.0321944561819265,False,False,False,1.8822289752114734,True,False,False,False,RealEstate
CCI,2022-06-15 04:00:00,160.25,-0.284804992199688,False,29.68676581476202,-12.038835407558537,3.538946759107481,-13.12008674437516,False,True,-5.3518796214902515,44.731738849385835,True,46.22641509433956,True,False,5.0321944561819265,False,False,False,1.6601054108074778,True,False,False,False,RealEstate
CCI,2022-06-16 04:00:00,154.99,-0.2744693206013291,False,26.65818620326447,-14.799509458346499,3.6995524300695246,-13.71708511941212,False,True,-5.3518796214902515,44.731738849385835,True,28.923766816143903,False,True,5.0321944561819265,False,False,False,1.156448433033485,True,False,False,False,RealEstate
CCI,2022-06-17 04:00:00,156.15,-0.2817162984309959,False,28.393139035358537,-14.040710322567968,3.5927529412077144,-9.556907037358819,False,True,-5.3518796214902515,44.731738849385835,True,26.424870466321416,False,True,5.0321944561819265,False,False,False,1.6777061709139676,True,False,False,False,RealEstate
CCI,2022-09-22 04:00:00,157.09,-0.41237507161499776,False,29.868763302445505,-11.422895838711636,2.5983045347186846,-2.79084158415841,False,False,4.047448736289949,0.0,False,32.7586206896557,True,True,-0.7707381934728974,True,True,True,1.1064665459328549,True,False,False,True,RealEstate
CCI,2022-09-23 04:00:00,153.66,-0.40726278797344784,False,26.79015979620343,-13.241636871330744,2.7059647327431886,-5.857125352285264,False,False,4.047448736289949,0.0,False,43.65482233502538,True,True,-0.7707381934728974,True,True,True,0.9770032935084493,False,False,False,True,RealEstate
CCI,2022-09-26 04:00:00,150.76,-0.40501459273016704,False,24.491665652065446,-14.752804869060377,2.8144927750981403,-7.746909802961688,False,True,-6.490976797479242,16.894977168949808,False,47.66536964980535,True,True,5.77409529794064,False,False,True,1.2794556472169585,True,False,False,True,RealEstate
CCI,2022-09-27 04:00:00,148.14,-0.378425813419738,False,22.604736784296893,-16.098753045417684,2.9251615749866646,-8.181480104127935,False,True,-6.490976797479242,16.894977168949808,False,4.377043225571839,False,True,5.77409529794064,False,False,True,0.9603015872179729,False,False,False,True,RealEstate
CCI,2022-09-28 04:00:00,150.07,-0.3867528486706203,False,27.062613999026517,-14.878574508488112,2.8268068541065685,-5.25285687227729,False,True,-6.490976797479242,16.894977168949808,False,64.76302619958851,True,True,5.77409529794064,False,False,True,1.128523870945806,True,False,False,True,RealEstate
CCI,2022-09-29 04:00:00,144.25,-0.36963604852686305,False,22.798156335277497,-18.031469948158318,3.0625628916786556,-8.173658412375072,False,True,-6.490976797479242,16.894977168949808,False,15.331010452961568,False,True,5.77409529794064,False,False,True,1.2839256128124714,True,False,False,True,RealEstate
CCI,2022-09-30 04:00:00,144.55,-0.38817018332756836,False,23.467612705013735,-17.71475967512613,2.991338173948904,-5.928673695171149,False,True,-6.490976797479242,16.894977168949808,False,44.122383252818324,True,True,5.77409529794064,False,False,True,1.4161090514379573,True,False,False,True,RealEstate
CCI,2022-10-06 04:00:00,137.7,-0.32331154684095853,False,25.31278520595251,-21.07988574701191,3.5040168496874657,-4.540727902946284,True,True,-5.857125352285264,14.000814000813996,False,4.373522458628569,False,False,1.4200611515698291,False,False,True,1.419686452452178,True,False,False,True,RealEstate
CCI,2022-10-07 04:00:00,134.35,-0.3069594343133606,False,23.347878291352572,-22.82325156545307,3.566399363403441,-7.056381874783824,True,True,-5.857125352285264,14.000814000813996,False,19.977037887485668,False,False,1.4200611515698291,False,False,True,1.2860463443328822,True,False,False,True,RealEstate
CCI,2022-10-10 04:00:00,132.63,-0.28718992686420863,False,22.387004480774088,-23.63035644227439,3.5740646956367765,-10.209193690339191,True,True,-5.928673695171149,13.339824732229863,False,15.705521472392348,False,False,0.0596559074354408,False,False,False,0.9640967694364614,False,False,False,True,RealEstate
CCI,2022-10-11 04:00:00,132.53,-0.28838753489775903,False,22.329466645046168,-23.507644266780346,3.5651586204578876,-11.858206969938824,True,True,-5.928673695171149,13.339824732229863,False,60.88397790055231,True,True,0.0596559074354408,False,False,False,1.313766619772559,True,False,False,True,RealEstate
CCI,2022-10-12 04:00:00,129.03,-0.2673021777881113,False,20.357354519463726,-25.338092940595274,3.667129535545826,-11.483844412430544,True,True,-5.928673695171149,13.339824732229863,False,29.59641255605402,False,True,0.0596559074354408,False,False,False,1.355835034377808,True,False,False,True,RealEstate
CCI,2022-10-13 04:00:00,131.12,-0.2786760219646126,False,24.63762072197228,-23.946140167047396,3.736602464279838,-4.7785039941902525,True,True,-5.928673695171149,13.339824732229863,False,21.6101694915254,False,True,0.0596559074354408,False,False,False,1.4189275730077406,True,False,False,True,RealEstate
CCI,2022-10-14 04:00:00,127.65,-0.26831179005092043,False,22.477668083710515,-25.767111544177613,3.919905487388977,-4.986974320803861,True,True,-5.928673695171149,13.339824732229863,False,3.4591194968553363,False,False,0.0596559074354408,False,False,False,1.16599069157876,True,False,False,True,RealEstate
CCI,2022-10-20 04:00:00,126.8,-0.31695583596214505,False,27.771234329898768,-25.56513499689077,3.9454867592674776,-3.2946918852959195,True,True,-7.056381874783824,4.526534859521355,False,27.480916030534335,False,False,6.0584565038675375,False,False,False,1.8587800574333682,True,False,False,True,RealEstate
CCI,2022-10-21 04:00:00,123.59,-0.2869973298810583,False,25.583652647511204,-27.250788289895674,4.036815492455763,-3.1805718762240476,True,True,-7.056381874783824,4.526534859521355,False,14.345114345114334,False,False,6.0584565038675375,False,False,False,2.069043117298281,True,True,False,True,RealEstate
CCI,2022-10-24 04:00:00,122.45,-0.28738260514495706,False,24.83543931255294,-27.72101836969861,4.042367349509363,-7.911558998270285,True,True,-4.986974320803861,25.166740773677294,False,16.666666666666828,False,False,0.1395997651252534,False,False,False,1.276677764769238,True,False,False,True,RealEstate
CCI,2023-03-01 05:00:00,128.96,-0.138802729528536,False,28.018928271811408,-15.241459095037877,2.714168846058103,-3.9189390552823666,False,True,-0.5795053003533557,61.26447016918984,True,31.525324648210873,True,True,-2.8121934595640607,True,True,True,1.1511428455526986,True,False,False,False,RealEstate
CCI,2023-03-02 05:00:00,129.31,-0.12767767380713024,False,29.12743626405665,-14.884287614082037,2.630306896516394,-3.6868762103381414,False,True,-0.5795053003533557,61.26447016918984,True,32.151300236406804,True,True,-2.8121934595640607,True,True,True,1.1176889027387267,True,False,False,False,RealEstate
CCI,2023-03-07 05:00:00,126.52,-0.1178469807145115,False,28.80506677481737,-16.353819838124465,2.6546310323619635,-3.235181644359464,False,True,-6.767131077622979,9.350393700787293,False,16.51583710407216,False,False,1.1659676003377362,False,False,True,1.3451252881233362,True,False,False,False,RealEstate
CCI,2023-05-16 04:00:00,111.45,-0.06666666666666676,False,26.96463926819965,-21.20009295706368,2.804902472274499,-4.784280222127291,True,True,-3.728978796002924,26.564885496183138,False,3.5211267605636762,False,False,-1.5817428756242924,True,False,True,0.8188992618354642,False,False,False,True,RealEstate
CCI,2023-08-16 04:00:00,99.85,0.10005007511266917,True,26.98743572145939,-21.455420683541153,2.485605476499841,-4.568479403612735,True,True,-4.709014136221768,9.260642270351067,False,18.666666666666362,False,True,-0.4211617060137174,True,False,False,0.889534827925367,False,False,False,False,RealEstate
CCI,2023-08-17 04:00:00,99.79,0.09730433911213532,True,26.887289479621565,-21.33430794447495,2.433281454461954,-4.680485242143462,True,True,-4.709014136221768,9.260642270351067,False,8.092485549133029,False,False,-0.4211617060137174,True,False,False,1.1063174901193815,True,False,False,False,RealEstate
CCI,2023-08-18 04:00:00,100.23,0.09727626459143979,True,28.96893823567787,-20.822103016851184,2.3913734356906677,-4.003447945599071,True,True,-4.709014136221768,9.260642270351067,False,11.05527638190952,False,False,-0.4211617060137174,True,False,False,0.8213793447579748,False,False,False,False,RealEstate
CCI,2023-08-21 04:00:00,99.24,0.10399032648125761,True,27.099371442352556,-21.43527736715559,2.4075370479721485,-3.762606671838642,True,False,0.5779790000963292,54.50236966824661,True,61.320754716980865,True,True,-3.9517975984988407,True,True,True,1.0161333453400814,True,False,False,False,RealEstate
CCI,2023-08-22 04:00:00,98.71,0.10920879343531564,True,26.127235013035836,-21.684553442149333,2.353945682395638,-3.875742526049275,True,False,0.5779790000963292,54.50236966824661,True,41.496598639455776,True,True,-3.9517975984988407,True,True,True,0.7582802831929877,False,False,False,False,RealEstate
CCI,2023-09-21 04:00:00,92.9,0.25791173304628634,True,21.893753547207176,-23.131566516099102,2.167033992656424,-5.809591402210268,True,True,-0.5312218101633737,35.27131782945725,True,1.0638297872342073,False,False,-4.152822224941966,True,True,True,1.4822209148348426,True,False,False,False,RealEstate
CCI,2023-09-22 04:00:00,91.98,0.2761469884757555,True,20.325172196314476,-23.711436032176113,2.178196310479889,-6.53388883243572,True,True,-0.5312218101633737,35.27131782945725,True,19.05421237618483,False,False,-4.152822224941966,True,True,True,1.1237700041457475,True,False,False,False,RealEstate
CCI,2023-09-25 04:00:00,92.31,0.264760047665475,True,22.47084102022482,-23.258763556257836,2.144603166576306,-5.352199323285145,True,True,-0.8363563079403447,66.83291770573562,True,29.341317365269127,False,False,-2.294198641335554,True,True,True,1.325680529977875,True,False,False,True,RealEstate
CCI,2023-09-26 04:00:00,91.08,0.2602108036890647,True,20.278749951565512,-24.097931681760603,2.135946528943601,-6.074043518614003,True,True,-0.8363563079403447,66.83291770573562,True,21.59999999999968,False,False,-2.294198641335554,True,True,True,1.1393010637338132,True,False,False,True,RealEstate
CCI,2023-09-27 04:00:00,89.7,0.30000000000000004,True,18.140549741737573,-25.059695354204482,2.2235197707679424,-7.277237957411609,True,True,-0.8363563079403447,66.83291770573562,True,35.42260208926883,True,True,-2.294198641335554,True,True,True,1.3097393300438986,True,False,False,True,RealEstate
CCI,2023-10-02 04:00:00,90.93,0.2732871439568898,True,28.902033208210963,-23.502849947371406,2.242402055954008,-1.4949626259343485,True,True,-6.53388883243572,4.59731716091892,False,25.00000000000021,False,False,2.4886165712045827,False,False,True,0.923120650996847,False,False,False,True,RealEstate
CCI,2023-10-03 04:00:00,88.44,0.29228855721393043,True,24.164480745780367,-25.40763629693325,2.375881183629477,-2.898550724637683,True,True,-6.53388883243572,4.59731716091892,False,13.402061855670139,False,False,2.4886165712045827,False,False,True,0.9656676394022721,False,False,False,True,RealEstate
CCI,2023-10-04 04:00:00,89.27,0.2487957880586984,True,28.378829566300514,-24.5220347934934,2.3480917557029897,-0.47937569676700376,True,True,-6.53388883243572,4.59731716091892,False,37.9310344827584,True,True,2.4886165712045827,False,False,True,1.007878020200668,True,False,False,True,RealEstate
CCI,2023-10-19 04:00:00,85.89,0.2829200139713586,True,27.58772728524863,-25.67967293381907,2.7553352447365462,-8.92800339306542,True,True,-0.9236118656959613,76.06635071090069,True,22.762730504616542,False,False,-1.9948752000560788,True,True,True,2.1446467197344274,True,True,False,False,RealEstate
CCI,2023-10-20 04:00:00,86.14,0.274320872997446,True,28.63496360358389,-25.274018057235136,2.703675639503372,-8.885127988153164,True,True,-0.9236118656959613,76.06635071090069,True,7.734806629834276,False,False,-1.9948752000560788,True,True,True,1.1191451852439858,True,False,False,False,RealEstate
CCI,2024-04-12 04:00:00,96.71,0.0392927308447939,True,29.973972390416403,-11.699300253884012,2.2437643676491197,-4.0384997023218965,False,False,2.9474708171206343,20.479302832244006,False,51.61290322580576,True,True,-1.3852066509937422,True,True,True,1.0268340463027932,True,False,False,False,RealEstate
CCI,2024-04-15 04:00:00,95.65,0.05854678515420808,True,28.151644861642122,-12.55691503018523,2.2850630094388045,-4.531390358319188,False,True,-4.771803836341304,11.234572369611682,False,25.104602510460598,False,True,0.07045746701073163,False,False,True,1.1335002806259675,True,False,False,True,RealEstate
CCI,2024-04-16 04:00:00,93.96,0.10249042145593878,True,25.49073582854617,-13.981211038804705,2.3333345489620827,-7.882352941176474,False,True,-4.771803836341304,11.234572369611682,False,34.62441314553941,True,True,0.07045746701073163,False,False,True,1.5386082542736148,True,False,False,True,RealEstate
CCI,2024-04-17 04:00:00,93.05,0.09758194519075758,True,24.16617027989996,-14.688546448537132,2.3329404197944306,-4.759467758444225,False,True,-4.771803836341304,11.234572369611682,False,12.698412698412422,False,False,0.07045746701073163,False,False,True,1.4741150132651228,True,False,False,True,RealEstate
CCI,2024-04-18 04:00:00,94.37,0.10596587898696619,True,29.859631274912378,-13.362132490842429,2.4387603345526974,-2.79151215492377,False,True,-4.771803836341304,11.234572369611682,False,47.250000000000014,True,True,0.07045746701073163,False,False,True,1.7453534612290305,True,False,False,True,RealEstate
CCI,2024-12-16 05:00:00,95.72,-0.09214375261178431,False,20.581900753009098,-10.740678067488377,1.9434836361109966,-6.156862745098035,False,True,-4.141176470588237,9.30713547052718,False,7.009345794392787,False,False,-0.08701899152980808,True,True,True,2.5685941397033414,True,True,False,True,RealEstate
CCI,2024-12-17 05:00:00,94.88,-0.09253794266441828,False,19.295194023765436,-11.42241296440178,1.9930387989573892,-5.648369132856013,False,True,-4.141176470588237,9.30713547052718,False,4.366812227074003,False,False,-0.08701899152980808,True,True,True,1.6132668980971843,True,False,False,True,RealEstate
CCI,2024-12-18 05:00:00,92.9,-0.0696447793326157,False,16.652514495047797,-13.156215215040612,2.1031014733092444,-6.331921758419035,False,True,-4.141176470588237,9.30713547052718,False,4.693140794224158,False,False,-0.08701899152980808,True,True,True,1.756496542667575,True,False,False,True,RealEstate
CCI,2024-12-19 05:00:00,90.73,-0.036481869282486534,False,14.335230519011972,-15.05640839788458,2.1735728057467014,-8.140123519287224,False,True,-4.141176470588237,9.30713547052718,False,1.9230769230772253,False,False,-0.08701899152980808,True,True,True,2.204253651336868,True,True,False,True,RealEstate
CCI,2024-12-20 05:00:00,90.66,-0.030994926097507203,False,14.26626488847827,-14.994038058542047,2.1908523121318093,-6.641952425084963,False,True,-4.141176470588237,9.30713547052718,False,38.24708538776998,True,False,-0.08701899152980808,True,True,True,2.1260553057633653,True,True,False,True,RealEstate
CCI,2024-12-23 05:00:00,90.75,-0.027217630853994423,False,14.83358158685589,-14.783227818380663,2.155918707620865,-5.192227329711663,False,True,-4.653902798232689,9.584664536741137,False,46.49681528662424,True,True,1.9721977431591986,False,False,True,0.8993540189559537,False,False,False,True,RealEstate
CCI,2024-12-24 05:00:00,91.0,-0.0257142857142858,False,16.486728689918788,-14.42459113459151,2.1078846902007173,-4.089376053962901,False,True,-4.653902798232689,9.584664536741137,False,22.53521126760535,False,True,1.9721977431591986,False,False,True,0.3391140653176355,False,False,False,True,RealEstate
CCI,2024-12-26 05:00:00,91.14,-0.022383146807109955,False,17.453039666024686,-14.170871953872071,2.0248499862906737,-1.8945102260495172,False,True,-4.653902798232689,9.584664536741137,False,22.222222222222747,False,True,1.9721977431591986,False,False,True,0.586593844946262,False,False,False,True,RealEstate
CCI,2024-12-27 05:00:00,90.56,-0.01866166077738518,False,16.596284129855558,-14.59200420450102,2.02279685193472,-0.18736911716080717,False,True,-4.653902798232689,9.584664536741137,False,11.782477341390168,False,False,1.9721977431591986,False,False,True,0.7439533586873094,False,False,False,True,RealEstate
CCI,2024-12-30 05:00:00,89.78,-0.012029405212742206,False,15.49469375350318,-15.19829536929942,2.038234953573582,-0.9706596073240648,False,True,-6.641952425084963,12.639405204460926,False,47.645429362881046,True,True,4.380438653570762,False,False,True,0.5974896183472291,False,False,False,True,RealEstate
MNST,2022-03-07 05:00:00,37.5,0.37493333333333334,True,28.834902712410823,-16.079192185823693,3.6570971966135013,-11.137440758293849,False,False,4.060538944259862,42.13006597549481,True,4.374057315233873,False,False,9.780383098739765,False,False,False,1.5942652881681747,True,False,False,True,Other
MNST,2022-03-08 05:00:00,36.245,0.4070906331907851,True,25.630279447522803,-18.735014317781527,3.8972565345940957,-12.904000961191887,False,False,4.060538944259862,42.13006597549481,True,18.35686777920385,False,False,9.780383098739765,False,False,False,1.237023816067435,True,False,False,True,Other
MNST,2023-10-12 04:00:00,47.54,0.08708456037021461,True,23.703174659620068,-12.26609270323606,2.566544962979712,-5.090836494310247,False,True,-2.8796771826852585,10.000000000000037,False,12.997903563941367,False,True,-0.8368554489330937,True,True,True,1.3807999153676407,True,False,False,True,Other
MNST,2023-10-13 04:00:00,47.72,0.10268231349538981,True,25.02279513730715,-11.829208395469387,2.5067598461572294,-4.502701620972582,False,True,-2.8796771826852585,10.000000000000037,False,65.49582109780883,True,True,-0.8368554489330937,True,True,True,1.03668130505131,True,False,False,True,Other
MNST,2024-06-13 04:00:00,48.72,0.2885878489326765,True,26.130310962039314,-11.148628101119233,2.248803783984374,-7.111534795042907,False,True,-1.4800759013282705,63.975155279503205,True,18.08510638297881,False,True,-1.5393781924485594,True,True,True,0.9041312056463133,False,False,False,True,Other
MNST,2024-06-14 04:00:00,48.03,0.3156360607953361,True,23.96869828743453,-12.298721576212435,2.286967021540619,-8.844182956917813,False,True,-1.4800759013282705,63.975155279503205,True,31.71806167400882,True,True,-1.5393781924485594,True,True,True,0.6463252514693193,False,False,False,True,Other
MNST,2024-08-08 04:00:00,45.005,0.4227308076880345,True,24.12149222488461,-15.611083594292896,3.419515296451282,-12.407551576488906,False,False,0.2161524857535957,87.27272727272721,True,70.2702702702704,True,True,-1.983773524297705,True,True,True,4.111745779445045,True,True,True,True,Other
FAST,2022-02-17 05:00:00,25.64,0.0035101404056161467,True,28.8182687429201,-7.694175435431823,2.6906883364795102,-2.989027620128637,False,True,-1.5045674368618922,4.659498207885398,False,5.714285714285908,False,True,0.2234002219706266,False,False,False,0.9063417506254896,False,False,False,False,Other
FAST,2022-02-18 05:00:00,25.6,0.0078125,True,28.58299947103093,-7.766243493099505,2.5986613736477406,-1.443695861405192,False,True,-1.5045674368618922,4.659498207885398,False,36.231884057971136,True,True,0.2234002219706266,False,False,False,0.9926097031196828,False,False,False,False,Other
FAST,2022-02-22 05:00:00,25.525,0.006856023506366382,True,28.11945629092665,-7.962862289376142,2.5866363653280215,-1.675654853620967,False,True,-5.528277868703402,12.236286919831288,False,54.62184873949546,True,True,2.2222587774116453,False,False,False,1.282834719083116,True,False,False,False,Other
FAST,2022-02-23 05:00:00,24.81,0.03264812575574383,True,24.105853664377236,-10.447055900512911,2.717252870170354,-4.88786658999426,False,True,-5.528277868703402,12.236286919831288,False,4.0935672514620025,False,True,2.2222587774116453,False,False,False,1.166465685662196,True,False,False,False,Other
FAST,2022-09-15 04:00:00,23.615,0.1626085115392759,True,29.14409790994979,-11.101364705169921,2.533884918160731,-6.807419100236789,False,True,-0.9615384615384692,25.842696629213513,False,19.467787114845937,False,True,-3.1468778903998795,True,False,True,1.0216633030840019,True,False,False,True,Other
KMB,2022-09-29 04:00:00,114.98,0.03504957383892848,True,19.82833081994851,-12.176493875538192,1.8581017524404755,-4.746914091624543,False,True,-3.800063071586257,14.802315082078826,False,4.910714285714271,False,False,1.413059222598556,False,False,True,1.297033511269927,True,False,False,True,Staples
KMB,2022-09-30 04:00:00,112.54,0.07117469344233163,True,16.983780119902335,-13.919946830415652,1.9900092750786236,-6.442763321971901,False,True,-3.800063071586257,14.802315082078826,False,4.469273743017064,False,False,1.413059222598556,False,False,True,1.4387832156782603,True,False,False,True,Staples
KMB,2022-10-03 04:00:00,114.08,0.060834502103786825,True,24.35939287339606,-12.631253743570934,1.9813310018192296,-3.9568951001852204,False,True,-1.4178003605966105,32.01058201058221,True,43.47826086956497,True,False,-2.422290958080653,True,False,True,1.2957202027287789,True,False,False,False,Staples
KMB,2022-10-06 04:00:00,112.19,0.05686781353061776,True,26.632888262781005,-13.761462189363893,2.041574615553921,-2.426508958079676,False,True,-1.4178003605966105,32.01058201058221,True,8.12854442344055,False,False,-2.422290958080653,True,False,True,0.9346882372471756,False,False,False,False,Staples
KMB,2022-10-07 04:00:00,109.59,0.09234419198832011,True,23.31180084379952,-15.627728333149104,2.1519008053047894,-2.6212902079260747,False,True,-1.4178003605966105,32.01058201058221,True,2.4691358024690873,False,False,-2.422290958080653,True,False,True,1.2218064236258732,True,False,False,False,Staples
KMB,2022-10-10 04:00:00,110.16,0.08342411038489472,True,25.504986685430694,-15.060519103126909,2.101325682315058,-3.436185133239833,False,True,-6.442763321971901,1.9070321811681858,False,52.00000000000061,True,False,3.5949014188342288,False,False,True,0.8793412829365217,False,False,False,True,Staples
MSCI,2022-05-09 04:00:00,379.08,0.25585628363406143,True,26.348344475161735,-27.170824399383957,4.936209805080257,-10.541592920353981,True,True,-7.628716779229894,12.181069958847763,False,11.251580278128797,False,True,1.8396887640564907,False,False,True,2.0299168735356745,True,True,False,True,Other
PRU,2022-06-13 04:00:00,94.25,-0.09241379310344822,False,29.28382599092317,-12.387869428456344,3.236464683381307,-10.519320231652895,False,True,-2.1737084784040683,7.41839762611275,False,16.53246793007397,False,False,-3.677299582364002,True,False,False,1.2300172079361438,True,False,False,False,Finance
PRU,2022-06-14 04:00:00,94.14,-0.07839388145315485,False,29.15004863469771,-12.381229859613375,3.2056954333310164,-11.364278316542698,False,True,-2.1737084784040683,7.41839762611275,False,27.74566473988436,False,False,-3.677299582364002,True,False,False,0.9129911661297468,False,False,False,False,Finance
PRU,2022-06-16 04:00:00,91.33,-0.06876163363626409,False,26.90886982282975,-14.77099224298766,3.423698116934615,-10.958369893731101,False,True,-2.1737084784040683,7.41839762611275,False,38.888888888888744,True,True,-3.677299582364002,True,False,False,1.3586597310951072,True,False,False,False,Finance
PRU,2022-06-17 04:00:00,91.44,-0.06616360454943127,False,27.254384026871893,-14.543613718532935,3.3752910083546577,-7.063725988413461,False,True,-2.1737084784040683,7.41839762611275,False,17.578811672331067,False,True,-3.677299582364002,True,False,False,1.465295208776144,True,False,False,False,Finance
PRU,2022-09-30 04:00:00,85.78,0.06481697365353223,True,29.933389979533665,-15.32287370595927,3.013998307006058,-3.2701849345963097,False,True,-6.66125101543461,17.771373679154724,False,7.079646017698993,False,False,4.931431786942975,False,False,True,1.2869910714720019,True,False,False,True,Finance
PRU,2023-03-09 05:00:00,90.7,0.22954796030871005,True,24.817129485695432,-10.2416613926392,2.6160179878239687,-7.458422609937765,False,True,-2.452477100364414,51.724137931034754,True,10.53811659192824,False,False,-1.9614605311602085,True,True,True,1.4111139406409514,True,False,False,False,Finance
PRU,2023-03-10 05:00:00,88.52,0.2623136014460008,True,21.96977505485241,-12.290818483040997,2.7237967282964637,-10.658054097698832,False,True,-2.452477100364414,51.724137931034754,True,26.739926739926467,False,False,-1.9614605311602085,True,True,True,2.262135630812754,True,True,False,False,Finance
PRU,2023-03-13 04:00:00,82.18,0.37296179119007045,True,16.162071356226576,-18.4219868777089,3.3423463503932465,-16.619318181818176,False,True,0.04038772213246222,43.19248826291083,True,16.96035242290769,False,False,-1.894754614164218,True,True,True,3.0000637978973885,True,True,True,True,Finance
PRU,2023-03-14 04:00:00,83.67,0.3354846420461335,True,21.41952196310268,-16.80264229340831,3.444452099215558,-12.807419758232585,False,True,0.04038772213246222,43.19248826291083,True,18.918918918918948,False,False,-1.894754614164218,True,True,True,2.1358730052640387,True,True,False,True,Finance
PRU,2023-03-15 04:00:00,80.16,0.4076846307385231,True,18.479617774198715,-20.131545474783447,3.8018293705782678,-15.380555262324513,True,True,0.04038772213246222,43.19248826291083,True,60.35714285714284,True,True,-1.894754614164218,True,True,True,2.1992608925531174,True,True,False,True,Finance
PRU,2023-03-16 04:00:00,82.19,0.3758364764569899,True,24.899673978405964,-17.961104146091785,3.953218457660995,-9.382579933847857,False,True,0.04038772213246222,43.19248826291083,True,32.708688245315,True,True,-1.894754614164218,True,True,True,1.9658138508500917,True,False,False,True,Finance
PRU,2023-03-17 04:00:00,78.02,0.45860035888233797,True,21.20529356956465,-21.951626933024023,4.300999126100489,-11.861726163578856,True,True,0.04038772213246222,43.19248826291083,True,14.882506527414971,False,True,-1.894754614164218,True,True,True,4.820475072928588,True,True,True,True,Finance
PRU,2023-03-20 04:00:00,80.31,0.4360602664674387,True,27.561547333688928,-19.503318651754007,4.187204380915633,-2.2754928206376257,False,True,-10.658054097698832,6.181202370872062,False,16.866889263708938,False,False,7.687458042607798,False,False,True,0.9374704126049875,False,False,False,True,Finance
PRU,2023-03-22 04:00:00,78.68,0.4565327910523638,True,28.885819737981848,-20.835235956950466,4.292274757185885,-1.8463073852295286,True,True,-10.658054097698832,6.181202370872062,False,0.5319148936172926,False,False,7.687458042607798,False,False,True,0.9361601982127368,False,False,False,True,Finance
PRU,2023-03-23 04:00:00,77.23,0.49721610773015645,True,27.467198798050315,-22.121409661450556,4.360176756478801,-6.034797420610771,True,True,-10.658054097698832,6.181202370872062,False,21.60493827160506,False,False,7.687458042607798,False,False,True,0.8206428070870572,False,False,False,True,Finance
PRU,2023-03-24 04:00:00,77.58,0.4929105439546275,True,28.38150483290543,-21.598651654372762,4.239931003698627,-0.563957959497563,True,True,-10.658054097698832,6.181202370872062,False,28.571428571428303,False,False,7.687458042607798,False,False,True,0.7520522569900302,False,False,False,True,Finance
O,2022-09-27 04:00:00,59.49,-0.16591023701462437,False,18.62884166424479,-13.167451824426275,2.241053862658727,-5.706134094151216,False,True,-3.713130708189849,25.39682539682549,False,3.4653465346534866,False,True,4.593635689518494,False,False,True,1.3531702921613364,True,False,False,True,RealEstate
O,2022-09-29 04:00:00,57.95,-0.15461604831751508,False,20.33369531373386,-15.185882287123157,2.502311082296221,-7.279999999999998,False,True,-3.713130708189849,25.39682539682549,False,14.544744718691854,False,False,4.593635689518494,False,False,True,0.9265477711768706,False,False,False,True,RealEstate
O,2022-09-30 04:00:00,58.2,-0.1599656357388316,False,22.00577238673518,-14.694194631028953,2.4252774347666404,-5.840478886911504,False,True,-3.713130708189849,25.39682539682549,False,57.14285714285725,True,True,4.593635689518494,False,False,True,1.0549359778069922,True,False,False,True,RealEstate
O,2022-10-03 04:00:00,59.22,-0.16295170550489702,False,28.591119757645412,-13.084994811258294,2.4436301769967192,-2.758620689655167,False,True,-3.8874203078836933,25.216096344977164,False,59.68586387434569,True,True,0.6439503368910193,False,False,False,0.7910562137885027,False,False,False,False,RealEstate
O,2022-10-06 04:00:00,58.52,-0.1361927546138073,False,29.906716187833922,-13.786836922939944,2.5903143591647635,0.9836065573770592,False,True,-3.8874203078836933,25.216096344977164,False,17.96407185628766,False,True,0.6439503368910193,False,False,False,0.7401623425878415,False,False,False,False,RealEstate
O,2022-10-07 04:00:00,58.03,-0.1349302085128381,False,28.67395458941973,-14.38511925448385,2.552383683166571,-0.29209621993127044,False,True,-3.8874203078836933,25.216096344977164,False,33.980582524271945,True,True,0.6439503368910193,False,False,False,0.6336302602975037,False,False,False,False,RealEstate
O,2022-10-10 04:00:00,57.35,-0.11159546643417606,False,27.010032487385583,-15.258606663572339,2.5853440362984554,-3.157716987504222,False,True,-5.840478886911504,14.326977210976017,False,1.9962736225712752,False,False,2.7564913426042947,False,False,False,0.6123102648960385,False,False,False,True,RealEstate
O,2022-10-14 04:00:00,55.54,-0.08228303925099023,False,24.988503039665773,-17.430013262585575,2.786682737240185,-4.290884025504049,False,True,-5.840478886911504,14.326977210976017,False,1.3651877133105512,False,False,2.7564913426042947,False,False,False,0.9344527217194044,False,False,False,True,RealEstate
O,2023-03-22 04:00:00,59.4,-0.12323232323232325,False,29.33950074184349,-9.052314941840546,2.178764521921221,-5.803996194100858,False,True,-4.822453093502855,4.359673024523259,False,2.0512820512820045,False,False,2.4103701460784555,False,False,True,0.9520334119325287,False,False,False,True,RealEstate
O,2023-03-23 04:00:00,59.27,-0.11979078791968956,False,28.959900219848024,-9.167744589947928,2.184243972893498,-5.061669069357677,False,True,-4.822453093502855,4.359673024523259,False,13.846153846153856,False,False,2.4103701460784555,False,False,True,0.8155005355988354,False,False,False,True,RealEstate
O,2023-08-21 04:00:00,56.23,0.08358527476436062,True,28.54487246308919,-9.59787287157371,1.6693903630250857,-2.9513289609941373,False,True,-1.0131712259371817,15.591397849462323,False,28.421052631578657,False,False,-1.584130926225913,True,False,False,0.9383412933938362,False,False,False,True,RealEstate
O,2023-08-22 04:00:00,56.32,0.07421875,True,29.471574388142468,-9.367928159465439,1.6072794001974775,-1.932787741598463,False,True,-1.0131712259371817,15.591397849462323,False,36.1702127659579,True,False,-1.584130926225913,True,False,False,0.6807947020390116,False,False,False,True,RealEstate
O,2023-09-06 04:00:00,54.99,0.13475177304964525,True,29.445409480922557,-10.686198469231222,1.4689062132368294,-2.6208606339649276,False,True,-1.5817223198594021,10.919540229884959,False,31.944444444445047,True,False,-1.8166476161072254,True,True,True,0.8557282009710422,False,False,False,True,RealEstate
O,2023-09-15 04:00:00,54.1,0.15508317929759707,True,26.364543840936594,-11.4927818976457,1.3403463347509654,-2.2053506869125106,False,False,0.3571428571428559,38.35616438356196,True,11.88118811881227,False,False,-4.866952811813718,True,True,True,2.985982203213938,True,True,False,True,RealEstate
O,2023-09-18 04:00:00,53.73,0.15745393634840865,True,24.526728579167283,-11.992156237839932,1.351553504600189,-2.610114192495927,False,True,-1.5658362989323882,39.43661971830997,True,10.810810810810551,False,False,-2.4237240429892615,True,True,True,0.9550919347329386,False,False,False,False,RealEstate
O,2023-09-19 04:00:00,54.0,0.12407407407407423,True,28.446486782809135,-11.448138039199593,1.3241357241113572,-2.0852221214868516,False,True,-1.5658362989323882,39.43661971830997,True,3.508771929825108,False,False,-2.4237240429892615,True,True,True,0.7105361285334139,False,False,False,False,RealEstate
O,2023-09-20 04:00:00,53.8,0.14553903345724928,True,27.314828026738716,-11.672610099921659,1.3505354199763318,-2.288412640755544,False,True,-1.5658362989323882,39.43661971830997,True,7.903740875912196,False,False,-2.4237240429892615,True,True,True,0.6029007299441236,False,False,False,False,RealEstate
O,2023-09-21 04:00:00,52.06,0.1970802919708028,True,19.898223882045688,-14.405551219298335,1.5374629174187013,-5.551523947750359,False,True,-1.5658362989323882,39.43661971830997,True,1.324503311258487,False,False,-2.4237240429892615,True,True,True,1.3684045192583707,True,False,False,False,RealEstate
O,2023-09-22 04:00:00,51.56,0.213343677269201,True,18.355860136391147,-15.098985329942776,1.5640919777937332,-4.695009242144177,False,True,-1.5658362989323882,39.43661971830997,True,5.0847457627120685,False,False,-2.4237240429892615,True,True,True,1.0899699368038223,True,False,False,False,RealEstate
O,2023-09-25 04:00:00,51.19,0.22367649931627276,True,17.28795535556406,-15.576288919170429,1.5619395122869755,-4.727340405732361,False,True,-2.2053506869125106,7.692307692307973,False,50.74626865671574,True,False,-1.9034747813332253,True,True,True,0.8480368448924561,False,False,False,True,RealEstate
O,2023-09-26 04:00:00,50.26,0.24313569438917626,True,14.93586463920131,-16.968705758161466,1.654146846742103,-6.925925925925924,False,True,-2.2053506869125106,7.692307692307973,False,24.89959839357396,False,True,-1.9034747813332253,True,True,True,0.860069575087795,False,False,False,True,RealEstate
O,2023-09-27 04:00:00,49.66,0.2631896898912607,True,13.645933108417665,-17.81305414859277,1.7789345646458126,-7.695167286245352,False,True,-2.2053506869125106,7.692307692307973,False,17.948717948717622,False,True,-1.9034747813332253,True,True,True,0.8852901162889334,False,False,False,True,RealEstate
O,2023-09-28 04:00:00,49.62,0.27811366384522374,True,13.561842323800915,-17.732898201876488,1.7246999715610698,-4.68689973107953,False,True,-2.2053506869125106,7.692307692307973,False,8.053150795248403,False,False,-1.9034747813332253,True,True,True,0.9815823440832825,False,False,False,True,RealEstate
O,2023-09-29 04:00:00,49.94,0.26151381657989603,True,17.91956402778654,-17.06039079000309,1.721401343977322,-3.1419705197827885,False,True,-2.2053506869125106,7.692307692307973,False,34.80662983425385,True,False,-1.9034747813332253,True,True,True,0.9016975103876443,False,False,False,True,RealEstate
O,2023-10-02 04:00:00,48.99,0.27413757909777514,True,15.43219608436845,-18.48696740221303,1.807319541213887,-4.297714397343222,False,True,-4.695009242144177,1.455133387227217,False,18.852459016393787,False,False,3.4450854910755613,False,False,True,1.0280619062172787,True,False,False,False,RealEstate
O,2023-10-03 04:00:00,48.89,0.2763346287584372,True,15.193128397338757,-18.50208986884115,1.7802758323538097,-2.7258257063270896,False,True,-4.695009242144177,1.455133387227217,False,58.51851851851861,True,True,3.4450854910755613,False,False,True,1.0507940730274858,True,False,False,False,RealEstate
O,2023-10-04 04:00:00,49.57,0.25095824087149476,True,23.833827376803253,-17.225501717884452,1.7637250508215099,-0.1812323801852478,False,True,-4.695009242144177,1.455133387227217,False,49.189189189188774,True,True,3.4450854910755613,False,False,True,0.9004917141607678,False,False,False,False,RealEstate
O,2023-10-05 04:00:00,50.06,0.23192169396723927,True,29.414721886372128,-16.270581193377375,1.742868643342117,0.886739218057242,False,True,-4.695009242144177,1.455133387227217,False,27.087504416441405,False,True,3.4450854910755613,False,False,True,0.8395921645648918,False,False,False,False,RealEstate
O,2023-10-06 04:00:00,50.11,0.22749950109758532,True,29.978530246007267,-16.051741538296227,1.782812178513247,0.3404084901882376,False,True,-4.695009242144177,1.455133387227217,False,36.91303974590082,True,True,3.4450854910755613,False,False,True,0.7040406635816379,False,False,False,False,RealEstate
O,2023-10-30 04:00:00,46.22,0.3085244482907832,True,24.89522049734281,-20.604060285382893,2.3929863357507446,-5.692715772291368,True,True,-2.4510772880015796,0.512820512820412,False,37.32283464566931,True,False,-0.6586401569910749,True,True,True,5.845116599991822,True,True,True,False,RealEstate
O,2024-05-29 04:00:00,51.17,0.10572601133476645,True,28.20273497472349,-6.664498447037398,1.6384443778938298,-7.098765432098764,False,True,0.21814215597164566,53.84615384615411,True,56.756756756757376,True,False,-4.299426247145632,True,True,True,1.0269967536802749,True,False,False,False,RealEstate
O,2024-12-19 05:00:00,51.76,0.08056414219474495,True,19.39323402716207,-10.252594631991514,1.9741705518008392,-6.129851287631483,False,True,-2.9711521851787825,24.626903170694874,False,1.1299435028246365,False,False,-0.4174472382041383,True,True,False,1.7100368959680319,True,False,False,True,RealEstate
CMI,2022-02-23 05:00:00,205.83,0.18597872030316287,True,27.682448292080522,-11.983507969502458,3.2077984469840914,-7.442216026621096,False,True,-2.8127734033245866,19.30803571428558,False,8.349514563106919,False,False,-1.9885189317744634,True,False,False,1.5239496407278015,True,False,False,False,Other
CMI,2022-02-24 05:00:00,203.27,0.1964382348600382,True,25.83302474754619,-12.964948590162114,3.2867596955687235,-8.974071917961579,False,True,-2.8127734033245866,19.30803571428558,False,67.29131175468508,True,True,-1.9885189317744634,True,False,False,1.2487497152348912,True,False,False,False,Other
CMI,2022-02-25 05:00:00,203.85,0.19244542555800837,True,27.022602863018996,-12.60602474714597,3.187320986417642,-6.78586126480406,False,True,-2.8127734033245866,19.30803571428558,False,31.38686131386853,True,True,-1.9885189317744634,True,False,False,1.2323280341688705,True,False,False,False,Other
CMI,2022-02-28 05:00:00,204.12,0.22089947089947093,True,27.604723616460756,-12.3813775702913,3.1447047885193835,-6.388443017656509,False,True,-1.854435792411202,11.24799143010188,False,6.8518518518519285,False,True,-1.663844875160192,True,True,False,1.507405419712367,True,False,False,False,Other
CMI,2022-03-01 05:00:00,196.07,0.28969245677564137,True,21.976203930149406,-15.704010426714865,3.5128353717052563,-8.41702087906956,False,True,-1.854435792411202,11.24799143010188,False,31.20184899845906,True,False,-1.663844875160192,True,True,False,1.6356055940971497,True,False,False,False,Other
CMI,2022-03-07 05:00:00,189.6,0.35279535864978917,True,28.80802820346869,-18.06097312430691,4.118046414438899,-7.113462669018233,False,True,-6.512267828479712,25.32093846834882,False,0.7898894154817879,False,True,6.340280181803082,False,False,False,1.8388925500229578,True,False,False,True,Other
PWR,2022-01-21 05:00:00,98.27,0.5417726671415488,True,29.459122103632225,-4.242590816204654,3.7265588634219027,-8.398583146905302,False,True,-6.950985522414088,0.6381039197811594,False,15.185185185185043,False,False,3.8444478631939782,False,False,False,3.107457035509459,True,True,True,True,Other
PWR,2022-01-25 05:00:00,97.06,0.5460539872243972,True,29.750872856013533,-5.342020939083017,3.9486574040532205,-8.087121212121207,False,False,-0.04686474833629495,28.208232445520594,False,60.35714285714284,True,True,0.8238952382492615,False,False,False,1.339066803811766,True,False,False,True,Other
PWR,2022-01-26 05:00:00,97.06,0.5454358128992376,True,29.750872856013533,-5.291679264209792,4.057384930739655,-4.992169146436954,False,False,-0.04686474833629495,28.208232445520594,False,21.186440677966093,False,True,0.8238952382492615,False,False,False,0.9770262786541443,False,False,False,True,Other
PWR,2022-01-27 05:00:00,96.89,0.5388584993291361,True,29.537602569459686,-5.406192012546434,4.014248232833023,-3.090618123624733,False,False,-0.04686474833629495,28.208232445520594,False,13.708389632723165,False,True,0.8238952382492615,False,False,False,1.0063325957324278,True,False,False,True,Other
PWR,2023-10-03 04:00:00,169.37,0.7618232272539409,True,21.58212304173977,-4.827516323636302,2.9711216568456367,-8.374357587232883,False,True,-5.415579200963672,16.56140350877183,False,12.3471882640586,False,False,5.3667425413455705,False,False,False,3.0397307959198785,True,True,True,True,Other
PWR,2023-10-05 04:00:00,168.23,0.8279141651310706,True,23.75020632413405,-5.384095081138877,3.0687151421211127,-10.951725598136775,False,True,-5.415579200963672,16.56140350877183,False,14.585908529048233,False,True,5.3667425413455705,False,False,False,1.6815458066589193,True,False,False,True,Other
DHI,2022-01-20 05:00:00,88.36,0.08284291534631061,True,28.46401714756436,-5.733504930183526,3.8682668644548412,-11.133460726138999,False,True,-12.180728446288624,1.1070110701106384,False,7.8880407124682375,False,False,9.417094544729476,False,False,False,1.1697650321239386,True,False,False,True,Consumer
DHI,2022-01-21 05:00:00,87.87,0.10390349379765551,True,27.93800760251681,-6.197866290779474,3.9038195888910456,-11.91860465116279,False,True,-12.180728446288624,1.1070110701106384,False,15.598885793871913,False,False,9.417094544729476,False,False,False,1.4058689218830862,True,False,False,True,Consumer
DHI,2022-01-26 05:00:00,85.85,0.12428654630168912,True,29.89319006648028,-8.212433419319689,4.540743712442784,-4.959592604893171,False,False,3.4544309113817784,11.29773438224606,False,15.870786516853858,False,True,6.104084375505936,False,False,False,1.714455595840229,True,False,False,True,Consumer
DHI,2022-01-27 05:00:00,84.02,0.1286598428945489,True,27.99888219305539,-10.078013333440103,4.695903203549979,-4.911724762335901,False,False,3.4544309113817784,11.29773438224606,False,15.570175438596346,False,True,6.104084375505936,False,False,False,1.1372109857291723,True,False,False,True,Consumer
DHI,2022-06-17 04:00:00,60.56,0.9643328929986787,True,29.693651540547,-25.946554574253327,5.091796082199491,-13.965051853956522,True,False,1.6314522599625514,28.162291169451255,False,38.73386089129523,True,True,-3.119870085062104,True,False,True,1.7274754579980698,True,False,False,True,Consumer
DHI,2023-10-03 04:00:00,102.85,0.8493923189110357,True,27.19700029152315,-4.291842408568957,2.882207329305591,-4.289968360320118,False,True,-2.7320459197294755,16.8380462724936,False,22.359858287896607,False,True,0.7817501424173923,False,False,False,1.6879594414786139,True,False,False,True,Consumer
DHI,2024-12-13 05:00:00,149.87,0.014212317341696146,True,28.90963932401073,-8.006699067873873,2.9423866432360364,-5.450760204403505,False,False,3.2104201064024895,0.0,False,41.6008244589488,True,False,0.40443466993709265,False,False,False,1.9781621695927605,True,False,False,False,Consumer
DHI,2024-12-16 05:00:00,147.61,0.025675767224442758,True,27.0044975894402,-9.30916322008414,3.0135788907464667,-8.293986083499005,False,True,-6.084844175850224,5.8917321640569025,False,8.28282828282876,False,False,-0.1417135354573107,True,False,False,1.6210336902684108,True,False,False,False,Consumer
DHI,2024-12-17 05:00:00,146.71,0.003203598936677876,True,26.262272427375997,-9.773578995457315,2.9644375886443215,-6.55414012738853,False,True,-6.084844175850224,5.8917321640569025,False,13.052005360703753,False,False,-0.1417135354573107,True,False,False,1.4712733043585369,True,False,False,False,Consumer
DHI,2024-12-18 05:00:00,141.77,0.02546377936093669,True,22.591817717983954,-12.70038232904219,3.174590786984003,-7.7498698594482,False,True,-6.084844175850224,5.8917321640569025,False,2.1638330757343867,False,False,-0.1417135354573107,True,False,False,1.4346731105909596,True,False,False,False,Consumer
DHI,2024-12-19 05:00:00,137.24,0.05268143398426117,True,19.851855305899775,-15.359426323467481,3.397318860764973,-9.238806957211821,False,True,-6.084844175850224,5.8917321640569025,False,6.927200656573773,False,False,-0.1417135354573107,True,False,False,1.7855734627782978,True,False,False,False,Consumer
DHI,2024-12-20 05:00:00,139.61,0.05028293102213288,True,24.978287644891786,-13.778534332030109,3.2817054272964503,-6.845933142056437,False,True,-6.084844175850224,5.8917321640569025,False,18.155619596541662,False,False,-0.1417135354573107,True,False,False,2.4516252894698205,True,True,False,False,Consumer
DHI,2024-12-23 05:00:00,140.09,0.04447141123563414,True,26.010500868073603,-13.365872245307036,3.1576974145004475,-5.094505792290505,False,True,-5.450760204403505,15.832695702240187,False,60.75949367088587,True,True,0.8767569844004175,False,False,False,0.7559126227518677,False,False,False,True,Consumer
DHI,2024-12-24 05:00:00,141.05,0.03481035093938312,True,28.140032717834888,-12.661195494117846,3.021574821677105,-3.857951059914111,False,True,-5.450760204403505,15.832695702240187,False,8.796296296296205,False,True,0.8767569844004175,False,False,False,0.38611548983779753,False,False,False,True,Consumer
DHI,2024-12-26 05:00:00,141.47,0.028698664027709153,True,29.101454852635733,-12.292903996666906,2.92136680758577,-0.2116103548000403,False,True,-5.450760204403505,15.832695702240187,False,4.476760764186317,False,False,0.8767569844004175,False,False,False,0.558750727735151,False,False,False,True,Consumer
DHI,2024-12-27 05:00:00,140.28,0.02673224978614197,True,27.960030594450384,-12.917758363838836,2.8579142274120466,2.2150976391722477,False,True,-5.450760204403505,15.832695702240187,False,24.583333333333417,False,False,0.8767569844004175,False,False,False,0.5432338917272941,False,False,False,True,Consumer
DHI,2024-12-30 05:00:00,139.56,0.04413872169676125,True,27.263274725626694,-13.249353016055485,2.8036106854592515,-0.03581405343457966,False,True,-6.845933142056437,26.86639411665227,False,65.41353383458689,True,True,3.1840974783121867,False,False,False,0.751573575181548,False,False,False,True,Consumer
CTVA,2022-06-23 04:00:00,50.93,0.13901433339878255,True,28.7955678592804,-3.2309386336977886,3.59737123275522,-8.28381055285432,False,True,-6.483870967741945,0.21929824561399136,False,6.283662477558254,False,False,2.5556043938804063,False,False,False,1.11820019339875,True,False,False,False,Other
CTVA,2023-05-31 04:00:00,53.49,0.045802953823144366,True,29.601088783666057,-10.12640426758615,2.291463921958786,-4.533285739782256,False,True,-0.08768853034023527,67.63285024154585,True,29.21348314606757,False,True,-0.5499448770593163,True,True,True,2.443588998897765,True,True,False,True,Other
CTVA,2023-08-15 04:00:00,50.65,0.04165844027640664,True,25.532294243199004,-12.665565486443892,2.356652336207343,-6.515319306016987,False,True,-0.21375133594584428,46.35036496350373,True,40.47619047619038,True,True,-0.5241412392373856,True,True,True,1.5745929532568455,True,False,False,True,Other
CTVA,2023-08-16 04:00:00,50.01,0.07578484303139366,True,23.689132847621153,-13.650796729499607,2.347013069922766,-6.29567172568859,False,True,-0.21375133594584428,46.35036496350373,True,0.5464480874311975,False,True,-0.5241412392373856,True,True,True,1.1909282869937157,True,False,False,True,Other
CTVA,2023-08-17 04:00:00,50.43,0.07693833035891329,True,27.393410748046453,-12.813475237587907,2.309982163605688,-3.4093085615782392,False,True,-0.21375133594584428,46.35036496350373,True,4.78910787394078,False,False,-0.5241412392373856,True,True,True,1.0912261411833701,True,False,False,True,Other
CTVA,2023-08-21 04:00:00,50.21,0.08105954989046005,True,28.25700291894919,-12.974616612400544,2.2294399934862645,-3.442307692307689,False,True,-6.444127097465202,10.86419753086413,False,7.661234155174773,False,False,2.6918289735071266,False,False,True,0.6673457269848986,False,False,False,True,Other
CTVA,2023-08-22 04:00:00,49.38,0.10469825840421221,True,25.51481691557195,-14.290275440525477,2.2539813211657256,-2.5074037512339498,False,True,-6.444127097465202,10.86419753086413,False,19.60784313725512,False,False,2.6918289735071266,False,False,True,0.9338161101367447,False,False,False,True,Other
CTVA,2023-08-23 04:00:00,49.08,0.13243683781581095,True,24.58608980627592,-14.685259729096575,2.2076504385101967,-1.8596280743851223,False,True,-6.444127097465202,10.86419753086413,False,61.538461538461455,True,True,2.6918289735071266,False,False,True,1.3119998954077274,True,False,False,True,Other
CTVA,2023-08-24 04:00:00,49.65,0.12084592145015116,True,29.813510710997043,-13.576677528059061,2.1695716958524622,-1.5466983938132062,False,True,-6.444127097465202,10.86419753086413,False,11.055276381910154,False,True,2.6918289735071266,False,False,True,1.011324031570339,True,False,False,True,Other
CTVA,2023-11-09 05:00:00,44.51,0.3147607279263087,True,27.97684601321053,-18.132390377603112,3.1057573687955147,-10.189669087974185,False,False,-4.854755272582567,8.056872037914776,False,3.9999999999999316,False,False,1.0698253288305093,False,False,True,2.036887760657892,True,True,False,True,Other
CTVA,2023-11-10 05:00:00,43.55,0.3118254879448912,True,25.67164228458923,-19.739216912086494,3.162349329680414,-13.298825403145532,False,False,-4.854755272582567,8.056872037914776,False,15.267175572518815,False,False,1.0698253288305093,False,False,True,1.4646809445285476,True,False,False,True,Other
AME,2022-06-14 04:00:00,111.34,0.40740075444584134,True,29.670181402669012,-14.101607154007475,2.544403239496242,-9.97008166895771,False,False,-0.04082965866405441,48.18791946308737,True,47.035573122529534,True,False,-2.8003217562231564,True,True,False,1.3187065036082843,True,False,False,False,Other
AME,2022-06-16 04:00:00,108.23,0.4352767254920078,True,27.337525136808004,-16.253100823625378,2.730846335367211,-8.912640969533737,False,False,-0.04082965866405441,48.18791946308737,True,16.942148760331012,False,True,-2.8003217562231564,True,True,False,1.5896177911960243,True,False,False,False,Other
AME,2022-06-17 04:00:00,107.14,0.46135896957252176,True,26.120657291670504,-16.95525664931935,2.7195881792836563,-7.20595877360124,False,False,-0.04082965866405441,48.18791946308737,True,40.928270042193965,True,True,-2.8003217562231564,True,True,False,1.91119576424038,True,False,False,False,Other
AME,2022-06-21 04:00:00,108.29,0.44085326438267614,True,29.677265260014103,-15.929507977711804,2.613284967527579,-3.0614985229612257,False,True,-5.677640715627808,0.6053268765132824,False,58.74125874125929,True,True,2.7639180747670133,False,False,False,0.820764099715042,False,False,False,False,Other
AME,2022-09-27 04:00:00,111.81,0.3310079599320275,True,29.52461969881241,-10.089920490624293,2.447002272819716,-5.931347804139319,False,True,-5.430116075687708,11.321748288572959,False,23.61809045226131,False,True,3.232894029825828,False,False,False,0.9380753991848338,False,False,False,True,Other
LEN,2022-02-23 05:00:00,79.6999,0.16409556348251386,True,28.743890218826746,-17.810676398137414,4.218586413913178,-10.393974689920038,False,False,1.3732149863925347,12.39737624678066,False,5.971102594599449,False,True,-0.889223483948276,True,True,False,1.2336650583133009,True,False,False,False,Consumer
LEN,2022-06-16 04:00:00,62.4298,0.8852535167500135,True,28.22779761894134,-27.275735014092213,5.143582092563411,-18.035094168696208,True,False,-1.2073507514921644,69.46265825394823,True,29.026974188264482,False,True,-4.650195761196785,True,False,True,1.6745189937858758,True,False,False,False,Consumer
LEN,2022-06-17 04:00:00,62.5653,0.8822542207901185,True,28.624241449338484,-26.92070181825651,5.086350258039084,-13.19007764500858,True,False,-1.2073507514921644,69.46265825394823,True,45.17347011469686,True,True,-4.650195761196785,True,False,True,2.0931703694021215,True,True,False,False,Consumer
LEN,2024-12-16 05:00:00,147.0668,-0.2633959534034874,False,27.94984545505384,-7.723581306966993,2.9428910234537202,-8.487449496505128,False,True,-6.273286774592901,4.088162681912673,False,6.9230616420668305,False,True,1.3392444091015365,False,False,True,1.5116939753765053,True,False,False,True,Consumer
LEN,2024-12-17 05:00:00,146.6312,-0.2635264527603949,False,27.57126673176604,-7.923630426745105,2.864353538666507,-6.3091154101490465,False,True,-6.273286774592901,4.088162681912673,False,23.281946142018587,False,True,1.3392444091015365,False,False,True,0.994864875272474,False,False,False,True,Consumer
LEN,2024-12-18 05:00:00,141.2682,-0.2426462572610114,False,23.37360776084488,-11.19152351363476,3.120491355038508,-7.732671488986487,False,True,-6.273286774592901,4.088162681912673,False,3.810152912075806,False,False,1.3392444091015365,False,False,True,2.094689849862263,True,True,False,True,Consumer
LEN,2024-12-19 05:00:00,133.9787,-0.21823394315663613,False,19.113943602917697,-15.641673708181564,3.608516321167929,-10.979619065084245,False,True,-6.273286774592901,4.088162681912673,False,23.521426923129138,False,False,1.3392444091015365,False,False,True,2.530428817905965,True,True,False,True,Consumer
LEN,2024-12-20 05:00:00,133.6689,-0.21380365963960202,False,18.955833056478962,-15.70390279031486,3.5302720983955775,-10.56417894269891,False,True,-6.273286774592901,4.088162681912673,False,39.75854880363469,True,False,1.3392444091015365,False,False,True,3.20231073664469,True,True,True,True,Consumer
LEN,2024-12-23 05:00:00,133.5915,-0.21477040081142884,False,18.913737899208382,-15.620454443071846,3.386896752526477,-9.16270701477152,False,True,-5.542996362854991,14.870911964854116,False,18.888499824921283,False,True,2.0167997692960293,False,False,True,1.2658472314604983,True,False,False,True,Consumer
LEN,2024-12-24 05:00:00,133.5915,-0.22210619687629818,False,18.913737899208382,-15.489101344326183,3.2391753045113707,-8.892854999481703,False,True,-5.542996362854991,14.870911964854116,False,0.0,False,False,2.0167997692960293,False,False,True,0.7442731230478891,False,False,False,True,Consumer
LEN,2024-12-26 05:00:00,134.211,-0.22592037910454443,False,20.551477324752394,-14.969467758893076,3.131998835524553,-4.995604106231976,False,True,-5.542996362854991,14.870911964854116,False,6.714461917977673,False,False,2.0167997692960293,False,False,True,0.9210331689112615,False,False,False,True,Consumer
LEN,2024-12-27 05:00:00,132.8074,-0.22594674694331796,False,19.586237416112436,-15.725747248818326,3.0967686204069165,-0.874243443174183,False,True,-5.542996362854991,14.870911964854116,False,19.144220934196955,False,False,2.0167997692960293,False,False,True,0.6918022276431288,False,False,False,True,Consumer
LEN,2024-12-30 05:00:00,131.849,-0.2095503189254374,False,18.932376345114193,-16.19770857380482,3.0784562293726605,-1.3614984487790527,False,True,-10.56417894269891,13.317770449054741,False,72.72727272727218,True,True,6.75720309908161,False,False,False,0.9492691006479604,False,False,False,True,Consumer
A,2022-01-21 05:00:00,137.51,0.13220856664969816,True,28.346987793857647,-6.684077286869751,2.775688837858808,-5.276572294551219,False,True,-9.082367679298464,0.41811846689897075,False,0.6666666666660603,False,False,6.424352298041303,False,False,False,1.0829754400924574,True,False,False,True,Other
A,2022-01-25 05:00:00,134.57,0.1609571226870774,True,26.19531402298173,-8.543723316877404,3.0913188449028137,-4.200185092902409,False,False,-0.32380296245263507,25.498426023084843,False,48.36272040302237,True,True,1.2012724270743291,False,False,False,0.9423629245543186,False,False,False,True,Other
A,2022-01-26 05:00:00,133.51,0.16612987791176703,True,25.165879633612896,-9.180401277533868,3.202287736853007,-4.927721996724355,False,False,-0.32380296245263507,25.498426023084843,False,21.470374346365322,False,True,1.2012724270743291,False,False,False,1.0685036937874652,True,False,False,True,Other
A,2022-01-27 05:00:00,132.09,0.1487622075857371,True,23.815658739415824,-10.055543360657882,3.2585935264452734,-5.298250645253788,False,False,-0.32380296245263507,25.498426023084843,False,8.760683760683676,False,True,1.2012724270743291,False,False,False,0.8957472055847063,False,False,False,True,Other
A,2022-02-23 05:00:00,126.0,0.12063492063492065,True,29.61021107581492,-13.267262265913685,3.4093990790111084,-7.291590022809213,False,True,-2.77777777777779,10.835214446952383,False,0.5938242280284697,False,False,0.6781223841664463,False,False,False,1.957844989726004,True,False,False,False,Other
A,2023-05-24 04:00:00,120.99,0.24522687825440115,True,27.266622580878515,-12.594458054794716,2.995618096310633,-5.306409955388592,False,True,-4.35858964741187,24.067796610169417,False,24.582901189515855,False,True,0.8501648531489048,False,False,True,3.6089908514786138,True,True,True,True,Other
A,2023-05-25 04:00:00,119.49,0.24035484140932306,True,25.501825983727734,-13.560442828242577,3.042225790050635,-7.472510453771097,False,True,-4.35858964741187,24.067796610169417,False,49.13907284768196,True,True,0.8501648531489048,False,False,True,1.607191712314132,True,False,False,True,Other
A,2023-05-26 04:00:00,120.42,0.2081049659524994,True,28.587935081986526,-12.775824567599884,2.9419070606988367,-6.5569954217428394,False,True,-4.35858964741187,24.067796610169417,False,72.22222222222202,True,True,0.8501648531489048,False,False,True,1.0416290799538033,True,False,False,True,Other
A,2023-05-30 04:00:00,117.73,0.11628302047056804,True,25.32060014471994,-14.599159252446553,3.0147297249406035,-8.800061972267414,False,False,1.0824378382618294,46.05543710021317,True,1.6506189821183546,False,True,-2.942715198728907,True,False,True,1.0170406732083765,True,False,False,False,Other
A,2023-05-31 04:00:00,115.67,0.1274314861243191,True,23.13955114074442,-15.958896037716421,3.0304892592994506,-10.082400497512422,False,False,1.0824378382618294,46.05543710021317,True,37.15498938428868,True,True,-2.942715198728907,True,False,True,1.8358342617207566,True,False,False,False,Other
A,2023-06-01 04:00:00,116.26,0.1302253569585412,True,25.128740119109427,-15.399493267473105,2.961635867944495,-3.9094140011571077,False,False,1.0824378382618294,46.05543710021317,True,47.817836812144314,True,True,-2.942715198728907,True,False,True,1.724423711406453,True,False,False,False,Other
A,2023-06-07 04:00:00,116.59,0.14057809417617273,True,29.226783036314604,-14.677821562885256,2.741603435704023,0.7953661277773083,False,True,-6.5569954217428394,41.36698358623168,True,65.16853932584299,True,True,8.782943040919289,False,False,True,1.4763226276810915,True,False,False,True,Other
A,2023-06-08 04:00:00,114.69,0.15990932077774866,True,26.553613131725037,-15.933860217888471,2.7274554260512924,-1.3504214691209437,False,True,-6.5569954217428394,41.36698358623168,True,1.3392857142857597,False,True,8.782943040919289,False,False,True,1.0101457703067145,True,False,False,True,Other
A,2023-09-11 04:00:00,113.1,0.22634836427939864,True,29.81710774800112,-12.49928519037706,2.1677022663135608,-7.226642605200562,False,False,1.863302139037426,14.055299539170482,False,27.19546742209573,False,False,-2.783486715983796,True,True,True,1.19112242225244,True,False,False,False,Other
A,2023-09-12 04:00:00,112.78,0.20934562865756323,True,29.28274724947438,-12.636048204906134,2.138596409039615,-5.011370336056597,False,False,1.863302139037426,14.055299539170482,False,37.20316622691291,True,True,-2.783486715983796,True,True,True,1.1688486645829284,True,False,False,False,Other
A,2023-09-21 04:00:00,109.73,0.2739451380661624,True,29.26084856064354,-14.277703752762097,2.6969217040306406,-4.482938718662943,False,True,-6.496595849397102,3.172265337336439,False,8.534322820037275,False,False,1.9768843678601877,False,False,True,0.6889446081545897,False,False,False,False,Other
A,2023-10-30 04:00:00,101.17,0.2996935850548583,True,28.602829412956247,-18.142117874071133,3.095181165041944,-7.472105359429304,False,True,-1.1582662202515581,15.885714285714455,False,73.07692307692311,True,True,-2.6082556147163483,True,False,True,1.708809579562961,True,False,False,True,Other
BK,2022-03-01 05:00:00,50.58,-0.00771055753262162,False,27.439806411233906,-7.885239351638671,4.158136377589244,-9.094176851186198,False,True,-9.54596502486763,5.37790697674425,False,26.226734348561724,False,False,7.209762314379464,False,False,False,1.4410606075516426,True,False,False,True,Other
BK,2022-04-07 04:00:00,47.76,-0.042294807370184206,False,29.68235572115206,-11.528633250246994,3.0872805068603912,-3.7678823292363606,False,False,0.8413001912046081,59.20398009950243,True,55.43068594531611,True,True,-3.414912529729397,True,True,False,0.7724983240420222,False,False,False,False,Other
BK,2022-04-18 04:00:00,46.21,-0.020991127461588377,False,28.994564087366815,-13.810030365125531,3.219847566834596,-4.406288787753421,False,True,-2.2446916076845236,48.24412101844475,True,36.693741041567364,True,False,-1.6992801797797719,True,False,False,1.2592003343198959,True,False,False,False,Other
BK,2022-04-22 04:00:00,44.21,-0.038905225062203064,False,26.11969666205957,-17.07651184750212,3.3145601833085148,-6.51300486360753,False,True,-2.2446916076845236,48.24412101844475,True,3.664921465968608,False,False,-1.6992801797797719,True,False,False,0.9803158544847388,False,False,False,False,Other
BK,2022-04-25 04:00:00,44.37,-0.058147396889790315,False,27.265786918039556,-16.63724728345902,3.282425664304875,-3.9818221164250267,False,True,-2.1721141911460573,19.617224880382647,False,48.507462686567195,True,False,-3.1226597658897237,True,True,True,1.3184174493769472,True,False,False,False,Other
BK,2022-04-26 04:00:00,43.26,-0.028895053166897777,False,24.43393088432876,-18.571026472224,3.3358694066238948,-7.00773860705074,False,True,-2.1721141911460573,19.617224880382647,False,0.787401574802991,False,False,-3.1226597658897237,True,True,True,1.230081521613745,True,False,False,False,Other
BK,2022-04-27 04:00:00,42.35,0.005667060212514841,True,22.381600084046493,-20.12271721402113,3.3471516898248366,-9.931943853679293,True,True,-2.1721141911460573,19.617224880382647,False,23.809523809524407,False,False,-3.1226597658897237,True,True,True,1.2746815127676325,True,False,False,False,Other
BK,2022-04-29 04:00:00,42.06,-0.010699001426533572,False,26.51574418906686,-20.364467379324765,3.386569564959415,-4.8631531327753885,True,True,-2.1721141911460573,19.617224880382647,False,6.086956521739356,False,True,-3.1226597658897237,True,True,True,0.8520786656775714,False,False,False,False,Other
BK,2022-09-27 04:00:00,38.94,0.09604519774011311,True,28.33845529786975,-16.28975617254968,3.054409367165231,-10.006933210076275,False,True,-0.5663797009515137,35.26215388172722,True,40.251572327043974,True,True,-2.548764976494,True,False,True,1.2602745324018485,True,False,False,True,Other
BK,2022-09-30 04:00:00,38.52,0.07268951194184825,True,29.68360604539705,-16.794865365769407,3.0265204850234806,-4.107542942494391,False,True,-0.5663797009515137,35.26215388172722,True,5.263157894736842,False,True,-2.548764976494,True,False,True,0.9582987153493714,False,False,False,True,Other
BK,2023-03-17 04:00:00,42.58,0.2973226867073744,True,26.69813102972477,-8.726254304181499,3.417366476303433,-9.997886281969992,False,False,1.724137931034475,68.82793017456352,True,18.421052631578984,False,True,-0.6520449903995806,True,True,True,1.7555871293960765,True,False,False,True,Other
BK,2023-05-04 04:00:00,40.08,0.43413173652694614,True,28.206178290458972,-12.629609238449168,2.908388410521635,-4.594144251368726,False,False,-4.98274374460742,41.52823920265774,True,31.100478468899272,True,True,3.5232815250825666,False,False,False,0.9437492892092341,False,False,False,True,Other
BK,2023-10-03 04:00:00,41.32,0.7139399806389155,True,29.20414808396573,-7.304615494418925,1.912314509948237,-2.201183431952658,False,True,-5.551869055518688,4.9603174603174685,False,27.102803738318155,False,False,1.2515077043287803,False,False,True,0.7441899096056606,False,False,False,False,Other
BK,2023-10-04 04:00:00,41.24,0.7453928225024249,True,28.776918709973376,-7.415137254596033,1.903870829575646,-2.2053592601375405,False,True,-5.551869055518688,4.9603174603174685,False,73.61111111111138,True,True,1.2515077043287803,False,False,True,0.6699708460114603,False,False,False,False,Other
ODFL,2022-01-21 05:00:00,148.405,0.08116303359051247,True,22.818100760909257,0.3039003072893312,3.4006406831910736,-6.6135984645879775,False,True,-7.193481779117128,4.62930734423961,False,6.580972209649475,False,False,4.36333948765264,False,False,False,6.307028667248534,True,True,True,True,Other
ODFL,2022-01-26 05:00:00,146.035,0.14284246927106525,True,28.17948449181343,-1.3412513843417702,3.7814793616360443,-6.516659731779928,False,True,-4.954900781719784,29.735629396070788,False,13.363460296965732,False,False,1.5337265508558628,False,False,False,0.8527291062548578,False,False,False,True,Other
ODFL,2022-01-27 05:00:00,142.99,0.1255332540737113,True,26.102553760598425,-3.3657244902128354,3.9195889829931954,-6.8438711358676185,False,True,-4.954900781719784,29.735629396070788,False,7.340823970037577,False,False,1.5337265508558628,False,False,False,0.7491580384386882,False,False,False,True,Other
ODFL,2022-04-06 04:00:00,131.28,0.27509902498476535,True,28.540681285889168,-12.288024771311227,4.530310825976779,-15.662340999614543,False,True,-4.428876028023154,39.25115228528935,True,36.93516699410598,True,True,0.056321790757341006,False,False,False,1.552391930868232,True,False,False,False,Other
ODFL,2022-04-07 04:00:00,131.995,0.28788969279139365,True,29.643496881095963,-11.706554009151352,4.41310529513835,-11.614436855497523,False,True,-4.428876028023154,39.25115228528935,True,54.07319952774462,True,True,0.056321790757341006,False,False,False,1.0843690788361557,True,False,False,False,Other
ODFL,2022-04-08 04:00:00,129.955,0.3083759762994882,True,28.301468184594068,-12.9579329005891,4.345378803988868,-6.675044883303405,False,True,-4.428876028023154,39.25115228528935,True,48.72761545711655,True,True,0.056321790757341006,False,False,False,1.8558757445303282,True,False,False,False,Other
ODFL,2022-04-11 04:00:00,129.05,0.2893064703603252,True,27.70229655985261,-13.447272612532291,4.212181398207147,-7.061322962802907,False,True,-11.23788883222845,4.0145985401459665,False,14.498141263941083,False,True,6.518223245935761,False,False,False,0.9656223835442712,False,False,False,True,Other
ODFL,2022-04-12 04:00:00,130.0,0.3025769230769231,True,29.392172530873417,-12.69883835454647,4.102508858627594,-3.4605673548195437,False,True,-11.23788883222845,4.0145985401459665,False,35.12500000000003,True,True,6.518223245935761,False,False,False,1.1765820171397543,True,False,False,True,Other
ODFL,2024-04-30 04:00:00,181.71,-0.13042760442463275,False,29.997980028390305,-9.351396979622052,4.463441098991295,-17.133345494345132,False,True,-4.210193099081994,25.18756698821002,False,23.13624678663262,False,True,3.3726438100264877,False,False,True,1.1164238479878998,True,False,False,True,Other
ODFL,2024-05-23 04:00:00,171.57,-0.05327271667540934,False,29.50735187049056,-13.083269263860462,3.1417137697237694,-5.818740736674533,False,True,-0.010807305738680384,69.38775510204059,True,66.30036630036594,True,True,-3.434378461848453,True,True,False,0.9944693195627501,False,False,False,False,Other
ODFL,2024-12-20 05:00:00,181.37,-0.12135413795004679,False,22.918529915855345,-9.008932536372905,3.207824913527235,-9.626787582839203,False,True,-9.833881140623602,2.130325814536303,False,49.398704902867735,True,False,4.862289654450458,False,False,False,3.2387760253699898,True,True,True,True,Other
ODFL,2024-12-23 05:00:00,180.16,-0.11473134991118994,False,22.292602878940915,-9.529410978768269,3.1037655652767584,-9.417265825330578,False,True,-1.1379310344827642,7.008289374529044,False,30.56603773584908,True,True,-3.969894785833028,True,False,False,1.0030036236078417,True,False,False,True,Other
ODFL,2024-12-24 05:00:00,181.57,-0.12122046593600255,False,24.86763379059736,-8.741252019421374,2.9804590339512465,-8.749623077696246,False,True,-1.1379310344827642,7.008289374529044,False,23.127035830619203,False,True,-3.969894785833028,True,False,False,0.3772586054994822,False,False,False,True,Other
ODFL,2024-12-26 05:00:00,181.44,-0.12196869488536155,False,24.786081365736973,-8.726610373320561,2.903598713596333,-5.386661104448043,False,True,-1.1379310344827642,7.008289374529044,False,19.823788546255,False,False,-3.969894785833028,True,False,False,0.5007572472502432,False,False,False,True,Other
ODFL,2024-12-27 05:00:00,180.23,-0.1300005548465848,False,23.997238706335434,-9.25100541799688,2.895021582634072,-4.000213060615754,False,True,-1.1379310344827642,7.008289374529044,False,24.561403508772017,False,False,-3.969894785833028,True,False,False,0.7206953389777516,False,False,False,True,Other
ODFL,2024-12-30 05:00:00,177.28,-0.10204196750902528,False,22.146642208352507,-10.640920608339655,2.951814167215625,-2.255058719744174,False,True,-9.626787582839203,21.930184804928153,False,53.57975645565255,True,True,5.137462189622943,False,False,False,0.9136598974087875,False,False,False,True,Other
NUE,2022-01-21 05:00:00,93.05,0.6553465878559914,True,28.82612789701687,-6.554446059354532,5.536308813157402,-17.45031937544358,False,True,0.2540516863775766,14.35554123891821,False,2.71646859083186,False,False,4.0343600102303645,False,False,False,1.9418148954982315,True,False,False,True,Materials
NUE,2022-05-11 04:00:00,125.97,0.10407239819004532,True,29.339623962117987,4.20574375524502,6.150230188717849,-18.48184818481848,False,True,-3.8932008692952547,19.736842105263147,False,2.941176470588119,False,False,-1.1312941381307118,True,False,False,0.6682232498504761,False,False,False,True,Materials
NUE,2022-05-12 04:00:00,124.64,0.12708600770218226,True,28.613626600181693,3.0736816711808825,6.042647659170545,-11.489845192444248,False,True,-3.8932008692952547,19.736842105263147,False,35.87301587301607,True,False,-1.1312941381307118,True,False,False,0.9007121565406777,False,False,False,True,Materials
NUE,2022-05-13 04:00:00,123.79,0.1049357783342757,True,28.134476800769754,2.3466130394964266,5.884973893060377,-9.344562431343828,False,True,-3.8932008692952547,19.736842105263147,False,4.899629892889526,False,False,-1.1312941381307118,True,False,False,0.8996504916867619,False,False,False,True,Materials
NUE,2022-05-16 04:00:00,119.75,0.16609603340292267,True,25.913370083738087,-0.9837734569039405,6.108268378696854,-7.905867876643857,False,True,-11.778007494508325,10.465406870566579,False,49.79591836734693,True,True,3.9551677035332355,False,False,False,1.3001674657685092,True,False,False,False,Materials
NUE,2022-05-18 04:00:00,119.18,0.1635341500251719,True,29.795810345903302,-1.4739645897771487,6.113550519578182,-5.39017226323727,False,True,-11.778007494508325,10.465406870566579,False,9.617755856966722,False,True,3.9551677035332355,False,False,False,0.6184394378678056,False,False,False,False,Materials
NUE,2022-09-21 04:00:00,110.5,0.3857918552036199,True,29.464360732953438,-10.990408149626383,4.933420588797998,-8.458288459945319,False,False,9.772136412295463,4.608632040965589,False,1.5748031496062662,False,False,0.5257833646661991,False,False,True,1.2198049870007734,True,False,False,False,Materials
NUE,2022-09-22 04:00:00,108.85,0.42627468994028495,True,28.408591352131772,-12.211898069595103,4.958894071663708,-7.1800119382621315,False,False,9.772136412295463,4.608632040965589,False,19.574468085106165,False,False,0.5257833646661991,False,False,True,1.120707256106358,True,False,False,False,Materials
NUE,2022-09-23 04:00:00,105.87,0.43326721450835937,True,26.557705668409632,-14.490931694513923,5.090530877563946,-9.574649812094293,False,False,9.772136412295463,4.608632040965589,False,77.18120805369155,True,True,0.5257833646661991,False,False,True,0.907646399426933,False,False,False,False,Materials
NUE,2022-09-26 04:00:00,103.39,0.5060450720572589,True,25.092514856181914,-16.356703088467334,5.074439744172574,-12.986029287998646,False,True,-18.445249373084426,9.364014062000619,False,15.609324284449603,False,True,10.318498655407794,False,False,False,0.9417629788649262,False,False,False,True,Materials
NUE,2022-09-27 04:00:00,105.29,0.4983379238294232,True,28.353761399441886,-14.693797300875138,4.7945146242012076,-7.24982381959125,False,True,-18.445249373084426,9.364014062000619,False,54.50236966824673,True,True,10.318498655407794,False,False,False,0.7140260027383307,False,False,False,True,Materials
NUE,2022-09-29 04:00:00,105.29,0.4700351410390349,True,29.879901423085062,-14.456028483454677,4.559110850701102,-3.270555810748721,False,True,-18.445249373084426,9.364014062000619,False,54.68164794007517,True,True,10.318498655407794,False,False,False,0.6587394871651456,False,False,False,True,Materials
NUE,2023-10-20 04:00:00,141.36,0.032965478211658183,True,28.294045330308297,-8.047957009427838,2.96486075028946,-3.875968992248058,False,False,0.5628397825391707,56.42540620384072,True,5.511811023622252,False,False,-3.3315666126404797,True,True,True,1.1198083703717803,True,False,False,False,Materials
NUE,2023-10-23 04:00:00,140.49,0.00832799487508007,True,27.42726097319172,-8.535481351905007,2.8913930343755725,-5.711409395973144,False,True,-6.4682312535775495,15.991167462069964,False,17.400419287212458,False,False,3.0770016141723033,False,False,True,1.2632108935253603,True,False,False,True,Materials
NUE,2024-06-04 04:00:00,161.18,-0.24575009306365558,False,28.746393813892258,-6.699843337464939,2.3193631954175697,-4.2817269434051735,False,True,-0.4938415059260959,50.99150141643089,True,4.481132075471665,False,True,-4.411798630874097,True,True,True,1.2683934662004932,True,False,False,False,Materials
NUE,2024-06-10 04:00:00,157.31,-0.24702816095607394,False,27.430478425395023,-8.69259651316065,2.2983975896052784,-5.695102212097591,False,True,-1.4129736673089366,60.426929392446716,True,5.292479108635307,False,False,-2.205644360877046,True,True,True,1.2833573774632703,True,False,False,True,Materials
NUE,2024-06-11 04:00:00,155.43,-0.21559544489480797,False,25.636294779557925,-9.695892225380753,2.3420244403408437,-3.5674401290482716,False,True,-1.4129736673089366,60.426929392446716,True,63.60856269113169,True,True,-2.205644360877046,True,True,True,1.2943945354613424,True,False,False,True,Materials
NUE,2024-06-12 04:00:00,154.44,-0.2121859621859622,False,24.719371570375987,-10.17928105042466,2.3431527564603485,-4.483888923248191,False,True,-1.4129736673089366,60.426929392446716,True,18.862275449101638,False,True,-2.205644360877046,True,True,True,0.9214900037909972,False,False,False,True,Materials
NUE,2024-06-13 04:00:00,154.12,-0.20711134181157542,False,24.415394432955967,-10.2728467895165,2.316096294260767,-5.6446675645892,False,True,-1.4129736673089366,60.426929392446716,True,79.52218430034154,True,True,-2.205644360877046,True,True,True,0.8891807469308735,False,False,False,True,Materials
NUE,2024-06-14 04:00:00,154.69,-0.1843040920550778,False,26.15728439182988,-9.85182794599288,2.465501459753195,-3.9192546583850962,False,True,-1.4129736673089366,60.426929392446716,True,12.589413447782466,False,True,-2.205644360877046,True,True,True,1.5437701694868298,True,False,False,True,Materials
NUE,2024-06-25 04:00:00,151.48,-0.13236070768418262,False,28.64447288396615,-11.244187261520915,2.593285893147058,-3.748888041682552,False,True,-3.9192546583850962,45.39527302363489,True,25.423728813558938,False,False,2.993791124667755,False,False,True,1.2025744369938811,True,False,False,True,Materials
NUE,2024-08-12 04:00:00,141.35,0.021223912274495937,True,29.73630729693672,-15.121625003869777,3.274740484175563,-6.092213659314383,False,True,-6.115979862017518,10.30487804878049,False,19.71830985915473,False,True,6.061207092292231,False,False,False,1.0160532271027212,True,False,False,True,Materials
NUE,2024-12-12 05:00:00,131.41,0.23476143368084612,True,29.455061801319218,-15.751821866961501,3.6470714025018767,-9.727278972315723,False,False,1.8233280674039065,11.277901906766068,False,12.418300653594613,False,False,-3.9374295422498595,True,True,False,1.4824453069018084,True,False,False,False,Materials
NUE,2024-12-13 05:00:00,125.25,0.2829540918163673,True,25.420316978324777,-19.543335868234287,3.918677781029958,-12.148418320824849,False,False,1.8233280674039065,11.277901906766068,False,4.340277777777785,False,False,-3.9374295422498595,True,True,False,1.4917776819324535,True,False,False,False,Materials
NUE,2024-12-16 05:00:00,124.16,0.27118234536082486,True,24.773655924946375,-20.082541448803198,3.8484830040512406,-14.123668557200176,True,True,-7.835024888486652,1.6079158936301245,False,32.03883495145626,True,False,3.584032276221283,False,False,False,1.5856572380750547,True,False,False,True,Materials
NUE,2024-12-17 05:00:00,120.98,0.31550669532154085,True,22.94016960641899,-21.957552453806098,3.9804450837086565,-13.929994308480364,True,True,-7.835024888486652,1.6079158936301245,False,29.05660377358504,False,False,3.584032276221283,False,False,False,1.6166251390956832,True,False,False,True,Materials
NUE,2024-12-18 05:00:00,117.96,0.39250593421498814,True,21.325957438898254,-23.72427539336523,4.129247929656514,-14.793412308581333,True,True,-7.835024888486652,1.6079158936301245,False,6.976744186046517,False,False,3.584032276221283,False,False,False,1.255851115479762,True,False,False,True,Materials
NUE,2024-12-19 05:00:00,115.78,0.4138020383485921,True,20.219901090196654,-24.946213886844586,4.204475924271199,-11.894071988433142,True,True,-7.835024888486652,1.6079158936301245,False,10.144927536231782,False,False,3.584032276221283,False,False,False,1.3632343223477075,True,False,False,True,Materials
NUE,2024-12-20 05:00:00,116.58,0.4195402298850577,True,21.822296890670692,-24.243483572589657,4.121372749955611,-6.922155688622755,True,True,-7.835024888486652,1.6079158936301245,False,18.3929692404269,False,False,3.584032276221283,False,False,False,4.113187503341033,True,True,True,True,Materials
NUE,2024-12-23 05:00:00,116.61,0.4265500385901724,True,21.885657881237872,-24.040901046133943,3.9460627350433852,-6.080863402061853,True,True,-12.148418320824849,1.1304544426859593,False,82.65306122448969,True,True,7.020229578275128,False,False,False,0.6516061389374167,False,False,False,True,Materials
NUE,2024-12-24 05:00:00,117.43,0.4091799369837348,True,23.705810465690426,-23.32742195981518,3.7699996848787243,-2.9343693172425134,True,True,-12.148418320824849,1.1304544426859593,False,40.277777777777786,True,True,7.020229578275128,False,False,False,0.3588134682117085,False,False,False,True,Materials
NUE,2024-12-26 05:00:00,118.64,0.3890761968981795,True,26.429979763526585,-22.363284522456407,3.6648888708572227,0.5764665988470696,True,True,-12.148418320824849,1.1304544426859593,False,29.51594927558057,False,True,7.020229578275128,False,False,False,0.6357806215745878,False,False,False,True,Materials
NUE,2024-12-27 05:00:00,117.28,0.390774215552524,True,25.335010471720416,-23.075268510707012,3.660404528418261,1.2955605458628394,True,True,-12.148418320824849,1.1304544426859593,False,15.377733042554306,False,True,7.020229578275128,False,False,False,0.5379384344643217,False,False,False,True,Materials
NUE,2024-12-30 05:00:00,115.86,0.46210944243051966,True,24.20732985282119,-23.824694321204948,3.57007173695323,-0.6176016469377266,True,True,-6.922155688622755,21.726618705035968,False,43.87096774193508,True,True,0.135409223780103,False,False,False,0.5774353801137838,False,False,False,True,Materials
EXC,2022-02-02 05:00:00,42.86,-0.045730284647690134,False,18.367882235374456,-14.564687591676917,5.445047780810093,-23.052064631956913,False,False,0.9423897581792406,4.238921001926762,False,11.353711790393206,False,True,1.9298021312786462,False,False,False,2.9885919719236855,True,True,False,True,Utilities
EXC,2022-02-03 05:00:00,43.79,-0.06462662708380906,False,22.066876411624914,-12.600325053770092,5.247237990591081,-21.984678425084624,False,False,0.9423897581792406,4.238921001926762,False,0.0,False,False,1.9298021312786462,False,False,False,2.3820234097129753,True,True,False,True,Utilities
EXC,2022-02-04 05:00:00,43.52,-0.06204044117647067,False,21.758614882411162,-13.025504108111093,5.111927473253323,-24.088609802895512,False,False,0.9423897581792406,4.238921001926762,False,3.9215686274512973,False,False,1.9298021312786462,False,False,False,1.5405706824114833,True,False,False,True,Utilities
EXC,2022-02-07 05:00:00,43.64,-0.07791017415215395,False,22.278279367978893,-12.674588688483897,4.848310997884969,-24.693701466781715,False,False,0.9864364981504226,88.60294117647076,True,8.57142857142886,False,False,2.1867844849016382,False,False,False,1.2373278794949856,True,False,False,True,Utilities
EXC,2022-02-08 05:00:00,43.02,-0.0704323570432357,False,21.484311238999915,-13.795875590057422,4.742883368732319,-25.60954521874459,False,False,0.9864364981504226,88.60294117647076,True,5.660377358490768,False,False,2.1867844849016382,False,False,False,1.2371834784739117,True,False,False,True,Utilities
EXC,2022-02-09 05:00:00,42.6,-0.04436619718309864,False,20.939886280146556,-14.512969012104318,4.605977452711666,-0.6066262249183385,False,False,0.9864364981504226,88.60294117647076,True,6.349206349206588,False,False,2.1867844849016382,False,False,False,0.8697261953436928,False,False,False,True,Utilities
EXC,2022-02-10 05:00:00,42.04,-0.020218839200761174,False,20.20470812722549,-15.505277294353887,4.496211623813579,-3.9963461977620462,False,False,0.9864364981504226,88.60294117647076,True,8.90052356020953,False,False,2.1867844849016382,False,False,False,0.9397013959350409,False,False,False,True,Utilities
EXC,2022-02-11 05:00:00,42.13,-0.0023736055067647976,False,20.68666000729529,-15.195077641706803,4.293292151243764,-3.1939338235294157,False,False,0.9864364981504226,88.60294117647076,True,17.333333333332725,False,False,2.1867844849016382,False,False,False,0.9266717484175055,False,False,False,True,Utilities
EXC,2022-02-14 05:00:00,42.2,0.011137440758293815,True,21.085888287038777,-14.926738655202469,4.1611258942361165,-3.2997250229147568,False,True,-24.088609802895512,15.623205054566371,False,85.98130841121508,True,True,51.29578220691911,False,False,False,1.0553743930470025,True,False,False,True,Utilities
EXC,2022-02-15 05:00:00,41.74,0.017968375658840463,True,20.36060090070977,-15.721125900701521,4.091302733893377,-2.975360297536034,False,True,-24.088609802895512,15.623205054566371,False,28.703703703703958,False,True,51.29578220691911,False,False,False,0.8417770447336527,False,False,False,True,Utilities
EXC,2022-02-16 05:00:00,42.0,0.02499999999999991,True,21.99383099064169,-15.067727442988069,3.8988481113354143,-1.4084507042253502,False,True,-24.088609802895512,15.623205054566371,False,55.17241379310368,True,True,51.29578220691911,False,False,False,0.7797125217616133,False,False,False,True,Utilities
EXC,2022-02-17 05:00:00,41.75,0.011497005988023945,True,21.53648428959442,-15.442247702075832,3.740412435909558,-0.6898192197906772,False,True,-24.088609802895512,15.623205054566371,False,55.65217391304326,True,True,51.29578220691911,False,False,False,0.6390249149805122,False,False,False,True,Utilities
EXC,2022-02-18 05:00:00,41.63,0.005044439106413723,True,21.30744918657897,-15.55349015485416,3.576762721920855,-1.1868027533823877,False,True,-24.088609802895512,15.623205054566371,False,33.94495412844068,True,True,51.29578220691911,False,False,False,0.7209731433084389,False,False,False,True,Utilities
EXC,2022-02-22 05:00:00,41.65,0.004561824729891972,True,21.45737144142639,-15.382306444765945,3.4225831203504504,-1.3033175355450344,False,True,-3.1939338235294157,8.474576271186628,False,48.33333333333308,True,True,-2.5614956689887447,True,False,False,0.9190781810218492,False,False,False,True,Utilities
EXC,2022-02-23 05:00:00,40.97,0.00854283622162555,True,20.058148476482707,-16.624746403179678,3.4200244613022615,-1.8447532343076278,False,True,-3.1939338235294157,8.474576271186628,False,15.20737327188931,False,True,-2.5614956689887447,True,False,False,0.6532009928620519,False,False,False,True,Utilities
EXC,2022-02-24 05:00:00,41.3,0.0031476997578692156,True,22.69278168990412,-15.81955941377091,3.37346805315496,-1.6666666666666718,False,True,-3.1939338235294157,8.474576271186628,False,56.58914728682205,True,True,-2.5614956689887447,True,False,False,0.9465459854681683,False,False,False,True,Utilities
EXC,2022-06-13 04:00:00,43.68,-0.08150183150183155,False,28.044730736654948,-8.964805125574514,2.6553375937951027,-10.030895983522136,False,True,-2.2467402206619913,40.62499999999988,True,8.33333333333318,False,False,-2.262251324355513,True,False,True,1.3989438360663413,True,False,False,False,Utilities
EXC,2022-06-14 04:00:00,42.31,-0.03521626093122199,False,24.35095438461279,-11.716242756282895,2.914385149172115,-13.741080530071347,False,True,-2.2467402206619913,40.62499999999988,True,26.773455377574468,False,True,-2.262251324355513,True,False,True,1.5175304455763405,True,False,False,False,Utilities
EXC,2022-06-15 04:00:00,42.26,-0.024846190250828126,False,24.22554587278772,-11.716735726648109,2.9443568108970632,-12.269047124766463,False,True,-2.2467402206619913,40.62499999999988,True,43.88489208633088,True,True,-2.262251324355513,True,False,True,1.2346050026342532,True,False,False,False,Utilities
EXC,2022-06-16 04:00:00,41.22,-0.011644832605531175,False,21.71991461062425,-13.770176259776012,3.062089735860935,-11.658808401200172,False,True,-2.2467402206619913,40.62499999999988,True,47.15025906735752,True,True,-2.262251324355513,True,False,True,1.2717936984970577,True,False,False,False,Utilities
EXC,2022-06-17 04:00:00,40.91,0.0,False,21.021955877991722,-14.295718640869445,3.1163379646234604,-11.084546837643995,False,True,-2.2467402206619913,40.62499999999988,True,51.388888888888616,True,True,-2.262251324355513,True,False,True,2.2131321753502298,True,True,False,False,Utilities
EXC,2022-06-21 04:00:00,41.6,-0.02548076923076925,False,26.670329855619745,-12.738630441041185,3.0136710503531847,-4.761904761904756,False,True,-5.581777139339216,8.781869688385147,False,25.056947608200325,False,True,2.8160765595480974,False,False,True,0.9691114041812122,False,False,False,False,Utilities
EXC,2022-06-22 04:00:00,41.69,-0.043655552890381366,False,27.3996760644107,-12.440504720616598,2.9731235719956866,-1.4653746159300485,False,True,-5.581777139339216,8.781869688385147,False,15.165876777251539,False,True,2.8160765595480974,False,False,True,0.8831005646158742,False,False,False,False,Utilities
EXC,2022-09-26 04:00:00,40.58,-0.043863972400197127,False,27.654539347517645,-11.959824642721774,2.4727034827808874,-6.4761465775524325,False,True,-5.737347294938921,11.703703703703797,False,26.315789473684063,False,True,2.836673394493072,False,False,True,0.8734556343553982,False,False,False,True,Utilities
EXC,2022-09-27 04:00:00,40.15,-0.056537982565379674,False,26.07156776875977,-12.78083955448899,2.5466109149728333,-6.147732585320254,False,True,-5.737347294938921,11.703703703703797,False,33.07086614173234,True,True,2.836673394493072,False,False,True,1.1485281344567568,True,False,False,True,Utilities
EXC,2022-09-28 04:00:00,39.68,-0.04763104838709675,False,24.42579638377874,-13.683295755018271,2.5619303842707195,-5.7482185273159185,False,True,-5.737347294938921,11.703703703703797,False,5.319148936169923,False,False,2.836673394493072,False,False,True,1.3752217618894775,True,False,False,True,Utilities
EXC,2022-09-29 04:00:00,37.75,-0.030198675496688754,False,19.09524888843913,-17.735292550742194,2.9367004151792013,-9.428982725527835,False,True,-5.737347294938921,11.703703703703797,False,17.899761336515525,False,False,2.836673394493072,False,False,True,1.7979071203990875,True,False,False,True,Utilities
EXC,2022-09-30 04:00:00,37.46,-0.01094500800854259,False,18.443918050191563,-18.217795660914174,2.9139381602265138,-10.103191744660434,False,True,-5.737347294938921,11.703703703703797,False,11.494252873563415,False,False,2.836673394493072,False,False,True,1.1998606373067193,True,False,False,True,Utilities
EXC,2022-10-03 04:00:00,38.48,-0.027806652806652843,False,27.77535623195645,-15.857061304934236,2.8902390950161645,-5.174963035978319,False,True,-3.563989817171953,33.26885880077366,True,44.33962264150923,True,False,0.28988150457498474,False,False,True,1.2855729441690824,True,False,False,True,Utilities
EXC,2022-10-07 04:00:00,36.96,0.06277056277056281,True,28.773728054236244,-18.665660986393064,3.17686205103686,-1.3347570742124892,False,True,-3.563989817171953,33.26885880077366,True,18.51851851851869,False,False,0.28988150457498474,False,False,True,0.8293901873518059,False,False,False,True,Utilities
EXC,2022-10-12 04:00:00,35.96,0.11095661846496108,True,28.74394473289863,-20.433219148841136,3.2524674791484616,-7.080103359173129,True,True,-10.103191744660434,2.304147465437819,False,1.2461059190033068,False,False,5.300023240482288,False,False,True,0.8559342338748046,False,False,False,True,Utilities
EXC,2023-05-16 04:00:00,39.37,-0.019050038100076216,False,27.259223514174007,-7.164292179355343,2.3189762265563414,-7.625527921163777,False,False,0.9660697455230904,49.32975871313677,True,2.7118644067796005,False,False,-0.6984357227469373,True,True,True,1.4118406071363026,True,False,False,True,Utilities
EXC,2023-05-17 04:00:00,39.26,-0.017320427916454384,False,26.78139888923212,-7.355241373218065,2.295821305788882,-8.527493010251641,False,False,0.9660697455230904,49.32975871313677,True,28.000000000000114,False,False,-0.6984357227469373,True,True,True,1.1230201723463533,True,False,False,True,Utilities
EXC,2023-05-18 04:00:00,39.39,-0.02361005331302357,False,28.379224639009696,-6.983234237012489,2.227978961390725,-7.274011299435024,False,False,0.9660697455230904,49.32975871313677,True,38.66432337434105,True,False,-0.6984357227469373,True,True,True,1.1133056149511986,True,False,False,True,Utilities
EXC,2023-12-18 05:00:00,34.45,0.06124818577648772,True,28.358884894512304,-14.46801434764991,3.231960923766765,-12.828947368421051,False,False,0.5642472428827983,33.53293413173663,True,16.788321167883446,False,False,-0.5461656544704541,True,True,True,2.266113278856076,True,True,False,True,Utilities
EXC,2024-01-24 05:00:00,34.08,0.19424882629107998,True,29.721288849433904,-13.255730607780523,2.192814943155813,-4.242764821579115,False,False,-0.6609749380336094,11.976047904191025,False,5.208333333333033,False,False,-4.056989236130315,True,True,False,1.1855285663920712,True,False,False,False,Utilities
EXC,2024-06-12 04:00:00,34.75,0.22820143884892086,True,29.008589386931106,-7.912486111912894,2.0448690162944936,-5.5449850502854,False,False,2.3439629326792,37.41496598639439,True,1.1428571428573215,False,False,-0.45393854406563516,True,False,True,1.797325179474536,True,False,False,False,Utilities
KR,2022-05-18 04:00:00,47.9,0.03632567849686841,True,23.114734365391495,-0.06997357683446052,3.754010895619005,-11.835081906865453,False,True,-0.20385470719050947,22.867513611615315,False,21.825396825396748,False,True,-1.9697912589323074,True,True,True,1.577600464899528,True,False,False,True,Staples
KR,2022-05-19 04:00:00,48.0,0.04125000000000001,True,23.741861169366096,0.1372671259070915,3.7412538462826697,-11.471781630394684,False,True,-0.20385470719050947,22.867513611615315,False,39.66005665722395,True,True,-1.9697912589323074,True,True,True,1.3599700093428355,True,False,False,True,Staples
KR,2022-05-20 04:00:00,48.66,0.00904233456637904,True,27.920661818012828,1.498862512631543,3.6397486936768053,-8.859336954485864,False,True,-0.20385470719050947,22.867513611615315,False,44.13793103448271,True,True,-1.9697912589323074,True,True,True,1.1769069629240447,True,False,False,True,Staples
KR,2022-06-17 04:00:00,46.2,-0.011255411255411296,False,28.713987903188695,-4.7267544615671495,3.7437053768018003,-9.571344685848505,False,True,-0.7930513595166166,66.05839416058397,True,10.59602649006631,False,False,-2.2109754805095694,True,False,False,2.9629185473325745,True,True,False,False,Staples
RSG,2022-02-17 05:00:00,116.73,0.1164225134926753,True,25.14697004575532,-3.7123587446063455,2.508858912538326,-7.158196134574091,False,False,-0.09480170643071384,26.30434782608708,False,3.4285714285715585,False,True,-0.4431603306849552,True,False,False,0.7021106195133813,False,False,False,True,Industrial
RSG,2022-02-23 05:00:00,115.96,0.1177130044843051,True,25.905677158680938,-4.245987443046475,2.418544863008003,-2.1104170184028326,False,True,-4.965997153250035,10.879120879120986,False,4.872389791182817,False,False,6.1698877026946874,False,False,False,0.9810289300566716,False,False,False,True,Industrial
AXON,2022-05-05 04:00:00,99.51,1.229524670887348,True,28.664670110332242,-31.350015573620226,6.703827500906659,-14.259865586765464,True,True,-4.220094140561603,0.08025682182978258,False,15.568570034163058,False,True,-0.5453035680303198,True,True,True,2.3905419522590474,True,True,False,True,Other
AXON,2022-05-06 04:00:00,95.99,1.3635795395353685,True,26.815232382410553,-33.55507039685088,6.803738759988305,-14.447415329768276,True,True,-4.220094140561603,0.08025682182978258,False,28.33333333333326,False,True,-0.5453035680303198,True,True,True,1.3294452411743485,True,False,False,True,Other
AXON,2022-05-09 04:00:00,87.89,1.1928547047445668,True,23.118782936616192,-38.92394966544238,7.60218250607627,-24.402201961121627,True,True,-4.931367564819511,8.366411902162302,False,8.231707317073262,False,False,-1.9253718780906204,True,True,True,2.45778297065075,True,True,False,True,Other
AXON,2022-05-10 04:00:00,89.46,1.2869997764363963,True,25.269101127872016,-37.598023201230475,7.58360932736703,-22.107096212451026,True,True,-4.931367564819511,8.366411902162302,False,44.08921292134137,True,True,-1.9253718780906204,True,True,True,1.484820021329642,True,False,False,True,Other
AXON,2022-05-11 04:00:00,84.37,1.3882896764252695,True,23.0210300221135,-40.90655361489795,8.299823884201654,-26.977670070971094,True,True,-4.931367564819511,8.366411902162302,False,8.079268292682942,False,False,-1.9253718780906204,True,True,True,1.866039367630117,True,False,False,True,Other
AXON,2022-05-12 04:00:00,87.04,1.337660845588235,True,26.70465012906955,-38.798744051408285,8.033982597845995,-12.53140387900713,True,True,-4.931367564819511,8.366411902162302,False,16.103472384059593,False,False,-1.9253718780906204,True,True,True,1.2393855490061094,True,False,False,True,Other
F,2022-05-11 04:00:00,12.83,-0.0904130943102105,False,27.27579341780563,-22.098683333452342,5.400548473252539,-14.352469959946601,True,True,-6.411103767349635,20.0,False,4.8192771084338455,False,False,-1.7564606512282865,True,True,True,1.1350907096785519,True,False,False,True,Consumer
F,2022-05-12 04:00:00,12.44,-0.06430868167202564,False,25.107926497067016,-24.282354725547485,5.5624568204742255,-14.384033035099797,True,True,-6.411103767349635,20.0,False,9.230769230769303,False,False,-1.7564606512282865,True,True,True,1.7104218207762127,True,False,False,True,Consumer
F,2022-09-22 04:00:00,12.77,-0.014878621769772837,False,28.5542482588585,-14.394677579463238,4.624386783820899,-14.2377434519812,False,False,1.715039577836408,47.252747252747405,True,4.081632653061136,False,False,-2.4507091772197676,True,True,True,1.1792683740706749,True,False,False,False,Consumer
F,2022-09-23 04:00:00,12.31,0.009748172217709072,True,25.83119255641425,-17.33457955178338,4.9303379945578945,-16.372282608695656,False,False,1.715039577836408,47.252747252747405,True,73.46938775510226,True,True,-2.4507091772197676,True,True,True,1.446648276887895,True,False,False,False,Consumer
F,2022-09-26 04:00:00,11.99,0.033361134278565574,True,24.10877750036007,-19.327080648213922,4.968437920106636,-19.691895512391156,False,True,-4.53955901426718,21.235521235521265,False,13.333333333333414,False,True,-0.2978176420660561,True,True,True,1.2123373478305004,True,False,False,True,Consumer
F,2022-09-27 04:00:00,11.91,0.054575986565911005,True,23.683604336012927,-19.706636661432125,4.98039113954073,-9.014514896867832,False,True,-4.53955901426718,21.235521235521265,False,44.6428571428571,True,True,-0.2978176420660561,True,True,True,1.1522189897270352,True,False,False,True,Consumer
F,2022-09-28 04:00:00,12.18,0.019704433497536922,True,28.280716092483257,-17.73998267260753,4.803623974519653,-6.666666666666677,False,True,-4.53955901426718,21.235521235521265,False,31.250000000000043,True,True,-0.2978176420660561,True,True,True,0.9588563302272214,False,False,False,True,Consumer
F,2022-09-29 04:00:00,11.47,0.07323452484742798,True,24.15942676760089,-22.361017006878654,5.2472650400139615,-10.180109631949874,True,True,-4.53955901426718,21.235521235521265,False,21.15384615384633,False,True,-0.2978176420660561,True,True,True,1.0915479704354167,True,False,False,True,Consumer
F,2022-09-30 04:00:00,11.2,0.07767857142857149,True,22.798782913593904,-24.005707818488382,5.206758227783685,-9.017059301381003,True,True,-4.53955901426718,21.235521235521265,False,2.9411764705881738,False,False,-0.2978176420660561,True,True,True,0.9216678543637951,False,False,False,True,Consumer
F,2022-10-03 04:00:00,11.47,0.04533565823888397,True,27.21340877318937,-22.001611708583468,5.007497807730131,-4.336947456213503,True,True,-16.372282608695656,11.960132890365482,False,54.34782608695663,True,True,8.814759266713356,False,False,True,0.8503841229294087,False,False,False,True,Consumer
F,2022-12-19 05:00:00,11.69,0.009409751924722043,True,27.041619916037554,-16.849154219592766,3.9913464722708327,-13.15007429420506,False,True,-4.906204906204903,19.180709686258453,False,23.809523809523835,False,False,-2.3458200762156656,True,True,True,1.9318726729842988,True,False,False,False,Consumer
F,2022-12-20 05:00:00,11.47,0.07585004359197911,True,25.416059071890448,-18.26425237657709,4.132301179418349,-15.475313190862195,False,True,-4.906204906204903,19.180709686258453,False,62.5000000000002,True,True,-2.3458200762156656,True,True,True,1.7101615638653611,True,False,False,False,Consumer
F,2022-12-22 05:00:00,11.31,0.10079575596816959,True,27.849702050424778,-19.120336196052698,4.230578220113998,-13.200306983883337,False,True,-4.906204906204903,19.180709686258453,False,47.727272727272975,True,True,-2.3458200762156656,True,True,True,1.460310480805481,True,False,False,False,Consumer
F,2022-12-23 05:00:00,11.36,0.09066901408450723,True,28.828959184683548,-18.6108290507647,4.024282669160973,-6.270627062706269,False,True,-4.906204906204903,19.180709686258453,False,27.777777777777228,False,True,-2.3458200762156656,True,True,True,0.7244764077895747,False,False,False,False,Consumer
F,2022-12-27 05:00:00,11.2,0.10178571428571437,True,27.54079916684821,-19.599096382536064,3.956033575138345,-4.191616766467066,False,True,-8.042488619119881,2.1739130434782146,False,26.923076923076373,False,True,3.879797680856689,False,False,True,0.8427209739534297,False,False,False,True,Consumer
F,2022-12-28 05:00:00,10.95,0.11324200913242022,True,25.614880693946713,-21.226070803842923,3.985639194651944,-4.533565823888419,True,True,-8.042488619119881,2.1739130434782146,False,14.285714285713997,False,False,3.879797680856689,False,False,True,0.9100570932363762,False,False,False,True,Consumer
F,2023-08-10 04:00:00,12.16,-0.1891447368421053,False,24.19257484028176,-8.071544946181978,2.8811866676278717,-7.175572519083961,False,True,-4.809763101220388,24.378109452736265,False,11.42857142857145,False,True,0.29703661989135544,False,False,True,1.6905536622459445,True,False,False,True,Consumer
F,2023-08-11 04:00:00,12.14,-0.1647446457990115,False,24.00673957681001,-8.147590947687707,2.797469924797681,-5.818463925523664,False,True,-4.809763101220388,24.378109452736265,False,59.99999999999982,True,True,0.29703661989135544,False,False,True,1.0339962421555493,True,False,False,True,Consumer
F,2023-08-14 04:00:00,12.2,-0.16557377049180322,False,25.847005839423257,-7.62290728668865,2.7078261330888185,-5.71870170015456,False,True,-2.790346907993957,14.062500000000005,False,4.761904761904641,False,True,-2.419045798217212,True,False,True,0.8058206480615584,False,False,False,False,Consumer
F,2023-08-15 04:00:00,11.98,-0.12687813021702832,False,23.591152514541527,-9.204806153454594,2.6977177719287293,-6.987577639751552,False,True,-2.790346907993957,14.062500000000005,False,5.714285714285627,False,False,-2.419045798217212,True,False,True,0.7316736844228721,False,False,False,False,Consumer
F,2023-08-16 04:00:00,11.81,-0.1100762066045724,False,21.99376213239529,-10.399666923560318,2.6801897048517005,-7.227022780832682,False,True,-2.790346907993957,14.062500000000005,False,4.347826086956454,False,False,-2.419045798217212,True,False,True,0.7789982161807673,False,False,False,False,Consumer
F,2023-08-17 04:00:00,11.83,-0.09382924767540146,False,22.65727164380344,-10.156317426110247,2.599260508307461,-2.7138157894736836,False,True,-2.790346907993957,14.062500000000005,False,26.315789473684408,False,False,-2.419045798217212,True,False,True,0.6326725891309773,False,False,False,False,Consumer
F,2023-08-18 04:00:00,11.96,-0.1070234113712375,False,27.00355059074953,-9.086079739770362,2.5665329286467053,-1.4827018121911006,False,True,-2.790346907993957,14.062500000000005,False,3.3333333333332744,False,False,-2.419045798217212,True,False,True,0.7879179566769763,False,False,False,False,Consumer
F,2023-08-21 04:00:00,11.97,-0.09356725146198841,False,27.34178994286045,-8.928416909399289,2.494596847750268,-1.885245901639332,False,True,-5.818463925523664,14.583333333333378,False,52.631578947368816,True,True,0.11851581144672885,False,False,True,0.5991339037569503,False,False,False,False,Consumer
F,2023-08-22 04:00:00,11.87,-0.08003369839932595,False,26.04226153717729,-9.602095834521325,2.450260052223007,-0.9181969949916602,False,True,-5.818463925523664,14.583333333333378,False,15.78947368421023,False,False,0.11851581144672885,False,False,True,0.5879287478072173,False,False,False,False,Consumer
F,2023-08-23 04:00:00,11.96,-0.05769230769230782,False,29.29920575175409,-8.835802447336151,2.359649000588462,1.2701100762066098,False,True,-5.818463925523664,14.583333333333378,False,11.764705882352695,False,True,0.11851581144672885,False,False,True,0.5644320829348477,False,False,False,False,Consumer
F,2023-08-24 04:00:00,11.75,-0.05446808510638301,False,26.380010583160253,-10.343406917721678,2.357922350221849,-0.6762468300929858,False,True,-5.818463925523664,14.583333333333378,False,0.0,False,False,0.11851581144672885,False,False,True,0.6383261830264312,False,False,False,False,Consumer
F,2023-11-02 04:00:00,10.14,0.021696252465483123,True,29.34792452108121,-19.54154900365408,3.6090756692129133,-10.660792951541842,False,True,-1.4394580863674844,19.69696969696981,False,27.777777777777228,False,True,-1.03316357035369,True,True,True,1.0689013112040355,True,False,False,False,Consumer
F,2024-07-25 04:00:00,11.16,-0.007168458781361964,False,29.03916501469389,-10.170215874593305,4.5862654612752385,-23.298969072164954,False,False,9.267912772585674,6.766917293233071,False,1.2048192771084079,False,True,6.571324290280112,False,False,True,3.878817314645065,True,True,True,True,Consumer
F,2024-07-26 04:00:00,11.19,-0.02859696157283287,False,29.487028760490745,-9.839665489056795,4.445138472627419,-19.95708154506438,False,False,9.267912772585674,6.766917293233071,False,45.16129032258044,True,False,6.571324290280112,False,False,True,1.1712421852930714,True,False,False,True,Consumer
F,2024-07-29 04:00:00,11.01,0.005449591280654031,True,28.331622871200803,-11.19019864994446,4.44812698594207,-22.025495750708213,False,True,-0.3563791874554467,2.2471910112359104,False,55.26315789473675,True,True,1.2170021487161176,False,False,True,1.3237271309741154,True,False,False,True,Consumer
F,2024-07-30 04:00:00,10.84,-0.0018450184501844769,False,27.245787395454688,-12.452041202859848,4.412627935542227,-21.619667389732466,False,True,-0.3563791874554467,2.2471910112359104,False,18.18181818181833,False,True,1.2170021487161176,False,False,True,0.9918213740640031,False,False,False,True,Consumer
F,2024-07-31 04:00:00,10.82,0.012014787430683738,True,27.114127361203074,-12.503753884673522,4.29645846763012,-20.84857351865398,False,True,-0.3563791874554467,2.2471910112359104,False,34.48275862068964,True,True,1.2170021487161176,False,False,True,1.055832494939871,True,False,False,True,Consumer
F,2024-08-01 04:00:00,10.69,0.034611786716557624,True,26.226969803675164,-13.438251963641957,4.248562395141339,-4.211469534050183,False,True,-0.3563791874554467,2.2471910112359104,False,26.984126984126732,False,True,1.2170021487161176,False,False,True,0.8288557267203089,False,False,False,True,Consumer
F,2024-08-02 04:00:00,10.03,0.11764705882352966,True,22.247139383569255,-18.630496957264818,4.6960740354137,-10.366398570151924,False,True,-0.3563791874554467,2.2471910112359104,False,5.454545454545332,False,False,1.2170021487161176,False,False,True,1.438303981249744,True,False,False,True,Consumer
F,2024-08-08 04:00:00,10.13,0.11056268509378087,True,29.07904394316036,-17.166446208193356,4.363296004426498,-5.238540692235727,False,True,-19.95708154506438,4.472843450479196,False,0.0,False,False,21.90404545382636,False,False,False,0.8408949872456665,False,False,False,True,Consumer
F,2024-08-09 04:00:00,10.1,0.13267326732673257,True,28.84130876967928,-17.26842427031873,4.20510927031772,0.6979062811565351,False,True,-19.95708154506438,4.472843450479196,False,54.999999999999915,True,False,21.90404545382636,False,False,False,0.574942433678266,False,False,False,True,Consumer
FANG,2022-09-26 04:00:00,111.21,0.41381170758025365,True,28.862908219462668,-10.316450519982306,5.404936703489533,-15.061483235316587,False,True,-1.7775144423048506,31.25676527133796,True,4.968944099378778,False,False,-0.8370357671104722,True,True,True,1.042112823851947,True,False,False,True,Energy
FANG,2022-12-09 05:00:00,129.6,0.1410493827160495,True,28.50218515387533,-3.0248413196683175,4.644297604218344,-10.903341124707833,False,True,-4.416848034822685,61.63090128755368,True,1.9383259911891728,False,False,0.1272431309146338,False,False,True,1.086871651805966,True,False,False,False,Energy
FANG,2023-03-15 04:00:00,122.74,0.5474987779045137,True,29.396942266695238,-10.38277632746582,4.736642972985363,-13.860621798020922,False,False,3.076274757690678,51.40431090790335,True,26.66666666666665,False,True,-2.7222985608085004,True,True,False,1.9906033563693593,True,False,False,True,Energy
FANG,2024-09-10 04:00:00,171.49,-0.2018193480669428,False,25.05359687885195,-7.139530614222424,2.9732876844008307,-8.528909750373359,False,True,-0.05634668579038715,36.181121152869395,True,24.975704567541463,False,False,-2.75623597497463,True,True,False,2.4330111914556922,True,True,False,False,Energy
FANG,2024-09-11 04:00:00,168.5,-0.20160237388724034,False,23.2235472005665,-8.679005404682643,3.0040518715441618,-8.563056218797483,False,True,-0.05634668579038715,36.181121152869395,True,14.410480349344953,False,False,-2.75623597497463,True,True,False,1.942617911021208,True,False,False,False,Energy
FANG,2024-09-12 04:00:00,170.86,-0.18986304576846558,False,27.71188166225286,-7.331736448786738,3.1706725742953656,-7.1463507418074945,False,True,-0.05634668579038715,36.181121152869395,True,20.31872509960153,False,False,-2.75623597497463,True,True,False,1.8983018123962123,True,False,False,False,Energy
FANG,2024-12-16 05:00:00,158.93,-0.07506449380230296,False,29.285605787701666,-12.432400583400865,2.755233128515382,-4.900670177118238,False,True,-6.058899712821663,14.996288047513067,False,10.120481927711213,False,True,1.1984585354173127,False,False,True,1.1567192997563707,True,False,False,True,Energy
FANG,2024-12-18 05:00:00,156.08,-0.048821117375704826,False,28.176723165554552,-13.782641037564872,2.875839933878313,-4.771201952409998,False,True,-6.058899712821663,14.996288047513067,False,1.9064124783364549,False,False,1.1984585354173127,False,False,True,1.1943795975463467,True,False,False,True,Energy
FANG,2024-12-19 05:00:00,153.06,-0.032013589442048906,False,25.81645634276455,-15.32067923232593,3.026914869722636,-5.652468717253278,False,True,-6.058899712821663,14.996288047513067,False,3.5330261136711227,False,False,1.1984585354173127,False,False,True,1.3478385849460428,True,False,False,True,Energy
FANG,2024-12-20 05:00:00,154.94,-0.05182651348909251,False,29.76089473325679,-14.158606409213395,2.97114766521451,-5.142647238888209,False,True,-6.058899712821663,14.996288047513067,False,3.791469194312717,False,False,1.1984585354173127,False,False,True,3.156070312232116,True,True,True,True,Energy
