symbol,date,entry_price,exit_date,exit_price,return,is_complete,in_optimal_zone,prev_weekly_red,prev_weekly_large_bottom_wick,prev_atr_declining,vol_spike,sector
JPM,2025-04-04 04:00:00,210.28,2026-01-09 05:00:00,329.98,0.5692410119840214,False,False,False,False,True,True,Finance
JPM,2025-04-07 04:00:00,214.44,2026-01-09 05:00:00,329.98,0.5387987315799292,False,False,True,False,False,False,Finance
XOM,2025-04-08 04:00:00,100.77,2026-01-09 05:00:00,124.25,0.2330058549171381,False,False,False,False,True,False,Energy
PG,2025-12-08 05:00:00,138.34,2026-01-09 05:00:00,141.75,0.024649414486048737,False,False,True,True,True,False,Staples
NVDA,2025-04-04 04:00:00,94.31,2026-01-09 05:00:00,185.895,0.97110592726116,False,True,True,True,True,False,Tech
AVGO,2025-04-03 04:00:00,154.01,2026-01-09 05:00:00,346.52,1.2499837672878384,False,False,False,False,True,False,Tech
AVGO,2025-04-04 04:00:00,146.29,2026-01-09 05:00:00,346.52,1.3687196664160228,False,False,False,False,True,True,Tech
HD,2025-03-13 04:00:00,347.25,2026-01-09 05:00:00,372.7792,0.07351821454283658,False,False,False,True,False,False,Consumer
HD,2025-03-14 04:00:00,351.31,2026-01-09 05:00:00,372.7792,0.061111838547152075,False,False,False,True,False,False,Consumer
HD,2025-03-18 04:00:00,349.57,2026-01-09 05:00:00,372.7792,0.06639356924221196,False,False,True,False,False,False,Consumer
HD,2025-11-18 05:00:00,336.48,2026-01-09 05:00:00,372.7792,0.10787922016167384,False,False,True,False,True,True,Consumer
HD,2025-11-19 05:00:00,334.5,2026-01-09 05:00:00,372.7792,0.11443707025411065,False,False,True,False,True,True,Consumer
HD,2025-11-20 05:00:00,332.38,2026-01-09 05:00:00,372.7792,0.12154521932727613,False,False,True,False,True,False,Consumer
HD,2025-11-24 05:00:00,336.58,2026-01-09 05:00:00,372.7792,0.10755006239229914,False,False,True,False,True,False,Consumer
TSLA,2025-02-25 05:00:00,302.8,2026-01-09 05:00:00,447.725,0.47861624834874505,False,False,True,True,True,False,Consumer
TSLA,2025-02-26 05:00:00,290.8,2026-01-09 05:00:00,447.725,0.5396320495185696,False,False,True,True,True,False,Consumer
TSLA,2025-02-27 05:00:00,281.95,2026-01-09 05:00:00,447.725,0.587958857953538,False,False,True,True,True,False,Consumer
TSLA,2025-03-03 05:00:00,284.65,2026-01-09 05:00:00,447.725,0.5728965396100476,False,False,True,False,True,False,Consumer
TSLA,2025-03-04 05:00:00,272.04,2026-01-09 05:00:00,447.725,0.6458057638582562,False,False,True,False,True,False,Consumer
TSLA,2025-03-05 05:00:00,279.1,2026-01-09 05:00:00,447.725,0.6041741311357935,False,False,True,False,True,False,Consumer
TSLA,2025-03-06 05:00:00,263.45,2026-01-09 05:00:00,447.725,0.6994685898652497,False,False,True,False,True,False,Consumer
TSLA,2025-03-07 05:00:00,262.67,2026-01-09 05:00:00,447.725,0.7045151711272699,False,False,True,False,True,False,Consumer
TSLA,2025-03-10 04:00:00,222.15,2026-01-09 05:00:00,447.725,1.0154175106909746,False,True,True,False,False,False,Consumer
TSLA,2025-03-11 04:00:00,230.58,2026-01-09 05:00:00,447.725,0.9417338884552,False,True,True,False,False,False,Consumer
TSLA,2025-03-18 04:00:00,225.31,2026-01-09 05:00:00,447.725,0.9871510363499181,False,True,True,False,False,False,Consumer
AAPL,2025-04-04 04:00:00,188.38,2026-01-09 05:00:00,259.57,0.3779063594861449,False,False,False,True,True,True,Tech
AAPL,2025-04-07 04:00:00,181.46,2026-01-09 05:00:00,259.57,0.430452992395018,False,False,True,False,True,True,Tech
AAPL,2025-04-08 04:00:00,172.42,2026-01-09 05:00:00,259.57,0.5054518037350657,False,True,True,False,True,False,Tech
ABBV,2025-04-10 04:00:00,174.2,2026-01-09 05:00:00,221.105,0.2692594718714123,False,False,True,True,False,False,Health
ABBV,2025-04-16 04:00:00,171.68,2026-01-09 05:00:00,221.105,0.28789026095060577,False,False,True,False,False,False,Health
ABBV,2025-04-21 04:00:00,170.16,2026-01-09 05:00:00,221.105,0.2993946873530795,False,False,True,True,False,False,Health
AMZN,2025-04-04 04:00:00,171.0,2026-01-09 05:00:00,246.46,0.4412865497076024,False,False,True,True,True,True,Consumer
AMZN,2025-04-08 04:00:00,170.66,2026-01-09 05:00:00,246.46,0.4441579749208955,False,False,True,False,False,False,Consumer
UNH,2025-05-02 04:00:00,399.92,2026-01-09 05:00:00,345.09,-0.13710242048409693,False,True,True,False,False,False,Health
UNH,2025-05-06 04:00:00,394.51,2026-01-09 05:00:00,345.09,-0.12526932143671898,False,True,True,False,True,False,Health
UNH,2025-05-07 04:00:00,391.06,2026-01-09 05:00:00,345.09,-0.11755229376566267,False,True,True,False,True,False,Health
UNH,2025-05-08 04:00:00,385.55,2026-01-09 05:00:00,345.09,-0.10494099338607199,False,True,True,False,True,False,Health
UNH,2025-05-09 04:00:00,380.64,2026-01-09 05:00:00,345.09,-0.09339533417402268,False,True,True,False,True,False,Health
UNH,2025-05-12 04:00:00,378.75,2026-01-09 05:00:00,345.09,-0.08887128712871295,False,True,True,False,True,False,Health
UNH,2025-05-13 04:00:00,311.38,2026-01-09 05:00:00,345.09,0.10826000385381196,False,True,True,False,True,True,Health
UNH,2025-05-14 04:00:00,308.01,2026-01-09 05:00:00,345.09,0.12038570176292973,False,True,True,False,True,True,Health
UNH,2025-05-15 04:00:00,274.35,2026-01-09 05:00:00,345.09,0.2578458173865499,False,True,True,False,True,True,Health
UNH,2025-05-16 04:00:00,291.91,2026-01-09 05:00:00,345.09,0.18217943886814414,False,True,True,False,True,True,Health
UNH,2025-05-19 04:00:00,315.89,2026-01-09 05:00:00,345.09,0.09243724081167493,False,True,True,False,True,True,Health
UNH,2025-05-21 04:00:00,302.98,2026-01-09 05:00:00,345.09,0.13898607168790011,False,True,True,False,True,False,Health
UNH,2025-05-22 04:00:00,296.67,2026-01-09 05:00:00,345.09,0.16321164930731102,False,True,True,False,True,False,Health
UNH,2025-05-23 04:00:00,295.57,2026-01-09 05:00:00,345.09,0.1675406841019047,False,True,True,False,True,False,Health
UNH,2025-05-27 04:00:00,295.0,2026-01-09 05:00:00,345.09,0.16979661016949144,False,True,True,True,False,False,Health
UNH,2025-05-28 04:00:00,298.11,2026-01-09 05:00:00,345.09,0.1575928348596154,False,True,True,True,False,False,Health
UNH,2025-05-29 04:00:00,298.17,2026-01-09 05:00:00,345.09,0.15735989536170636,False,True,True,True,False,False,Health
UNH,2025-06-05 04:00:00,295.84,2026-01-09 05:00:00,345.09,0.16647512168739853,False,True,True,False,True,False,Health
UNH,2025-07-29 04:00:00,261.07,2026-01-09 05:00:00,345.09,0.3218293944152908,False,True,True,False,True,True,Health
UNH,2025-07-31 04:00:00,249.56,2026-01-09 05:00:00,345.09,0.3827937169418174,False,True,True,False,True,False,Health
UNH,2025-08-01 04:00:00,237.77,2026-01-09 05:00:00,345.09,0.4513605585229421,False,True,True,False,True,True,Health
UNH,2025-08-04 04:00:00,240.98,2026-01-09 05:00:00,345.09,0.4320275541538716,False,True,True,False,True,False,Health
UNH,2025-11-06 05:00:00,321.56,2026-01-09 05:00:00,345.09,0.0731745241945514,False,False,False,False,True,False,Health
NFLX,2025-12-10 05:00:00,92.71,2026-01-09 05:00:00,88.885,-0.04125768525509643,False,False,False,False,True,False,Comm
NFLX,2025-12-11 05:00:00,94.09,2026-01-09 05:00:00,88.885,-0.0553193750664257,False,False,False,False,True,False,Comm
NFLX,2026-01-02 05:00:00,90.99,2026-01-09 05:00:00,88.885,-0.02313441037476638,False,False,True,False,True,False,Comm
NFLX,2026-01-06 05:00:00,90.65,2026-01-09 05:00:00,88.885,-0.019470490899062387,False,False,True,True,True,False,Comm
NFLX,2026-01-07 05:00:00,90.73,2026-01-09 05:00:00,88.885,-0.02033506006833463,False,False,True,True,True,False,Comm
NFLX,2026-01-08 05:00:00,90.53,2026-01-09 05:00:00,88.885,-0.018170772119739276,False,False,True,True,True,False,Comm
NFLX,2026-01-09 05:00:00,88.885,2026-01-09 05:00:00,88.885,0.0,False,False,True,True,True,False,Comm
CRM,2025-02-27 05:00:00,294.9,2026-01-09 05:00:00,259.665,-0.11948118006103747,False,False,True,True,True,True,Tech
CRM,2025-03-03 05:00:00,293.06,2026-01-09 05:00:00,259.665,-0.11395277417593663,False,False,True,False,False,False,Tech
CRM,2025-03-04 05:00:00,287.34,2026-01-09 05:00:00,259.665,-0.09631447066193344,False,False,True,False,False,False,Tech
CRM,2025-03-06 05:00:00,286.05,2026-01-09 05:00:00,259.665,-0.09223911903513371,False,False,True,False,False,False,Tech
CRM,2025-03-07 05:00:00,282.89,2026-01-09 05:00:00,259.665,-0.08209904910035692,False,False,True,False,False,False,Tech
CRM,2025-03-10 04:00:00,272.9,2026-01-09 05:00:00,259.665,-0.04849761817515563,False,False,True,False,False,False,Tech
CRM,2025-03-11 04:00:00,277.05,2026-01-09 05:00:00,259.665,-0.06275040606388738,False,False,True,False,False,False,Tech
CRM,2025-03-13 04:00:00,271.74,2026-01-09 05:00:00,259.665,-0.04443585780525494,False,False,True,False,False,False,Tech
CRM,2025-04-03 04:00:00,255.23,2026-01-09 05:00:00,259.665,0.01737648395564806,False,False,False,True,True,False,Tech
CRM,2025-04-04 04:00:00,240.76,2026-01-09 05:00:00,259.665,0.07852217976408049,False,False,False,True,True,False,Tech
CRM,2025-04-07 04:00:00,244.21,2026-01-09 05:00:00,259.665,0.06328569673641549,False,False,True,False,False,False,Tech
CRM,2025-04-08 04:00:00,243.99,2026-01-09 05:00:00,259.665,0.0642444362473873,False,False,True,False,False,False,Tech
CRM,2025-08-07 04:00:00,240.88,2026-01-09 05:00:00,259.665,0.07798488874128218,False,False,False,False,True,False,Tech
CRM,2025-08-08 04:00:00,240.51,2026-01-09 05:00:00,259.665,0.07964325807658734,False,False,False,False,True,False,Tech
CRM,2025-08-11 04:00:00,232.68,2026-01-09 05:00:00,259.665,0.11597472924187735,False,False,True,False,False,False,Tech
CRM,2025-08-12 04:00:00,231.66,2026-01-09 05:00:00,259.665,0.12088837088837101,False,False,True,False,False,False,Tech
CRM,2025-08-14 04:00:00,233.37,2026-01-09 05:00:00,259.665,0.11267515104769266,False,False,True,False,False,False,Tech
MSFT,2025-04-04 04:00:00,359.84,2026-01-09 05:00:00,478.55,0.3298966207203202,False,False,False,True,True,True,Tech
MSFT,2025-04-07 04:00:00,357.86,2026-01-09 05:00:00,478.55,0.33725479237690714,False,False,True,False,False,True,Tech
MSFT,2025-04-08 04:00:00,354.56,2026-01-09 05:00:00,478.55,0.34970103790613716,False,False,True,False,False,False,Tech
GOOGL,2025-04-04 04:00:00,145.6,2026-01-09 05:00:00,329.95,1.26614010989011,False,False,True,True,True,False,Tech
GOOGL,2025-04-07 04:00:00,146.75,2026-01-09 05:00:00,329.95,1.248381601362862,False,False,True,False,False,True,Tech
GOOGL,2025-04-08 04:00:00,144.7,2026-01-09 05:00:00,329.95,1.280234968901175,False,False,True,False,False,False,Tech
CSCO,2025-04-08 04:00:00,53.19,2026-01-09 05:00:00,74.0301,0.39180485053581515,False,False,True,False,True,False,Tech
ACN,2025-03-13 04:00:00,317.07,2026-01-09 05:00:00,280.5851,-0.11506891222758375,False,False,True,False,False,False,Tech
ACN,2025-03-20 04:00:00,300.91,2026-01-09 05:00:00,280.5851,-0.06754478083147786,False,False,True,True,True,True,Tech
ACN,2025-03-21 04:00:00,305.32,2026-01-09 05:00:00,280.5851,-0.08101303550373373,False,False,True,True,True,True,Tech
ACN,2025-03-24 04:00:00,307.18,2026-01-09 05:00:00,280.5851,-0.08657757666514743,False,False,True,False,False,False,Tech
ACN,2025-03-25 04:00:00,308.9,2026-01-09 05:00:00,280.5851,-0.09166364519261883,False,False,True,False,False,False,Tech
ACN,2025-03-27 04:00:00,308.53,2026-01-09 05:00:00,280.5851,-0.09057433636923462,False,False,True,False,False,False,Tech
ACN,2025-03-28 04:00:00,304.33,2026-01-09 05:00:00,280.5851,-0.07802352709230098,False,False,True,False,False,False,Tech
ACN,2025-04-04 04:00:00,285.06,2026-01-09 05:00:00,280.5851,-0.015698098645899106,False,False,True,True,False,False,Tech
ACN,2025-04-07 04:00:00,284.72,2026-01-09 05:00:00,280.5851,-0.01452268895757236,False,False,True,False,True,False,Tech
ACN,2025-04-08 04:00:00,281.39,2026-01-09 05:00:00,280.5851,-0.0028604428018051964,False,False,True,False,True,False,Tech
ACN,2025-06-20 04:00:00,285.37,2026-01-09 05:00:00,280.5851,-0.016767354662368117,False,False,False,True,True,True,Tech
ACN,2025-07-15 04:00:00,276.07,2026-01-09 05:00:00,280.5851,0.01635490998659761,False,False,False,False,True,False,Tech
ACN,2025-07-31 04:00:00,267.1,2026-01-09 05:00:00,280.5851,0.05048708348932984,False,False,False,True,True,False,Tech
ACN,2025-08-01 04:00:00,255.37,2026-01-09 05:00:00,280.5851,0.09873947605435252,False,False,False,True,True,False,Tech
ACN,2025-08-04 04:00:00,258.78,2026-01-09 05:00:00,280.5851,0.0842611484658784,False,False,True,True,True,False,Tech
ACN,2025-08-05 04:00:00,247.07,2026-01-09 05:00:00,280.5851,0.13565022058525922,False,True,True,True,True,True,Tech
ACN,2025-08-06 04:00:00,247.54,2026-01-09 05:00:00,280.5851,0.13349398077078467,False,True,True,True,True,False,Tech
ACN,2025-08-07 04:00:00,241.72,2026-01-09 05:00:00,280.5851,0.16078561972530214,False,True,True,True,True,False,Tech
ACN,2025-08-08 04:00:00,239.2,2026-01-09 05:00:00,280.5851,0.1730146321070236,False,True,True,True,True,False,Tech
ACN,2025-08-11 04:00:00,238.61,2026-01-09 05:00:00,280.5851,0.17591509157202134,False,True,True,False,False,False,Tech
ACN,2025-08-12 04:00:00,237.87,2026-01-09 05:00:00,280.5851,0.17957329633833607,False,True,True,False,False,False,Tech
ACN,2025-09-16 04:00:00,236.81,2026-01-09 05:00:00,280.5851,0.1848532578860691,False,True,True,True,True,False,Tech
PEP,2025-01-06 05:00:00,146.27,2026-01-08 05:00:00,139.37,-0.04717303616599444,True,False,False,True,True,False,Staples
PEP,2025-01-07 05:00:00,145.4,2026-01-09 05:00:00,140.055,-0.036760660247592836,True,False,False,True,True,False,Staples
PEP,2025-01-08 05:00:00,146.54,2026-01-09 05:00:00,140.055,-0.04425412856557931,False,False,False,True,True,False,Staples
PEP,2025-01-10 05:00:00,142.64,2026-01-09 05:00:00,140.055,-0.01812254627033072,False,False,False,True,True,False,Staples
BAC,2025-04-03 04:00:00,37.22,2026-01-09 05:00:00,56.175,0.5092692101020957,False,False,False,False,True,True,Finance
BAC,2025-04-04 04:00:00,34.39,2026-01-09 05:00:00,56.175,0.63346903169526,False,False,False,False,True,True,Finance
BAC,2025-04-07 04:00:00,35.58,2026-01-09 05:00:00,56.175,0.5788364249578415,False,False,True,False,False,True,Finance
BAC,2025-04-08 04:00:00,35.03,2026-01-09 05:00:00,56.175,0.6036254638880958,False,False,True,False,False,False,Finance
MRK,2025-02-05 05:00:00,89.67,2026-01-09 05:00:00,111.275,0.2409389985502397,False,False,True,False,True,False,Health
MRK,2025-02-06 05:00:00,88.05,2026-01-09 05:00:00,111.275,0.2637705848949461,False,False,True,False,True,False,Health
MRK,2025-02-07 05:00:00,87.28,2026-01-09 05:00:00,111.275,0.27491979835013747,False,False,True,False,True,False,Health
MRK,2025-02-10 05:00:00,86.4,2026-01-09 05:00:00,111.275,0.28790509259259256,False,True,False,False,True,False,Health
MRK,2025-02-11 05:00:00,86.54,2026-01-09 05:00:00,111.275,0.28582158539403735,False,False,False,False,True,False,Health
MRK,2025-02-12 05:00:00,85.67,2026-01-09 05:00:00,111.275,0.29887942103420095,False,True,False,False,True,False,Health
MRK,2025-02-13 05:00:00,84.42,2026-01-09 05:00:00,111.275,0.3181118218431651,False,True,False,False,True,False,Health
MRK,2025-02-14 05:00:00,83.01,2026-01-09 05:00:00,111.275,0.3405011444404289,False,True,False,False,True,False,Health
MRK,2025-02-18 05:00:00,83.29,2026-01-09 05:00:00,111.275,0.3359947172529716,False,True,True,False,False,False,Health
MRK,2025-04-04 04:00:00,81.47,2026-01-09 05:00:00,111.275,0.3658401865717442,False,True,True,False,True,False,Health
MRK,2025-04-07 04:00:00,81.18,2026-01-09 05:00:00,111.275,0.3707193890120719,False,True,True,True,False,False,Health
MRK,2025-04-08 04:00:00,78.95,2026-01-09 05:00:00,111.275,0.409436352121596,False,True,True,True,False,False,Health
MRK,2025-04-10 04:00:00,77.55,2026-01-09 05:00:00,111.275,0.4348807221147648,False,True,True,True,False,False,Health
MRK,2025-04-16 04:00:00,76.46,2026-01-09 05:00:00,111.275,0.4553361234632489,False,True,True,False,False,False,Health
AMD,2025-02-27 05:00:00,99.51,2026-01-09 05:00:00,204.85,1.0585870766757108,False,True,False,False,True,False,Tech
AMD,2025-02-28 05:00:00,99.86,2026-01-09 05:00:00,204.85,1.0513719206889647,False,True,False,False,True,False,Tech
AMD,2025-03-03 05:00:00,98.23,2026-01-09 05:00:00,204.85,1.0854117886592691,False,True,True,False,True,False,Tech
AMD,2025-04-04 04:00:00,85.76,2026-01-09 05:00:00,204.85,1.3886427238805967,False,True,False,False,True,False,Tech
AMD,2025-04-07 04:00:00,83.64,2026-01-09 05:00:00,204.85,1.4491869918699187,False,True,True,False,False,False,Tech
AMD,2025-04-08 04:00:00,78.21,2026-01-09 05:00:00,204.85,1.6192302774581258,False,True,True,False,False,False,Tech
ORCL,2025-01-10 05:00:00,154.5,2026-01-09 05:00:00,199.445,0.2909061488673139,False,False,True,True,True,False,Tech
ORCL,2025-01-13 05:00:00,153.92,2026-01-09 05:00:00,199.445,0.29577053014553023,False,False,True,True,True,False,Tech
ORCL,2025-04-04 04:00:00,128.27,2026-01-09 05:00:00,199.445,0.5548842285803381,False,False,False,False,True,False,Tech
ORCL,2025-04-07 04:00:00,127.16,2026-01-09 05:00:00,199.445,0.5684570619691727,False,False,True,False,False,False,Tech
ORCL,2025-04-08 04:00:00,124.5,2026-01-09 05:00:00,199.445,0.6019678714859438,False,True,True,False,False,False,Tech
ORCL,2025-11-12 05:00:00,226.99,2026-01-09 05:00:00,199.445,-0.12134895810388124,False,False,True,False,False,False,Tech
ORCL,2025-11-13 05:00:00,217.57,2026-01-09 05:00:00,199.445,-0.083306522038884,False,False,True,False,False,False,Tech
ORCL,2025-11-17 05:00:00,219.86,2026-01-09 05:00:00,199.445,-0.09285454380060043,False,False,True,False,False,False,Tech
ORCL,2025-11-18 05:00:00,220.49,2026-01-09 05:00:00,199.445,-0.09544650551045408,False,False,True,False,False,False,Tech
ORCL,2025-11-20 05:00:00,210.69,2026-01-09 05:00:00,199.445,-0.053372253073235565,False,False,True,False,False,False,Tech
ORCL,2025-11-21 05:00:00,198.76,2026-01-09 05:00:00,199.445,0.003446367478365797,False,False,True,False,False,True,Tech
ORCL,2025-11-24 05:00:00,200.28,2026-01-09 05:00:00,199.445,-0.004169163171559909,False,False,True,True,False,False,Tech
ORCL,2025-11-25 05:00:00,197.03,2026-01-09 05:00:00,199.445,0.012257016697964751,False,False,True,True,False,False,Tech
ORCL,2025-12-15 05:00:00,184.92,2026-01-09 05:00:00,199.445,0.0785474799913477,False,False,False,False,True,False,Tech
ORCL,2025-12-17 05:00:00,178.46,2026-01-09 05:00:00,199.445,0.11758937577048068,False,False,False,False,True,False,Tech
ADBE,2025-03-13 04:00:00,377.84,2026-01-09 05:00:00,333.51,-0.11732479356341308,False,True,True,True,True,True,Tech
ADBE,2025-04-03 04:00:00,367.25,2026-01-09 05:00:00,333.51,-0.09187202178352627,False,True,True,False,True,False,Tech
ADBE,2025-04-04 04:00:00,349.07,2026-01-09 05:00:00,333.51,-0.04457558655856997,False,True,True,False,True,False,Tech
ADBE,2025-04-07 04:00:00,340.7,2026-01-09 05:00:00,333.51,-0.021103610214264767,False,True,True,False,True,False,Tech
ADBE,2025-04-08 04:00:00,340.0,2026-01-09 05:00:00,333.51,-0.019088235294117628,False,True,True,False,True,False,Tech
ADBE,2025-08-01 04:00:00,347.8,2026-01-09 05:00:00,333.51,-0.041086831512363475,False,False,False,True,True,False,Tech
ADBE,2025-08-04 04:00:00,338.85,2026-01-09 05:00:00,333.51,-0.015759185480301086,False,False,False,False,True,False,Tech
ADBE,2025-08-05 04:00:00,338.74,2026-01-09 05:00:00,333.51,-0.015439570171813188,False,False,False,False,True,False,Tech
ADBE,2025-08-07 04:00:00,338.27,2026-01-09 05:00:00,333.51,-0.014071599609779106,False,False,False,False,True,False,Tech
ADBE,2025-08-11 04:00:00,333.65,2026-01-09 05:00:00,333.51,-0.0004196013786902375,False,False,True,False,False,False,Tech
ADBE,2025-11-20 05:00:00,312.4,2026-01-09 05:00:00,333.51,0.067573623559539,False,False,True,False,True,False,Tech
WFC,2025-04-04 04:00:00,60.98,2026-01-09 05:00:00,95.73,0.569858970154149,False,False,False,False,True,False,Finance
WFC,2025-04-07 04:00:00,62.17,2026-01-09 05:00:00,95.73,0.5398101978446197,False,False,True,False,False,True,Finance
WFC,2025-04-08 04:00:00,62.08,2026-01-09 05:00:00,95.73,0.542042525773196,False,False,True,False,False,False,Finance
NOW,2025-02-24 05:00:00,185.516,2026-01-09 05:00:00,141.87,-0.23526811703572736,False,False,True,True,True,False,Tech
NOW,2025-02-25 05:00:00,184.458,2026-01-09 05:00:00,141.87,-0.23088182675731062,False,False,True,True,True,False,Tech
NOW,2025-03-06 05:00:00,173.418,2026-01-09 05:00:00,141.87,-0.18191883195516034,False,False,True,False,False,False,Tech
NOW,2025-03-07 05:00:00,170.126,2026-01-09 05:00:00,141.87,-0.16608866369631925,False,False,True,False,False,False,Tech
NOW,2025-03-10 04:00:00,156.766,2026-01-09 05:00:00,141.87,-0.09502060395749068,False,False,True,True,True,True,Tech
NOW,2025-03-11 04:00:00,161.68,2026-01-09 05:00:00,141.87,-0.12252597723899061,False,False,True,True,True,False,Tech
NOW,2025-04-04 04:00:00,144.33,2026-01-09 05:00:00,141.87,-0.017044273539804644,False,True,True,True,True,False,Tech
NOW,2025-08-11 04:00:00,171.274,2026-01-09 05:00:00,141.87,-0.1716781297803519,False,False,True,False,False,False,Tech
NOW,2025-08-12 04:00:00,170.686,2026-01-09 05:00:00,141.87,-0.1688246253354112,False,False,True,False,False,False,Tech
NOW,2025-11-18 05:00:00,163.594,2026-01-09 05:00:00,141.87,-0.13279215619154727,False,False,True,False,False,False,Tech
NOW,2025-11-19 05:00:00,163.29,2026-01-09 05:00:00,141.87,-0.13117765937901882,False,False,True,False,False,False,Tech
NOW,2025-11-20 05:00:00,160.092,2026-01-09 05:00:00,141.87,-0.11382205231991604,False,False,True,False,False,False,Tech
NOW,2025-12-15 05:00:00,153.04,2026-01-09 05:00:00,141.87,-0.07298745426032405,False,False,False,False,False,True,Tech
NOW,2026-01-02 05:00:00,147.45,2026-01-09 05:00:00,141.87,-0.03784333672431317,False,False,True,True,False,False,Tech
NOW,2026-01-09 05:00:00,141.87,2026-01-09 05:00:00,141.87,0.0,False,False,True,True,True,False,Tech
CAT,2025-03-03 05:00:00,332.04,2026-01-09 05:00:00,618.367,0.8623268280930005,False,False,True,False,True,False,Industrial
CAT,2025-03-04 05:00:00,326.75,2026-01-09 05:00:00,618.367,0.8924774292272379,False,False,True,False,True,False,Industrial
CAT,2025-04-03 04:00:00,305.76,2026-01-09 05:00:00,618.367,1.0223933804290946,False,False,True,True,True,False,Industrial
CAT,2025-04-04 04:00:00,288.08,2026-01-09 05:00:00,618.367,1.1465113857261873,False,False,True,True,True,True,Industrial
CAT,2025-04-07 04:00:00,280.06,2026-01-09 05:00:00,618.367,1.2079804327644075,False,True,True,False,True,True,Industrial
CAT,2025-04-08 04:00:00,273.94,2026-01-09 05:00:00,618.367,1.257308169672191,False,True,True,False,True,False,Industrial
IBM,2025-08-11 04:00:00,236.3,2026-01-09 05:00:00,303.88,0.2859923825645365,False,False,True,False,False,False,Tech
IBM,2025-08-12 04:00:00,234.77,2026-01-09 05:00:00,303.88,0.29437321633939595,False,False,True,False,False,False,Tech
AXP,2025-03-11 04:00:00,255.39,2026-01-09 05:00:00,374.32,0.4656799404831826,False,False,False,True,True,False,Finance
AXP,2025-03-12 04:00:00,260.75,2026-01-09 05:00:00,374.32,0.4355512943432407,False,False,False,True,True,False,Finance
AXP,2025-03-13 04:00:00,256.43,2026-01-09 05:00:00,374.32,0.45973560035877226,False,False,False,True,True,False,Finance
AXP,2025-04-04 04:00:00,233.68,2026-01-09 05:00:00,374.32,0.6018486819582334,False,False,False,True,True,True,Finance
AXP,2025-04-07 04:00:00,234.28,2026-01-09 05:00:00,374.32,0.5977462864947924,False,False,True,False,False,False,Finance
AXP,2025-04-08 04:00:00,231.39,2026-01-09 05:00:00,374.32,0.6177017157180518,False,False,True,False,False,False,Finance
GE,2025-04-04 04:00:00,166.81,2026-01-09 05:00:00,320.67,0.9223667645824591,False,False,False,False,True,True,Industrial
GE,2025-04-07 04:00:00,167.7,2026-01-09 05:00:00,320.67,0.9121645796064404,False,False,True,False,False,True,Industrial
GE,2025-04-08 04:00:00,169.37,2026-01-09 05:00:00,320.67,0.8933105036311035,False,False,True,False,False,False,Industrial
PM,2025-10-31 04:00:00,144.33,2026-01-09 05:00:00,161.67,0.12014134275618349,False,False,True,True,True,False,Staples
TXN,2025-04-04 04:00:00,151.39,2026-01-09 05:00:00,191.04,0.2619063346324064,False,True,False,False,True,True,Tech
TXN,2025-04-07 04:00:00,154.0,2026-01-09 05:00:00,191.04,0.24051948051948058,False,False,True,False,True,True,Tech
TXN,2025-04-08 04:00:00,146.01,2026-01-09 05:00:00,191.04,0.30840353400452036,False,True,True,False,True,False,Tech
TXN,2025-10-29 04:00:00,160.26,2026-01-09 05:00:00,191.04,0.19206289779108943,False,False,False,False,True,False,Tech
TXN,2025-10-30 04:00:00,160.51,2026-01-09 05:00:00,191.04,0.19020621768114143,False,False,False,False,True,False,Tech
TXN,2025-11-04 05:00:00,159.36,2026-01-09 05:00:00,191.04,0.19879518072289137,False,False,True,True,False,False,Tech
DHR,2025-02-03 05:00:00,214.26,2026-01-09 05:00:00,237.51,0.10851302156258757,False,False,False,False,True,False,Health
DHR,2025-02-05 05:00:00,212.13,2026-01-09 05:00:00,237.51,0.11964361476453123,False,False,False,False,True,False,Health
DHR,2025-02-06 05:00:00,210.01,2026-01-09 05:00:00,237.51,0.1309461454216465,False,False,False,False,True,False,Health
DHR,2025-02-07 05:00:00,206.76,2026-01-09 05:00:00,237.51,0.14872315728380725,False,False,False,False,True,False,Health
DHR,2025-02-10 05:00:00,203.5,2026-01-09 05:00:00,237.51,0.16712530712530715,False,False,True,False,False,False,Health
DHR,2025-02-11 05:00:00,201.62,2026-01-09 05:00:00,237.51,0.17800813411367922,False,False,True,False,False,False,Health
DHR,2025-02-12 05:00:00,202.18,2026-01-09 05:00:00,237.51,0.17474527648629934,False,False,True,False,False,False,Health
DHR,2025-02-13 05:00:00,203.59,2026-01-09 05:00:00,237.51,0.1666093619529445,False,False,True,False,False,False,Health
DHR,2025-02-18 05:00:00,204.53,2026-01-09 05:00:00,237.51,0.16124773871803644,False,False,True,False,False,False,Health
DHR,2025-04-04 04:00:00,181.77,2026-01-09 05:00:00,237.51,0.30665126258458475,False,True,True,True,True,False,Health
DHR,2025-04-07 04:00:00,180.62,2026-01-09 05:00:00,237.51,0.31497065662717305,False,True,True,False,True,True,Health
DHR,2025-04-08 04:00:00,174.64,2026-01-09 05:00:00,237.51,0.3599977095739808,False,True,True,False,True,False,Health
MS,2025-03-10 04:00:00,111.69,2026-01-09 05:00:00,186.06,0.6658608648939028,False,False,False,True,False,True,Finance
MS,2025-03-11 04:00:00,112.04,2026-01-09 05:00:00,186.06,0.6606569082470546,False,False,False,True,False,False,Finance
MS,2025-03-13 04:00:00,111.68,2026-01-09 05:00:00,186.06,0.6660100286532951,False,False,False,True,False,False,Finance
MS,2025-04-04 04:00:00,99.83,2026-01-09 05:00:00,186.06,0.8637684062906943,False,False,False,False,True,True,Finance
MS,2025-04-07 04:00:00,100.92,2026-01-09 05:00:00,186.06,0.8436385255648038,False,False,True,False,False,True,Finance
MS,2025-04-08 04:00:00,100.31,2026-01-09 05:00:00,186.06,0.8548499651081647,False,False,True,False,False,False,Finance
QCOM,2025-04-03 04:00:00,139.42,2026-01-09 05:00:00,179.235,0.2855759575383734,False,False,False,False,True,True,Tech
QCOM,2025-04-04 04:00:00,127.46,2026-01-09 05:00:00,179.235,0.4062058685077674,False,True,False,False,True,True,Tech
QCOM,2025-04-07 04:00:00,129.72,2026-01-09 05:00:00,179.235,0.3817067530064755,False,True,True,False,True,True,Tech
QCOM,2025-04-08 04:00:00,124.66,2026-01-09 05:00:00,179.235,0.43779079095138784,False,True,True,False,True,False,Tech
PFE,2025-04-04 04:00:00,22.97,2026-01-09 05:00:00,25.385,0.10513713539399228,False,False,False,False,True,False,Health
PFE,2025-04-07 04:00:00,22.63,2026-01-09 05:00:00,25.385,0.12174105170128158,False,False,True,False,False,False,Health
PFE,2025-04-08 04:00:00,21.84,2026-01-09 05:00:00,25.385,0.1623168498168499,False,False,True,False,False,False,Health
PFE,2025-04-09 04:00:00,22.49,2026-01-09 05:00:00,25.385,0.12872387727879064,False,False,True,False,False,False,Health
PFE,2025-04-10 04:00:00,21.59,2026-01-09 05:00:00,25.385,0.17577582213987974,False,False,True,False,False,False,Health
PFE,2025-04-11 04:00:00,21.91,2026-01-09 05:00:00,25.385,0.15860337745321784,False,False,True,False,False,False,Health
HON,2025-04-04 04:00:00,190.99,2026-01-09 05:00:00,208.395,0.0911304256767369,False,False,False,False,True,False,Industrial
HON,2025-04-07 04:00:00,187.46,2026-01-09 05:00:00,208.395,0.11167715779366261,False,False,True,False,True,False,Industrial
HON,2025-04-08 04:00:00,182.86,2026-01-09 05:00:00,208.395,0.13964234933829145,False,False,True,False,True,False,Industrial
COP,2025-04-04 04:00:00,86.29,2026-01-09 05:00:00,98.92,0.14636690230617688,False,False,False,False,True,False,Energy
COP,2025-04-07 04:00:00,85.67,2026-01-09 05:00:00,98.92,0.15466324267538223,False,False,False,False,True,False,Energy
COP,2025-04-08 04:00:00,82.66,2026-01-09 05:00:00,98.92,0.19670941204935888,False,True,False,False,True,False,Energy
ETN,2025-02-24 05:00:00,289.85,2026-01-09 05:00:00,324.39,0.11916508538899406,False,False,True,True,True,False,Industrial
ETN,2025-02-25 05:00:00,287.55,2026-01-09 05:00:00,324.39,0.12811684924360978,False,False,True,True,True,False,Industrial
ETN,2025-03-03 05:00:00,278.46,2026-01-09 05:00:00,324.39,0.16494290023701796,False,False,True,False,True,False,Industrial
BMY,2025-04-10 04:00:00,50.46,2026-01-09 05:00:00,55.775,0.10533095521204916,False,False,True,True,False,False,Health
BMY,2025-04-15 04:00:00,50.0,2026-01-09 05:00:00,55.775,0.11549999999999994,False,False,True,False,False,False,Health
BMY,2025-04-16 04:00:00,49.36,2026-01-09 05:00:00,55.775,0.12996353322528353,False,False,True,False,False,False,Health
BMY,2025-04-17 04:00:00,49.23,2026-01-09 05:00:00,55.775,0.1329473898029656,False,False,True,False,False,False,Health
BMY,2025-04-21 04:00:00,48.94,2026-01-09 05:00:00,55.775,0.1396608091540663,False,False,True,False,False,False,Health
BMY,2025-04-23 04:00:00,48.53,2026-01-09 05:00:00,55.775,0.14928909952606628,False,False,True,False,False,False,Health
BMY,2025-04-24 04:00:00,48.69,2026-01-09 05:00:00,55.775,0.14551242554939425,False,False,True,False,False,False,Health
BMY,2025-04-25 04:00:00,47.9,2026-01-09 05:00:00,55.775,0.16440501043841338,False,False,True,False,False,False,Health
BMY,2025-05-14 04:00:00,44.12,2026-01-09 05:00:00,55.775,0.2641659111514052,False,False,False,False,True,False,Health
BMY,2025-09-25 04:00:00,43.41,2026-01-09 05:00:00,55.775,0.2848422022575443,False,False,True,False,True,False,Health
ADP,2025-10-29 04:00:00,261.22,2026-01-09 05:00:00,267.02,0.02220350662276993,False,False,True,False,True,False,Other
ADP,2025-10-30 04:00:00,261.53,2026-01-09 05:00:00,267.02,0.02099185561885819,False,False,True,False,True,False,Other
ADP,2025-10-31 04:00:00,260.3,2026-01-09 05:00:00,267.02,0.025816365731847757,False,False,True,False,True,False,Other
ADP,2025-11-03 05:00:00,257.17,2026-01-09 05:00:00,267.02,0.03830151261811232,False,False,True,False,True,False,Other
ADP,2025-11-04 05:00:00,259.22,2026-01-09 05:00:00,267.02,0.030090270812437092,False,False,True,False,True,False,Other
ADP,2025-11-05 05:00:00,259.57,2026-01-09 05:00:00,267.02,0.0287013137111376,False,False,True,False,True,False,Other
ADP,2025-11-06 05:00:00,252.36,2026-01-09 05:00:00,267.02,0.05809161515295602,False,False,True,False,True,False,Other
ADP,2025-11-07 05:00:00,254.16,2026-01-09 05:00:00,267.02,0.050598048473402546,False,False,True,False,True,False,Other
ADP,2025-11-10 05:00:00,254.06,2026-01-09 05:00:00,267.02,0.05101157206958984,False,False,True,False,False,False,Other
ADP,2025-11-11 05:00:00,255.2,2026-01-09 05:00:00,267.02,0.04631661442006263,False,False,True,False,False,False,Other
ADP,2025-11-12 05:00:00,254.55,2026-01-09 05:00:00,267.02,0.048988410921233516,False,False,True,False,False,False,Other
ADP,2025-11-13 05:00:00,254.61,2026-01-09 05:00:00,267.02,0.04874121204980142,False,False,True,False,False,False,Other
ADP,2025-11-14 05:00:00,253.09,2026-01-09 05:00:00,267.02,0.055039709194357744,False,False,True,False,False,False,Other
ADP,2025-11-17 05:00:00,250.9,2026-01-09 05:00:00,267.02,0.06424870466321231,False,False,True,True,False,False,Other
ADP,2025-11-18 05:00:00,249.69,2026-01-09 05:00:00,267.02,0.06940606351876322,False,False,True,True,False,False,Other
ADP,2025-11-19 05:00:00,250.41,2026-01-09 05:00:00,267.02,0.06633121680444076,False,False,True,True,False,False,Other
ADP,2025-11-20 05:00:00,249.06,2026-01-09 05:00:00,267.02,0.07211113787842272,False,False,True,True,False,False,Other
ADP,2025-11-24 05:00:00,250.1,2026-01-09 05:00:00,267.02,0.06765293882447021,False,False,True,True,True,False,Other
VRTX,2025-08-05 04:00:00,374.98,2026-01-09 05:00:00,468.025,0.24813323377246777,False,False,False,False,True,True,Health
VRTX,2025-08-06 04:00:00,385.65,2026-01-09 05:00:00,468.025,0.2136004148839621,False,False,False,False,True,True,Health
VRTX,2025-08-07 04:00:00,375.63,2026-01-09 05:00:00,468.025,0.24597343130207916,False,False,False,False,True,True,Health
VRTX,2025-08-08 04:00:00,366.54,2026-01-09 05:00:00,468.025,0.27687291973590855,False,False,False,False,True,False,Health
VRTX,2025-08-11 04:00:00,374.46,2026-01-09 05:00:00,468.025,0.24986647438978804,False,False,True,True,True,False,Health
AMAT,2025-04-03 04:00:00,135.51,2026-01-09 05:00:00,298.565,1.203269131429415,False,True,True,True,True,False,Tech
AMAT,2025-04-04 04:00:00,126.95,2026-01-09 05:00:00,298.565,1.3518314296967309,False,True,True,True,True,True,Tech
AMAT,2025-04-08 04:00:00,128.96,2026-01-09 05:00:00,298.565,1.3151752481389578,False,True,True,False,True,False,Tech
AMAT,2025-08-15 04:00:00,161.755,2026-01-09 05:00:00,298.565,0.8457852925720999,False,False,True,True,False,True,Tech
AMAT,2025-08-21 04:00:00,159.84,2026-01-09 05:00:00,298.565,0.867899149149149,False,False,False,True,True,False,Tech
LOW,2025-03-12 04:00:00,228.33,2026-01-09 05:00:00,266.18,0.16576884334077868,False,False,False,False,False,False,Consumer
LOW,2025-03-13 04:00:00,222.66,2026-01-09 05:00:00,266.18,0.1954549537411301,False,False,False,False,False,False,Consumer
LOW,2025-03-14 04:00:00,224.44,2026-01-09 05:00:00,266.18,0.18597397968276597,False,False,False,False,False,False,Consumer
LOW,2025-03-18 04:00:00,222.95,2026-01-09 05:00:00,266.18,0.19389997757344712,False,False,True,True,True,False,Consumer
LOW,2025-04-08 04:00:00,211.69,2026-01-09 05:00:00,266.18,0.25740469554537304,False,False,False,False,True,False,Consumer
LOW,2025-11-18 05:00:00,219.57,2026-01-09 05:00:00,266.18,0.2122785444277453,False,False,True,False,True,True,Consumer
PLD,2025-04-03 04:00:00,101.59,2026-01-09 05:00:00,129.315,0.2729107195590117,False,False,True,False,False,False,RealEstate
PLD,2025-04-04 04:00:00,98.23,2026-01-09 05:00:00,129.315,0.31645118599205935,False,False,True,False,False,True,RealEstate
PLD,2025-04-07 04:00:00,94.52,2026-01-09 05:00:00,129.315,0.3681231485399916,False,False,False,False,True,True,RealEstate
PLD,2025-04-08 04:00:00,89.76,2026-01-09 05:00:00,129.315,0.44067513368983957,False,True,False,False,True,False,RealEstate
C,2025-03-10 04:00:00,67.41,2026-01-09 05:00:00,121.21,0.7981011719329476,False,False,True,True,False,False,Finance
C,2025-03-11 04:00:00,67.5,2026-01-09 05:00:00,121.21,0.7957037037037036,False,False,True,True,False,False,Finance
C,2025-03-13 04:00:00,67.23,2026-01-09 05:00:00,121.21,0.802915365164361,False,False,True,True,False,False,Finance
C,2025-04-03 04:00:00,63.05,2026-01-09 05:00:00,121.21,0.9224425059476606,False,False,False,False,True,True,Finance
C,2025-04-04 04:00:00,58.13,2026-01-09 05:00:00,121.21,1.085153965250301,False,False,False,False,True,True,Finance
C,2025-04-07 04:00:00,58.85,2026-01-09 05:00:00,121.21,1.0596431605777399,False,False,True,False,False,True,Finance
C,2025-04-08 04:00:00,58.77,2026-01-09 05:00:00,121.21,1.062446826612217,False,False,True,False,False,False,Finance
BX,2025-03-06 05:00:00,145.63,2026-01-09 05:00:00,157.24,0.07972258463228732,False,False,True,False,True,False,Finance
BX,2025-03-07 05:00:00,145.15,2026-01-09 05:00:00,157.24,0.0832931450223906,False,False,True,False,True,False,Finance
BX,2025-03-10 04:00:00,139.37,2026-01-09 05:00:00,157.24,0.12821984645189066,False,False,False,True,True,False,Finance
BX,2025-03-11 04:00:00,138.14,2026-01-09 05:00:00,157.24,0.13826552772549605,False,False,False,True,True,False,Finance
BX,2025-03-12 04:00:00,140.54,2026-01-09 05:00:00,157.24,0.11882738010530813,False,False,False,True,True,False,Finance
BX,2025-03-13 04:00:00,136.53,2026-01-09 05:00:00,157.24,0.1516882736394931,False,False,False,True,True,False,Finance
BX,2025-04-08 04:00:00,120.07,2026-01-09 05:00:00,157.24,0.3095694178395938,False,True,True,False,False,False,Finance
BX,2025-10-10 04:00:00,153.77,2026-01-09 05:00:00,157.24,0.022566170254275875,False,False,True,False,False,False,Finance
BX,2025-10-31 04:00:00,146.64,2026-01-09 05:00:00,157.24,0.07228587015821075,False,False,True,False,False,False,Finance
BX,2025-11-03 05:00:00,144.42,2026-01-09 05:00:00,157.24,0.08876886857775945,False,False,True,False,True,False,Finance
BX,2025-11-04 05:00:00,142.85,2026-01-09 05:00:00,157.24,0.10073503675183759,False,False,True,False,True,False,Finance
BX,2025-11-05 05:00:00,144.32,2026-01-09 05:00:00,157.24,0.0895232815964524,False,False,True,False,True,False,Finance
BX,2025-11-06 05:00:00,143.43,2026-01-09 05:00:00,157.24,0.0962839015547654,False,False,True,False,True,False,Finance
BX,2025-11-13 05:00:00,139.53,2026-01-09 05:00:00,157.24,0.12692610908048452,False,False,True,False,False,False,Finance
BX,2025-11-17 05:00:00,138.42,2026-01-09 05:00:00,157.24,0.13596301112556008,False,False,False,True,True,False,Finance
BX,2025-11-18 05:00:00,136.53,2026-01-09 05:00:00,157.24,0.1516882736394931,False,False,False,True,True,False,Finance
BA,2025-03-04 05:00:00,158.9,2026-01-09 05:00:00,233.375,0.46869100062932656,False,False,True,False,False,True,Industrial
BA,2025-03-07 05:00:00,154.18,2026-01-09 05:00:00,233.375,0.5136528732650147,False,False,True,False,False,False,Industrial
BA,2025-03-10 04:00:00,148.15,2026-01-09 05:00:00,233.375,0.5752615592305095,False,False,True,False,True,False,Industrial
BA,2025-04-04 04:00:00,136.59,2026-01-09 05:00:00,233.375,0.7085804231642141,False,True,False,False,False,True,Industrial
BA,2025-04-07 04:00:00,138.86,2026-01-09 05:00:00,233.375,0.680649575111623,False,False,True,False,True,False,Industrial
BA,2025-04-08 04:00:00,139.39,2026-01-09 05:00:00,233.375,0.674259272544659,False,False,True,False,True,False,Industrial
BA,2025-11-17 05:00:00,191.81,2026-01-09 05:00:00,233.375,0.21669881653719836,False,False,True,False,False,False,Industrial
BA,2025-11-18 05:00:00,189.63,2026-01-09 05:00:00,233.375,0.23068607287876386,False,False,True,False,False,False,Industrial
BA,2025-11-19 05:00:00,185.7,2026-01-09 05:00:00,233.375,0.2567312870220786,False,False,True,False,False,False,Industrial
BA,2025-11-20 05:00:00,179.38,2026-01-09 05:00:00,233.375,0.30100903110714694,False,False,True,False,False,False,Industrial
BA,2025-11-21 05:00:00,179.7,2026-01-09 05:00:00,233.375,0.29869226488592115,False,False,True,False,False,False,Industrial
BA,2025-11-24 05:00:00,179.12,2026-01-09 05:00:00,233.375,0.3028974988834301,False,False,True,True,True,False,Industrial
BA,2025-11-25 05:00:00,182.44,2026-01-09 05:00:00,233.375,0.2791876781407585,False,False,True,True,True,False,Industrial
PANW,2025-04-04 04:00:00,153.57,2026-01-09 05:00:00,189.45,0.23363938269193207,False,False,True,False,True,False,Tech
PANW,2025-04-07 04:00:00,152.44,2026-01-09 05:00:00,189.45,0.24278404618210447,False,False,True,False,False,False,Tech
PANW,2025-04-08 04:00:00,152.53,2026-01-09 05:00:00,189.45,0.24205074411591143,False,False,True,False,False,True,Tech
PANW,2025-08-08 04:00:00,167.06,2026-01-09 05:00:00,189.45,0.134023704058422,False,False,False,False,True,False,Tech
ADI,2025-04-03 04:00:00,180.88,2026-01-09 05:00:00,302.57,0.6727664750110571,False,False,True,False,True,True,Tech
ADI,2025-04-04 04:00:00,164.6,2026-01-09 05:00:00,302.57,0.8382138517618469,False,True,True,False,True,True,Tech
ADI,2025-04-07 04:00:00,171.34,2026-01-09 05:00:00,302.57,0.7659040504260535,False,True,True,False,True,True,Tech
ADI,2025-04-08 04:00:00,166.09,2026-01-09 05:00:00,302.57,0.8217231621410077,False,True,True,False,True,False,Tech
SBUX,2025-04-03 04:00:00,88.26,2026-01-09 05:00:00,88.545,0.0032290958531611125,False,False,True,False,True,True,Consumer
SBUX,2025-04-04 04:00:00,82.1,2026-01-09 05:00:00,88.545,0.07850182704019493,False,False,True,False,True,False,Consumer
SBUX,2025-04-07 04:00:00,80.0,2026-01-09 05:00:00,88.545,0.10681249999999998,False,False,True,True,True,True,Consumer
SBUX,2025-04-08 04:00:00,79.69,2026-01-09 05:00:00,88.545,0.1111180825699587,False,False,True,True,True,False,Consumer
MMC,2025-08-01 04:00:00,197.78,2026-01-09 05:00:00,186.79,-0.05556679138436649,False,False,False,True,True,False,Finance
MMC,2025-10-16 04:00:00,186.48,2026-01-09 05:00:00,186.79,0.0016623766623766745,False,False,False,True,True,True,Finance
MMC,2025-10-28 04:00:00,182.82,2026-01-09 05:00:00,186.79,0.021715348430149772,False,False,True,False,False,False,Finance
MMC,2025-10-29 04:00:00,179.99,2026-01-09 05:00:00,186.79,0.037779876659814304,False,False,True,False,False,False,Finance
MMC,2025-10-30 04:00:00,178.67,2026-01-09 05:00:00,186.79,0.045446913303856196,False,False,True,False,False,False,Finance
MMC,2025-10-31 04:00:00,178.15,2026-01-09 05:00:00,186.79,0.04849845635700234,False,False,True,False,False,False,Finance
MMC,2025-11-03 05:00:00,177.13,2026-01-09 05:00:00,186.79,0.05453621633828254,False,False,True,False,True,False,Finance
MMC,2025-11-05 05:00:00,178.4,2026-01-09 05:00:00,186.79,0.04702914798206259,False,False,True,False,True,False,Finance
MMC,2025-11-06 05:00:00,176.58,2026-01-09 05:00:00,186.79,0.05782081775965553,False,False,True,False,True,False,Finance
CI,2025-07-31 04:00:00,267.38,2026-01-09 05:00:00,280.15,0.04775974268830874,False,False,True,False,True,True,Health
CI,2025-08-01 04:00:00,262.23,2026-01-09 05:00:00,280.15,0.068336956107234,False,False,True,False,True,False,Health
CI,2025-08-04 04:00:00,266.59,2026-01-09 05:00:00,280.15,0.05086462357927912,False,False,False,False,True,False,Health
CI,2025-10-30 04:00:00,247.1,2026-01-09 05:00:00,280.15,0.13375151760420878,False,False,False,True,True,True,Health
CI,2025-10-31 04:00:00,244.41,2026-01-09 05:00:00,280.15,0.14622969600261837,False,False,False,True,True,True,Health
LRCX,2025-04-03 04:00:00,65.22,2026-01-09 05:00:00,218.06,2.343452928549525,False,False,True,False,True,False,Tech
LRCX,2025-04-04 04:00:00,59.09,2026-01-09 05:00:00,218.06,2.6903029277373496,False,True,True,False,True,True,Tech
LRCX,2025-04-08 04:00:00,60.25,2026-01-09 05:00:00,218.06,2.619253112033195,False,True,True,False,True,False,Tech
AMT,2025-01-02 05:00:00,181.03,2026-01-06 05:00:00,175.82,-0.02877976026073026,True,False,True,False,False,False,RealEstate
AMT,2025-01-07 05:00:00,177.17,2026-01-09 05:00:00,168.41,-0.049444036800812774,True,False,True,False,True,False,RealEstate
AMT,2025-01-10 05:00:00,173.46,2026-01-09 05:00:00,168.41,-0.029113340251354813,False,False,True,False,True,False,RealEstate
AMT,2025-10-06 04:00:00,185.57,2026-01-09 05:00:00,168.41,-0.09247184350918791,False,False,True,True,True,False,RealEstate
AMT,2025-11-03 05:00:00,176.64,2026-01-09 05:00:00,168.41,-0.046591938405797007,False,False,True,True,True,False,RealEstate
MU,2025-04-03 04:00:00,74.34,2026-01-09 05:00:00,341.5392,3.5942857142857143,False,True,True,False,True,False,Tech
MU,2025-04-04 04:00:00,64.72,2026-01-09 05:00:00,341.5392,4.2771817058096415,False,True,True,False,True,False,Tech
MU,2025-04-07 04:00:00,68.37,2026-01-09 05:00:00,341.5392,3.995454146555506,False,True,True,False,True,False,Tech
MU,2025-04-08 04:00:00,65.54,2026-01-09 05:00:00,341.5392,4.2111565456209945,False,True,True,False,True,False,Tech
KKR,2025-02-21 05:00:00,132.22,2026-01-09 05:00:00,133.96,0.013159885040084696,False,False,True,False,False,False,Finance
KKR,2025-02-24 05:00:00,131.19,2026-01-09 05:00:00,133.96,0.0211144142084001,False,False,True,False,False,False,Finance
KKR,2025-02-25 05:00:00,129.59,2026-01-09 05:00:00,133.96,0.03372173778840959,False,False,True,False,False,False,Finance
KKR,2025-03-04 05:00:00,120.78,2026-01-09 05:00:00,133.96,0.10912402715681413,False,False,True,False,False,True,Finance
KKR,2025-03-05 05:00:00,123.03,2026-01-09 05:00:00,133.96,0.08884012029586286,False,False,True,False,False,True,Finance
KKR,2025-03-06 05:00:00,116.13,2026-01-09 05:00:00,133.96,0.1535348316541807,False,False,True,False,False,False,Finance
KKR,2025-03-07 05:00:00,115.27,2026-01-09 05:00:00,133.96,0.16214106011971907,False,False,True,False,False,False,Finance
KKR,2025-03-10 04:00:00,108.17,2026-01-09 05:00:00,133.96,0.23842100397522414,False,False,False,True,True,False,Finance
KKR,2025-03-11 04:00:00,112.11,2026-01-09 05:00:00,133.96,0.19489786816519494,False,False,False,True,True,False,Finance
KKR,2025-03-13 04:00:00,108.69,2026-01-09 05:00:00,133.96,0.23249608979666947,False,False,False,True,True,False,Finance
KKR,2025-04-04 04:00:00,92.79,2026-01-09 05:00:00,133.96,0.4436900528074146,False,True,False,False,True,True,Finance
KKR,2025-10-02 04:00:00,124.63,2026-01-09 05:00:00,133.96,0.07486159030730977,False,False,False,False,True,False,Finance
KKR,2025-10-10 04:00:00,117.82,2026-01-09 05:00:00,133.96,0.1369886267187237,False,False,True,False,False,False,Finance
ICE,2025-10-29 04:00:00,150.62,2026-01-09 05:00:00,165.305,0.09749701234895758,False,False,True,False,False,False,Finance
ICE,2025-10-30 04:00:00,148.52,2026-01-09 05:00:00,165.305,0.11301508214381895,False,False,True,False,False,False,Finance
ICE,2025-10-31 04:00:00,146.29,2026-01-09 05:00:00,165.305,0.12998154350946756,False,False,True,False,False,False,Finance
ICE,2025-11-03 05:00:00,145.59,2026-01-09 05:00:00,165.305,0.13541452022803768,False,False,False,False,True,False,Finance
ICE,2025-11-04 05:00:00,146.98,2026-01-09 05:00:00,165.305,0.12467682677915382,False,False,False,False,True,False,Finance
ICE,2025-11-05 05:00:00,146.21,2026-01-09 05:00:00,165.305,0.130599822173586,False,False,False,False,True,False,Finance
SNPS,2025-04-04 04:00:00,388.13,2026-01-09 05:00:00,525.405,0.35368304434081366,False,True,False,True,True,False,Tech
SNPS,2025-04-07 04:00:00,380.9,2026-01-09 05:00:00,525.405,0.37937778944604883,False,True,True,False,True,True,Tech
SNPS,2025-04-08 04:00:00,381.59,2026-01-09 05:00:00,525.405,0.376883566131188,False,True,True,False,True,False,Tech
SNPS,2025-09-10 04:00:00,387.78,2026-01-09 05:00:00,525.405,0.3549048429521895,False,True,True,True,True,True,Tech
SNPS,2025-11-06 05:00:00,396.14,2026-01-09 05:00:00,525.405,0.3263114050588176,False,True,False,False,True,False,Tech
SNPS,2025-11-07 05:00:00,393.43,2026-01-09 05:00:00,525.405,0.33544722059832743,False,True,False,False,True,False,Tech
SNPS,2025-11-18 05:00:00,383.82,2026-01-09 05:00:00,525.405,0.36888385180553374,False,True,True,False,False,False,Tech
MDLZ,2025-01-06 05:00:00,58.22,2026-01-08 05:00:00,53.99,-0.07265544486430775,True,False,False,True,True,False,Staples
MDLZ,2025-01-07 05:00:00,58.29,2026-01-09 05:00:00,54.8475,-0.05905815748842003,True,False,False,True,True,False,Staples
MDLZ,2025-01-08 05:00:00,58.29,2026-01-09 05:00:00,54.8475,-0.05905815748842003,False,False,False,True,True,False,Staples
MDLZ,2025-01-10 05:00:00,56.25,2026-01-09 05:00:00,54.8475,-0.024933333333333363,False,False,False,True,True,False,Staples
MDLZ,2025-01-13 05:00:00,56.17,2026-01-09 05:00:00,54.8475,-0.023544596759836334,False,False,True,True,True,False,Staples
MDLZ,2025-01-15 05:00:00,56.64,2026-01-09 05:00:00,54.8475,-0.03164724576271194,False,False,True,True,True,False,Staples
MDLZ,2025-11-03 05:00:00,56.65,2026-01-09 05:00:00,54.8475,-0.03181818181818186,False,False,True,False,True,False,Staples
MDLZ,2025-11-04 05:00:00,56.08,2026-01-09 05:00:00,54.8475,-0.02197753209700426,False,False,True,False,True,False,Staples
MDLZ,2025-11-05 05:00:00,56.02,2026-01-09 05:00:00,54.8475,-0.02093002499107477,False,False,True,False,True,False,Staples
MDLZ,2025-11-06 05:00:00,56.19,2026-01-09 05:00:00,54.8475,-0.023892151628403635,False,False,True,False,True,False,Staples
MDLZ,2026-01-07 05:00:00,51.51,2026-01-09 05:00:00,54.8475,0.06479324403028541,False,False,False,True,True,False,Staples
PNC,2025-03-11 04:00:00,170.06,2026-01-09 05:00:00,218.7,0.2860166999882394,False,False,False,True,True,False,Finance
PNC,2025-03-12 04:00:00,171.01,2026-01-09 05:00:00,218.7,0.27887258055084496,False,False,False,True,True,False,Finance
PNC,2025-03-13 04:00:00,168.84,2026-01-09 05:00:00,218.7,0.29530916844349675,False,False,False,True,True,False,Finance
PNC,2025-04-03 04:00:00,161.29,2026-01-09 05:00:00,218.7,0.3559427118854237,False,False,False,True,True,False,Finance
PNC,2025-04-04 04:00:00,153.1,2026-01-09 05:00:00,218.7,0.4284781188765512,False,False,False,True,True,False,Finance
PNC,2025-04-07 04:00:00,152.81,2026-01-09 05:00:00,218.7,0.43118905830770227,False,False,True,False,True,False,Finance
PNC,2025-04-08 04:00:00,149.76,2026-01-09 05:00:00,218.7,0.46033653846153855,False,False,True,False,True,False,Finance
SHW,2025-04-08 04:00:00,313.51,2026-01-09 05:00:00,352.86,0.12551433766068065,False,False,False,True,True,False,Materials
CDNS,2025-02-21 05:00:00,258.34,2026-01-09 05:00:00,325.04,0.25818688549972935,False,False,False,False,True,True,Tech
CDNS,2025-02-24 05:00:00,252.95,2026-01-09 05:00:00,325.04,0.2849970349871518,False,False,True,False,True,False,Tech
CDNS,2025-02-25 05:00:00,248.9,2026-01-09 05:00:00,325.04,0.30590598633989563,False,False,True,False,True,False,Tech
CDNS,2025-02-27 05:00:00,248.56,2026-01-09 05:00:00,325.04,0.3076923076923077,False,False,True,False,True,False,Tech
CDNS,2025-02-28 05:00:00,250.5,2026-01-09 05:00:00,325.04,0.2975648702594811,False,False,True,False,True,False,Tech
CDNS,2025-03-03 05:00:00,241.74,2026-01-09 05:00:00,325.04,0.3445850914205344,False,False,True,False,False,False,Tech
CDNS,2025-03-04 05:00:00,241.29,2026-01-09 05:00:00,325.04,0.34709271001699205,False,False,True,False,False,False,Tech
CDNS,2025-03-05 05:00:00,244.7,2026-01-09 05:00:00,325.04,0.3283203923171232,False,False,True,False,False,False,Tech
CDNS,2025-03-06 05:00:00,243.16,2026-01-09 05:00:00,325.04,0.336733015298569,False,False,True,False,False,False,Tech
CDNS,2025-03-07 05:00:00,243.21,2026-01-09 05:00:00,325.04,0.33645820484355093,False,False,True,False,False,False,Tech
CDNS,2025-03-10 04:00:00,233.96,2026-01-09 05:00:00,325.04,0.38929731578047533,False,False,True,False,True,False,Tech
CDNS,2025-03-11 04:00:00,234.25,2026-01-09 05:00:00,325.04,0.3875773745997866,False,False,True,False,True,False,Tech
CDNS,2025-11-21 05:00:00,300.58,2026-01-09 05:00:00,325.04,0.08137600638765075,False,False,True,False,False,False,Tech
PYPL,2025-02-26 05:00:00,72.05,2026-01-09 05:00:00,57.6172,-0.20031644691186679,False,False,True,True,True,False,Finance
PYPL,2025-02-27 05:00:00,70.73,2026-01-09 05:00:00,57.6172,-0.18539233705641178,False,False,True,True,True,False,Finance
PYPL,2025-02-28 05:00:00,71.05,2026-01-09 05:00:00,57.6172,-0.1890612244897959,False,False,True,True,True,False,Finance
PYPL,2025-03-03 05:00:00,69.75,2026-01-09 05:00:00,57.6172,-0.17394695340501798,False,False,True,False,True,False,Finance
PYPL,2025-03-04 05:00:00,67.48,2026-01-09 05:00:00,57.6172,-0.14615886188500304,False,False,True,False,True,False,Finance
PYPL,2025-03-06 05:00:00,68.08,2026-01-09 05:00:00,57.6172,-0.153683901292597,False,False,True,False,True,False,Finance
PYPL,2025-04-03 04:00:00,61.71,2026-01-09 05:00:00,57.6172,-0.06632312429103882,False,False,False,False,True,False,Finance
PYPL,2025-04-04 04:00:00,58.37,2026-01-09 05:00:00,57.6172,-0.01289703614870652,False,True,False,False,True,True,Finance
PYPL,2025-04-07 04:00:00,58.53,2026-01-09 05:00:00,57.6172,-0.01559542115154633,False,True,True,False,False,False,Finance
PYPL,2025-04-08 04:00:00,57.41,2026-01-09 05:00:00,57.6172,0.003609127329733397,False,True,True,False,False,False,Finance
PYPL,2025-11-20 05:00:00,58.105,2026-01-09 05:00:00,57.6172,-0.008395146717150026,False,False,True,False,False,False,Finance
CL,2025-01-07 05:00:00,87.39,2026-01-09 05:00:00,80.535,-0.07844146927566087,True,False,True,True,True,False,Staples
CL,2025-01-10 05:00:00,86.36,2026-01-09 05:00:00,80.535,-0.06745020842982863,False,False,True,True,True,False,Staples
CL,2025-01-13 05:00:00,87.1,2026-01-09 05:00:00,80.535,-0.07537313432835824,False,False,True,False,True,False,Staples
CL,2025-07-31 04:00:00,83.85,2026-01-09 05:00:00,80.535,-0.03953488372093017,False,False,True,False,True,True,Staples
CL,2025-08-01 04:00:00,83.51,2026-01-09 05:00:00,80.535,-0.035624476110645564,False,False,True,False,True,False,Staples
CL,2025-08-04 04:00:00,83.36,2026-01-09 05:00:00,80.535,-0.03388915547024951,False,False,False,False,True,False,Staples
CL,2025-08-05 04:00:00,83.06,2026-01-09 05:00:00,80.535,-0.030399711052251477,False,False,False,False,True,False,Staples
INTC,2025-04-08 04:00:00,18.13,2026-01-09 05:00:00,45.2254,1.4945063430777719,False,True,True,False,True,False,Tech
INTC,2025-08-01 04:00:00,19.31,2026-01-09 05:00:00,45.2254,1.3420714655618853,False,False,True,True,True,False,Tech
USB,2025-03-10 04:00:00,42.37,2026-01-09 05:00:00,55.395,0.3074109039414681,False,False,False,True,True,True,Finance
USB,2025-03-11 04:00:00,41.56,2026-01-09 05:00:00,55.395,0.3328922040423483,False,False,False,True,True,False,Finance
USB,2025-03-12 04:00:00,41.68,2026-01-09 05:00:00,55.395,0.3290547024952015,False,False,False,True,True,False,Finance
USB,2025-03-13 04:00:00,40.92,2026-01-09 05:00:00,55.395,0.35373900293255134,False,False,False,True,True,False,Finance
USB,2025-04-03 04:00:00,38.79,2026-01-09 05:00:00,55.395,0.42807424593967536,False,False,False,False,True,False,Finance
USB,2025-04-04 04:00:00,36.83,2026-01-09 05:00:00,55.395,0.5040727667662233,False,False,False,False,True,False,Finance
USB,2025-04-07 04:00:00,36.8,2026-01-09 05:00:00,55.395,0.5052989130434784,False,False,True,False,True,False,Finance
USB,2025-04-08 04:00:00,36.4,2026-01-09 05:00:00,55.395,0.5218406593406595,False,False,True,False,True,False,Finance
CTAS,2025-01-02 05:00:00,182.09,2026-01-06 05:00:00,187.38,0.029051567905980624,True,False,True,False,False,False,Other
CMG,2025-02-21 05:00:00,51.51,2026-01-09 05:00:00,39.915,-0.2251019219569016,False,False,False,False,False,False,Consumer
CMG,2025-02-24 05:00:00,51.21,2026-01-09 05:00:00,39.915,-0.22056239015817225,False,False,True,True,True,False,Consumer
CMG,2025-03-13 04:00:00,48.73,2026-01-09 05:00:00,39.915,-0.18089472604145285,False,False,False,False,False,False,Consumer
CMG,2025-07-24 04:00:00,45.74,2026-01-09 05:00:00,39.915,-0.12735024048972454,False,False,True,True,True,True,Consumer
CMG,2025-07-28 04:00:00,44.86,2026-01-09 05:00:00,39.915,-0.11023183236736511,False,False,True,True,True,False,Consumer
CMG,2025-07-29 04:00:00,44.38,2026-01-09 05:00:00,39.915,-0.1006083821541236,False,False,True,True,True,False,Consumer
CMG,2025-07-30 04:00:00,43.76,2026-01-09 05:00:00,39.915,-0.08786563071297981,False,False,True,True,True,False,Consumer
CMG,2025-07-31 04:00:00,42.88,2026-01-09 05:00:00,39.915,-0.06914645522388063,False,False,True,True,True,False,Consumer
CMG,2025-08-01 04:00:00,42.52,2026-01-09 05:00:00,39.915,-0.06126528692380062,False,False,True,True,True,False,Consumer
CMG,2025-08-04 04:00:00,42.88,2026-01-09 05:00:00,39.915,-0.06914645522388063,False,False,True,False,False,False,Consumer
CMG,2025-08-05 04:00:00,42.63,2026-01-09 05:00:00,39.915,-0.0636875439831106,False,False,True,False,False,False,Consumer
CMG,2025-08-06 04:00:00,42.69,2026-01-09 05:00:00,39.915,-0.06500351370344337,False,False,True,False,False,False,Consumer
CMG,2025-08-07 04:00:00,42.69,2026-01-09 05:00:00,39.915,-0.06500351370344337,False,False,True,False,False,False,Consumer
CMG,2025-08-08 04:00:00,41.44,2026-01-09 05:00:00,39.915,-0.036800193050193,False,True,True,False,False,False,Consumer
CMG,2025-08-11 04:00:00,41.62,2026-01-09 05:00:00,39.915,-0.040965881787602076,False,True,True,False,False,False,Consumer
CMG,2025-09-05 04:00:00,41.06,2026-01-09 05:00:00,39.915,-0.02788602045786659,False,False,True,True,True,False,Consumer
CMG,2025-09-08 04:00:00,39.65,2026-01-09 05:00:00,39.915,0.006683480453972379,False,True,True,False,True,True,Consumer
CMG,2025-09-09 04:00:00,39.46,2026-01-09 05:00:00,39.915,0.011530663963507326,False,True,True,False,True,False,Consumer
CMG,2025-09-10 04:00:00,38.71,2026-01-09 05:00:00,39.915,0.03112890725910611,False,True,True,False,True,False,Consumer
CMG,2025-09-11 04:00:00,38.96,2026-01-09 05:00:00,39.915,0.024512320328542003,False,True,True,False,True,False,Consumer
CMG,2025-09-12 04:00:00,38.63,2026-01-09 05:00:00,39.915,0.03326430235568201,False,True,True,False,True,False,Consumer
CMG,2025-09-15 04:00:00,38.58,2026-01-09 05:00:00,39.915,0.03460342146189732,False,True,True,False,True,False,Consumer
CMG,2025-10-30 04:00:00,32.53,2026-01-09 05:00:00,39.915,0.227021211189671,False,True,False,False,True,True,Consumer
CMG,2025-10-31 04:00:00,31.69,2026-01-09 05:00:00,39.915,0.2595455979804353,False,True,False,False,True,True,Consumer
CMG,2025-11-03 05:00:00,31.51,2026-01-09 05:00:00,39.915,0.2667407172326244,False,True,True,False,True,False,Consumer
CMG,2025-11-04 05:00:00,31.74,2026-01-09 05:00:00,39.915,0.25756143667296794,False,True,True,False,True,False,Consumer
CMG,2025-11-05 05:00:00,31.97,2026-01-09 05:00:00,39.915,0.24851423209258683,False,True,True,False,True,False,Consumer
CMG,2025-11-06 05:00:00,30.56,2026-01-09 05:00:00,39.915,0.3061191099476439,False,True,True,False,True,False,Consumer
CMG,2025-11-07 05:00:00,30.59,2026-01-09 05:00:00,39.915,0.304838182412553,False,True,True,False,True,False,Consumer
CMG,2025-11-10 05:00:00,30.48,2026-01-09 05:00:00,39.915,0.3095472440944882,False,True,True,False,False,False,Consumer
CMG,2025-11-11 05:00:00,29.81,2026-01-09 05:00:00,39.915,0.33898020798389794,False,True,True,False,False,False,Consumer
CMG,2025-11-12 05:00:00,31.32,2026-01-09 05:00:00,39.915,0.27442528735632177,False,True,True,False,False,False,Consumer
CMG,2025-11-13 05:00:00,31.38,2026-01-09 05:00:00,39.915,0.2719885277246654,False,True,True,False,False,False,Consumer
CMG,2025-11-17 05:00:00,30.53,2026-01-09 05:00:00,39.915,0.307402554864068,False,True,True,False,True,False,Consumer
CMG,2025-11-18 05:00:00,30.76,2026-01-09 05:00:00,39.915,0.29762678803641074,False,True,True,False,True,False,Consumer
CMG,2025-11-20 05:00:00,30.35,2026-01-09 05:00:00,39.915,0.315156507413509,False,True,True,False,True,False,Consumer
MCO,2025-04-07 04:00:00,398.0,2026-01-09 05:00:00,533.8,0.34120603015075357,False,False,True,False,True,True,Other
MCO,2025-04-08 04:00:00,396.7,2026-01-09 05:00:00,533.8,0.34560120998235444,False,False,True,False,True,False,Other
AON,2025-10-28 04:00:00,329.96,2026-01-09 05:00:00,351.405,0.06499272639107767,False,False,True,True,False,False,Other
AON,2025-10-29 04:00:00,326.07,2026-01-09 05:00:00,351.405,0.07769804029809535,False,False,True,True,False,False,Other
AON,2025-10-30 04:00:00,328.19,2026-01-09 05:00:00,351.405,0.07073646363387054,False,False,True,True,False,False,Other
ZTS,2025-04-07 04:00:00,149.1,2026-01-09 05:00:00,127.6286,-0.14400670690811523,False,False,False,True,True,False,Health
ZTS,2025-04-08 04:00:00,144.41,2026-01-09 05:00:00,127.6286,-0.11620663388961983,False,False,False,True,True,False,Health
ZTS,2025-07-18 04:00:00,148.6,2026-01-09 05:00:00,127.6286,-0.14112651413189758,False,False,False,True,True,False,Health
ZTS,2025-07-21 04:00:00,147.37,2026-01-09 05:00:00,127.6286,-0.1339580647350207,False,False,True,False,True,False,Health
ZTS,2025-09-23 04:00:00,142.61,2026-01-09 05:00:00,127.6286,-0.10505153916275156,False,False,True,False,True,False,Health
ZTS,2025-09-24 04:00:00,141.67,2026-01-09 05:00:00,127.6286,-0.09911343262511463,False,False,True,False,True,False,Health
ZTS,2025-09-25 04:00:00,141.13,2026-01-09 05:00:00,127.6286,-0.09566640685892436,False,False,True,False,True,False,Health
ZTS,2025-11-04 05:00:00,124.46,2026-01-09 05:00:00,127.6286,0.02545878193797213,False,True,False,False,True,True,Health
ZTS,2025-11-05 05:00:00,120.49,2026-01-09 05:00:00,127.6286,0.05924641049049728,False,True,False,False,True,True,Health
ZTS,2025-11-06 05:00:00,119.56,2026-01-09 05:00:00,127.6286,0.06748578119772497,False,True,False,False,True,False,Health
ZTS,2025-11-07 05:00:00,120.24,2026-01-09 05:00:00,127.6286,0.06144876912841002,False,True,False,False,True,False,Health
ZTS,2025-11-10 05:00:00,119.79,2026-01-09 05:00:00,127.6286,0.06543617998163453,False,True,True,True,True,False,Health
ZTS,2025-11-11 05:00:00,120.12,2026-01-09 05:00:00,127.6286,0.06250915750915742,False,True,True,True,True,False,Health
ZTS,2025-11-12 05:00:00,121.25,2026-01-09 05:00:00,127.6286,0.05260701030927839,False,True,True,True,True,False,Health
ZTS,2025-11-13 05:00:00,121.16,2026-01-09 05:00:00,127.6286,0.05338890723010903,False,True,True,True,True,False,Health
ZTS,2025-11-14 05:00:00,120.82,2026-01-09 05:00:00,127.6286,0.056353252772719964,False,True,True,True,True,False,Health
ZTS,2025-11-17 05:00:00,118.8,2026-01-09 05:00:00,127.6286,0.07431481481481494,False,True,True,False,False,False,Health
ZTS,2025-11-18 05:00:00,118.14,2026-01-09 05:00:00,127.6286,0.080316573556797,False,True,True,False,False,False,Health
ZTS,2025-11-19 05:00:00,117.08,2026-01-09 05:00:00,127.6286,0.09009736932012302,False,True,True,False,False,False,Health
ZTS,2025-11-20 05:00:00,115.89,2026-01-09 05:00:00,127.6286,0.10129087928207792,False,True,True,False,False,False,Health
ZTS,2025-12-09 05:00:00,115.75,2026-01-09 05:00:00,127.6286,0.1026228941684666,False,True,False,False,False,False,Health
ITW,2025-04-07 04:00:00,221.75,2026-01-09 05:00:00,254.335,0.1469447576099212,False,False,True,False,True,False,Industrial
ITW,2025-04-08 04:00:00,218.41,2026-01-09 05:00:00,254.335,0.16448422691268716,False,False,True,False,True,False,Industrial
EMR,2025-04-03 04:00:00,101.89,2026-01-09 05:00:00,144.14,0.4146628717244085,False,False,False,True,True,False,Industrial
EMR,2025-04-04 04:00:00,94.57,2026-01-09 05:00:00,144.14,0.5241619964047795,False,False,False,True,True,False,Industrial
EMR,2025-04-07 04:00:00,96.97,2026-01-09 05:00:00,144.14,0.4864391048777972,False,False,True,False,False,False,Industrial
EMR,2025-04-08 04:00:00,94.15,2026-01-09 05:00:00,144.14,0.5309612320764734,False,False,True,False,False,False,Industrial
EOG,2025-04-04 04:00:00,110.55,2026-01-09 05:00:00,105.38,-0.04676616915422882,False,False,False,True,True,True,Energy
EOG,2025-04-07 04:00:00,109.03,2026-01-09 05:00:00,105.38,-0.03347702467210867,False,False,False,False,True,True,Energy
EOG,2025-04-08 04:00:00,104.96,2026-01-09 05:00:00,105.38,0.004001524390243816,False,False,False,False,True,False,Energy
EOG,2025-10-17 04:00:00,106.22,2026-01-09 05:00:00,105.38,-0.007908115232536317,False,False,True,False,False,False,Energy
EOG,2025-10-21 04:00:00,106.04,2026-01-09 05:00:00,105.38,-0.006224066390041583,False,False,True,False,True,False,Energy
MAR,2025-03-12 04:00:00,243.81,2026-01-09 05:00:00,329.09,0.3497805668348304,False,False,False,True,True,False,Consumer
MAR,2025-03-13 04:00:00,237.29,2026-01-09 05:00:00,329.09,0.3868683888912301,False,False,False,True,True,False,Consumer
MAR,2025-03-14 04:00:00,243.11,2026-01-09 05:00:00,329.09,0.3536670642918842,False,False,False,True,True,False,Consumer
MAR,2025-03-18 04:00:00,240.39,2026-01-09 05:00:00,329.09,0.3689837347643412,False,False,True,False,False,False,Consumer
MAR,2025-04-04 04:00:00,214.58,2026-01-09 05:00:00,329.09,0.5336471246155279,False,False,True,True,False,False,Consumer
MAR,2025-04-07 04:00:00,213.36,2026-01-09 05:00:00,329.09,0.5424165729283836,False,False,True,False,True,False,Consumer
MAR,2025-04-08 04:00:00,211.12,2026-01-09 05:00:00,329.09,0.5587817355058733,False,False,True,False,True,False,Consumer
CEG,2025-03-05 05:00:00,229.32,2026-01-09 05:00:00,338.75,0.4771934414791559,False,False,True,False,False,False,Utilities
CEG,2025-03-06 05:00:00,207.69,2026-01-09 05:00:00,338.75,0.6310366411478647,False,False,True,False,False,False,Utilities
CEG,2025-03-07 05:00:00,212.54,2026-01-09 05:00:00,338.75,0.593817634327656,False,False,True,False,False,False,Utilities
CEG,2025-03-10 04:00:00,202.21,2026-01-09 05:00:00,338.75,0.6752386133227832,False,False,True,False,False,False,Utilities
CEG,2025-03-11 04:00:00,208.58,2026-01-09 05:00:00,338.75,0.6240770927222168,False,False,True,False,False,False,Utilities
CEG,2025-04-04 04:00:00,170.96,2026-01-09 05:00:00,338.75,0.9814576509124942,False,True,False,True,True,True,Utilities
MSI,2025-04-08 04:00:00,394.72,2026-01-09 05:00:00,382.81,-0.030173287393595483,False,False,False,False,True,False,Other
MSI,2025-11-03 05:00:00,391.5,2026-01-09 05:00:00,382.81,-0.022196679438058697,False,False,True,False,True,True,Other
MSI,2025-11-04 05:00:00,394.24,2026-01-09 05:00:00,382.81,-0.028992491883116922,False,False,True,False,True,True,Other
MSI,2025-11-05 05:00:00,394.49,2026-01-09 05:00:00,382.81,-0.029607848107683354,False,False,True,False,True,False,Other
MSI,2025-11-06 05:00:00,389.1,2026-01-09 05:00:00,382.81,-0.016165510151632034,False,False,True,False,True,False,Other
MSI,2025-11-07 05:00:00,390.75,2026-01-09 05:00:00,382.81,-0.020319897632757544,False,False,True,False,True,False,Other
MSI,2025-11-10 05:00:00,394.0,2026-01-09 05:00:00,382.81,-0.02840101522842642,False,False,True,False,False,False,Other
MSI,2025-11-11 05:00:00,391.96,2026-01-09 05:00:00,382.81,-0.023344218797836436,False,False,True,False,False,False,Other
MSI,2025-11-12 05:00:00,391.97,2026-01-09 05:00:00,382.81,-0.023369135393014884,False,False,True,False,False,False,Other
MSI,2025-11-13 05:00:00,383.38,2026-01-09 05:00:00,382.81,-0.0014867755229798219,False,False,True,False,False,False,Other
MSI,2025-11-14 05:00:00,379.98,2026-01-09 05:00:00,382.81,0.0074477604084424165,False,False,True,False,False,False,Other
MSI,2025-11-17 05:00:00,377.69,2026-01-09 05:00:00,382.81,0.013556090974079282,False,False,True,False,True,False,Other
MSI,2025-11-18 05:00:00,372.36,2026-01-09 05:00:00,382.81,0.028064238908583006,False,False,True,False,True,False,Other
MSI,2025-11-19 05:00:00,371.51,2026-01-09 05:00:00,382.81,0.03041640871039819,False,False,True,False,True,False,Other
MSI,2025-11-20 05:00:00,367.04,2026-01-09 05:00:00,382.81,0.042965344376634684,False,False,True,False,True,False,Other
MSI,2025-11-21 05:00:00,368.99,2026-01-09 05:00:00,382.81,0.03745358952817157,False,False,True,False,True,False,Other
MSI,2025-11-24 05:00:00,368.33,2026-01-09 05:00:00,382.81,0.03931257296446122,False,False,True,False,False,False,Other
MSI,2025-11-25 05:00:00,369.51,2026-01-09 05:00:00,382.81,0.03599361316337846,False,False,True,False,False,False,Other
MSI,2025-11-26 05:00:00,369.5,2026-01-09 05:00:00,382.81,0.03602165087956699,False,False,True,False,False,False,Other
MSI,2025-11-28 05:00:00,369.68,2026-01-09 05:00:00,382.81,0.035517204068383545,False,False,True,False,False,False,Other
MSI,2025-12-01 05:00:00,373.35,2026-01-09 05:00:00,382.81,0.025338154546671987,False,False,True,False,True,False,Other
MSI,2025-12-04 05:00:00,371.49,2026-01-09 05:00:00,382.81,0.03047188349619101,False,False,True,False,True,False,Other
MSI,2025-12-11 05:00:00,368.05,2026-01-09 05:00:00,382.81,0.040103246841461715,False,False,False,True,True,False,Other
MSI,2025-12-12 05:00:00,364.7,2026-01-09 05:00:00,382.81,0.04965725253633124,False,False,False,True,True,False,Other
MSI,2025-12-15 05:00:00,364.84,2026-01-09 05:00:00,382.81,0.049254467711873806,False,False,False,False,True,False,Other
MSI,2025-12-16 05:00:00,363.83,2026-01-09 05:00:00,382.81,0.05216722095484161,False,False,False,False,True,False,Other
GD,2025-02-14 05:00:00,241.94,2026-01-09 05:00:00,353.39,0.46065140117384473,False,False,True,True,False,False,Industrial
GD,2025-02-18 05:00:00,242.6,2026-01-09 05:00:00,353.39,0.45667765869744437,False,False,True,False,True,False,Industrial
HCA,2025-01-02 05:00:00,297.75,2026-01-06 05:00:00,483.6,0.6241813602015114,True,False,True,True,False,False,Other
HCA,2025-01-03 05:00:00,296.7,2026-01-07 05:00:00,470.65,0.5862824401752611,True,False,True,True,False,False,Other
HCA,2025-01-06 05:00:00,296.92,2026-01-08 05:00:00,479.02,0.6132965108446717,True,False,True,True,True,False,Other
FDX,2025-02-03 05:00:00,247.34,2026-01-09 05:00:00,311.51,0.25944044634915486,False,False,True,True,True,True,Industrial
FDX,2025-03-21 04:00:00,230.33,2026-01-09 05:00:00,311.51,0.3524508314157946,False,False,True,True,False,True,Industrial
FDX,2025-04-03 04:00:00,215.86,2026-01-09 05:00:00,311.51,0.44311127582692467,False,False,True,True,False,True,Industrial
FDX,2025-04-04 04:00:00,210.12,2026-01-09 05:00:00,311.51,0.482533790215115,False,True,True,True,False,False,Industrial
FDX,2025-04-07 04:00:00,205.23,2026-01-09 05:00:00,311.51,0.5178580129610681,False,True,False,False,True,False,Industrial
FDX,2025-04-08 04:00:00,198.07,2026-01-09 05:00:00,311.51,0.5727268137527137,False,True,False,False,True,False,Industrial
NSC,2025-04-04 04:00:00,210.93,2026-01-09 05:00:00,287.345,0.36227658464893575,False,False,True,True,True,False,Industrial
NSC,2025-04-07 04:00:00,208.05,2026-01-09 05:00:00,287.345,0.38113434270608026,False,False,True,False,True,False,Industrial
NSC,2025-04-08 04:00:00,206.34,2026-01-09 05:00:00,287.345,0.39258020742463895,False,False,True,False,True,False,Industrial
ABNB,2025-04-04 04:00:00,106.66,2026-01-09 05:00:00,139.91,0.3117382336396024,False,True,False,False,True,False,Consumer
ABNB,2025-04-07 04:00:00,106.3,2026-01-09 05:00:00,139.91,0.31618062088428966,False,True,True,False,False,False,Consumer
ABNB,2025-04-08 04:00:00,105.69,2026-01-09 05:00:00,139.91,0.3237770839246854,False,True,True,False,False,False,Consumer
ABNB,2025-08-07 04:00:00,120.03,2026-01-09 05:00:00,139.91,0.16562526035157865,False,False,False,True,True,True,Consumer
ABNB,2025-08-08 04:00:00,121.02,2026-01-09 05:00:00,139.91,0.1560899024954554,False,False,False,True,True,False,Consumer
ABNB,2025-08-11 04:00:00,118.3,2026-01-09 05:00:00,139.91,0.1826711749788672,False,False,True,False,False,False,Consumer
ABNB,2025-11-19 05:00:00,114.44,2026-01-09 05:00:00,139.91,0.2225620412443201,False,False,True,True,False,False,Consumer
ABNB,2025-11-20 05:00:00,111.54,2026-01-09 05:00:00,139.91,0.2543482158866772,False,False,True,True,False,False,Consumer
AJG,2025-10-20 04:00:00,279.26,2026-01-09 05:00:00,264.775,-0.05186922581107212,False,False,True,False,True,False,Other
AJG,2025-10-21 04:00:00,279.01,2026-01-09 05:00:00,264.775,-0.05101967671409635,False,False,True,False,True,False,Other
AJG,2025-10-28 04:00:00,267.5,2026-01-09 05:00:00,264.775,-0.01018691588785059,False,False,True,False,False,True,Other
AJG,2025-10-29 04:00:00,262.02,2026-01-09 05:00:00,264.775,0.010514464544691293,False,False,True,False,False,True,Other
AJG,2025-10-30 04:00:00,262.03,2026-01-09 05:00:00,264.775,0.01047589970614049,False,False,True,False,False,False,Other
AJG,2025-10-31 04:00:00,249.49,2026-01-09 05:00:00,264.775,0.06126498056034291,False,False,True,False,False,True,Other
AJG,2025-11-03 05:00:00,242.98,2026-01-09 05:00:00,264.775,0.08969874063708949,False,False,False,True,True,False,Other
AJG,2025-11-04 05:00:00,251.7,2026-01-09 05:00:00,264.775,0.05194676201827564,False,False,False,True,True,False,Other
AJG,2025-11-05 05:00:00,248.05,2026-01-09 05:00:00,264.775,0.06742592219310617,False,False,False,True,True,False,Other
AJG,2025-11-06 05:00:00,245.24,2026-01-09 05:00:00,264.775,0.07965666286087081,False,False,False,True,True,False,Other
AJG,2025-12-05 05:00:00,239.71,2026-01-09 05:00:00,264.775,0.10456384798297935,False,False,True,True,True,False,Other
AJG,2025-12-08 05:00:00,237.85,2026-01-09 05:00:00,264.775,0.11320159764557491,False,False,True,True,True,False,Other
CSX,2025-03-11 04:00:00,29.52,2026-01-09 05:00:00,35.245,0.19393631436314362,False,False,True,True,True,False,Industrial
CSX,2025-03-12 04:00:00,29.55,2026-01-09 05:00:00,35.245,0.1927241962774957,False,False,True,True,True,False,Industrial
CSX,2025-03-13 04:00:00,29.13,2026-01-09 05:00:00,35.245,0.2099210435976655,False,False,True,True,True,False,Industrial
CSX,2025-04-03 04:00:00,27.99,2026-01-09 05:00:00,35.245,0.2591997141836371,False,False,True,False,True,False,Industrial
CSX,2025-04-04 04:00:00,27.21,2026-01-09 05:00:00,35.245,0.2952958471150311,False,False,True,False,True,False,Industrial
CSX,2025-04-07 04:00:00,27.09,2026-01-09 05:00:00,35.245,0.3010335917312661,False,False,True,False,True,True,Industrial
CSX,2025-04-08 04:00:00,26.69,2026-01-09 05:00:00,35.245,0.3205320344698388,False,False,True,False,True,False,Industrial
FCX,2025-01-02 05:00:00,37.88,2026-01-06 05:00:00,56.15,0.48231256599788797,True,False,True,True,False,False,Materials
FCX,2025-01-03 05:00:00,37.71,2026-01-07 05:00:00,55.5,0.4717581543357199,True,False,True,True,False,False,Materials
FCX,2025-01-27 05:00:00,36.67,2026-01-09 05:00:00,56.575,0.5428142896100354,False,False,False,False,True,False,Materials
FCX,2025-01-28 05:00:00,35.84,2026-01-09 05:00:00,56.575,0.5785435267857142,False,False,False,False,True,False,Materials
FCX,2025-04-04 04:00:00,29.15,2026-01-09 05:00:00,56.575,0.9408233276157807,False,True,False,False,True,True,Materials
FCX,2025-04-08 04:00:00,29.21,2026-01-09 05:00:00,56.575,0.9368366997603561,False,True,True,False,False,False,Materials
FCX,2025-09-24 04:00:00,37.67,2026-01-09 05:00:00,56.575,0.5018582426333953,False,False,True,True,True,True,Materials
FCX,2025-09-25 04:00:00,35.34,2026-01-09 05:00:00,56.575,0.6008771929824561,False,False,True,True,True,True,Materials
FCX,2025-09-26 04:00:00,35.75,2026-01-09 05:00:00,56.575,0.5825174825174826,False,False,True,True,True,False,Materials
CARR,2025-02-03 05:00:00,63.15,2026-01-09 05:00:00,55.765,-0.11694378463974664,False,False,True,True,True,False,Other
CARR,2025-04-04 04:00:00,57.18,2026-01-09 05:00:00,55.765,-0.02474641483036022,False,False,True,True,True,False,Other
CARR,2025-04-07 04:00:00,56.83,2026-01-09 05:00:00,55.765,-0.018740102058771746,False,False,True,False,False,False,Other
CARR,2025-04-08 04:00:00,55.55,2026-01-09 05:00:00,55.765,0.003870387038704015,False,False,True,False,False,False,Other
CARR,2025-08-06 04:00:00,66.11,2026-01-09 05:00:00,55.765,-0.15648162153985778,False,False,False,False,False,False,Other
CARR,2025-08-11 04:00:00,64.88,2026-01-09 05:00:00,55.765,-0.14049013563501844,False,False,True,False,False,False,Other
CARR,2025-09-24 04:00:00,58.99,2026-01-09 05:00:00,55.765,-0.054670283098830375,False,False,True,False,False,False,Other
CARR,2025-09-25 04:00:00,58.75,2026-01-09 05:00:00,55.765,-0.05080851063829783,False,False,True,False,False,False,Other
CARR,2025-09-26 04:00:00,58.84,2026-01-09 05:00:00,55.765,-0.05226036709721282,False,False,True,False,False,False,Other
CARR,2025-10-10 04:00:00,56.66,2026-01-09 05:00:00,55.765,-0.01579597599717608,False,False,True,False,True,False,Other
CARR,2025-11-18 05:00:00,52.01,2026-01-09 05:00:00,55.765,0.07219765429725067,False,False,True,True,True,False,Other
CARR,2025-11-19 05:00:00,51.25,2026-01-09 05:00:00,55.765,0.08809756097560983,False,True,True,True,True,False,Other
CARR,2025-11-20 05:00:00,50.36,2026-01-09 05:00:00,55.765,0.10732724384432091,False,True,True,True,True,False,Other
HLT,2025-04-04 04:00:00,208.85,2026-01-09 05:00:00,300.52,0.43892745989944926,False,False,False,True,False,False,Consumer
HLT,2025-04-07 04:00:00,204.14,2026-01-09 05:00:00,300.52,0.47212697168609785,False,False,True,False,True,True,Consumer
HLT,2025-04-08 04:00:00,201.28,2026-01-09 05:00:00,300.52,0.49304451510333847,False,False,True,False,True,False,Consumer
BDX,2025-04-08 04:00:00,200.83,2026-01-09 05:00:00,203.7,0.01429069362147084,False,False,True,False,True,False,Other
BDX,2025-04-10 04:00:00,199.12,2026-01-09 05:00:00,203.7,0.023001205303334604,False,False,True,False,True,False,Other
BDX,2025-05-01 04:00:00,169.54,2026-01-09 05:00:00,203.7,0.20148637489677945,False,True,True,False,True,True,Other
BDX,2025-05-02 04:00:00,168.78,2026-01-09 05:00:00,203.7,0.2068965517241379,False,True,True,False,True,True,Other
BDX,2025-05-05 04:00:00,167.0,2026-01-09 05:00:00,203.7,0.2197604790419161,False,True,False,True,False,False,Other
BDX,2025-05-06 04:00:00,165.15,2026-01-09 05:00:00,203.7,0.23342415985467735,False,True,False,True,False,False,Other
BDX,2025-05-07 04:00:00,167.14,2026-01-09 05:00:00,203.7,0.218738781859519,False,True,False,True,False,False,Other
BDX,2025-05-08 04:00:00,167.95,2026-01-09 05:00:00,203.7,0.21286097052694264,False,True,False,True,False,False,Other
BDX,2025-05-09 04:00:00,167.22,2026-01-09 05:00:00,203.7,0.21815572299964114,False,True,False,True,False,False,Other
PCAR,2025-04-04 04:00:00,90.88,2026-01-09 05:00:00,118.32,0.30193661971830976,False,False,True,False,True,False,Other
PCAR,2025-04-07 04:00:00,88.14,2026-01-09 05:00:00,118.32,0.34240980258679365,False,False,True,False,True,False,Other
PCAR,2025-04-08 04:00:00,86.4,2026-01-09 05:00:00,118.32,0.36944444444444424,False,False,True,False,True,False,Other
OKE,2025-04-04 04:00:00,80.86,2026-01-09 05:00:00,72.38,-0.10487261934207281,False,False,False,False,True,True,Energy
OKE,2025-04-07 04:00:00,80.91,2026-01-09 05:00:00,72.38,-0.10542578173278949,False,False,True,False,False,True,Energy
OKE,2025-04-08 04:00:00,78.71,2026-01-09 05:00:00,72.38,-0.08042180154999368,False,False,True,False,False,False,Energy
OKE,2025-10-10 04:00:00,69.09,2026-01-09 05:00:00,72.38,0.04761904761904745,False,False,False,False,True,False,Energy
OKE,2025-10-15 04:00:00,68.92,2026-01-09 05:00:00,72.38,0.0502031340684852,False,False,True,True,True,False,Energy
OKE,2025-10-16 04:00:00,67.22,2026-01-09 05:00:00,72.38,0.07676286819398981,False,False,True,True,True,False,Energy
OKE,2025-11-03 05:00:00,65.36,2026-01-09 05:00:00,72.38,0.10740514075887386,False,False,False,False,True,False,Energy
OKE,2025-11-04 05:00:00,64.31,2026-01-09 05:00:00,72.38,0.12548592753848542,False,False,False,False,True,False,Energy
DLR,2025-03-06 05:00:00,148.42,2026-01-09 05:00:00,157.395,0.060470287023312475,False,False,True,False,True,False,RealEstate
DLR,2025-03-10 04:00:00,145.63,2026-01-09 05:00:00,157.395,0.08078692577078916,False,False,True,False,False,False,RealEstate
DLR,2025-12-17 05:00:00,148.39,2026-01-09 05:00:00,157.395,0.060684682256216815,False,False,False,False,False,False,RealEstate
DLR,2025-12-18 05:00:00,147.93,2026-01-09 05:00:00,157.395,0.06398296491583855,False,False,False,False,False,False,RealEstate
APD,2025-04-04 04:00:00,263.47,2026-01-09 05:00:00,263.74,0.0010247846054578513,False,False,True,True,True,False,Materials
APD,2025-04-07 04:00:00,259.1,2026-01-09 05:00:00,263.74,0.017908143573909685,False,False,True,False,True,False,Materials
APD,2025-04-08 04:00:00,248.61,2026-01-09 05:00:00,263.74,0.0608583725513856,False,False,True,False,True,False,Materials
APD,2025-09-25 04:00:00,265.78,2026-01-09 05:00:00,263.74,-0.007675521107682881,False,False,False,True,False,True,Materials
APD,2025-09-26 04:00:00,266.78,2026-01-09 05:00:00,263.74,-0.011395157058250116,False,False,False,True,False,False,Materials
APD,2025-10-10 04:00:00,257.08,2026-01-09 05:00:00,263.74,0.025906332659094478,False,False,True,False,False,False,Materials
APD,2025-10-16 04:00:00,253.18,2026-01-09 05:00:00,263.74,0.04170945572320095,False,False,False,False,True,False,Materials
APD,2025-10-17 04:00:00,253.2,2026-01-09 05:00:00,263.74,0.04162717219589274,False,False,False,False,True,False,Materials
APD,2025-10-20 04:00:00,254.21,2026-01-09 05:00:00,263.74,0.037488690452775364,False,False,True,False,False,False,Materials
APD,2025-10-22 04:00:00,253.15,2026-01-09 05:00:00,263.74,0.04183290539206008,False,False,True,False,False,False,Materials
APD,2025-10-29 04:00:00,248.34,2026-01-09 05:00:00,263.74,0.062011758073608814,False,False,True,False,False,False,Materials
APD,2025-10-30 04:00:00,244.66,2026-01-09 05:00:00,263.74,0.07798577617918756,False,False,True,False,False,False,Materials
APD,2025-10-31 04:00:00,242.59,2026-01-09 05:00:00,263.74,0.08718413784574808,False,False,True,False,False,False,Materials
APD,2025-11-03 05:00:00,239.36,2026-01-09 05:00:00,263.74,0.10185494652406413,False,False,False,True,True,False,Materials
APD,2025-11-04 05:00:00,240.77,2026-01-09 05:00:00,263.74,0.09540225111101885,False,False,False,True,True,False,Materials
APD,2025-11-05 05:00:00,237.56,2026-01-09 05:00:00,263.74,0.11020373800303074,False,False,False,True,True,False,Materials
APD,2025-12-09 05:00:00,230.76,2026-01-09 05:00:00,263.74,0.14291905009533723,False,False,False,True,True,True,Materials
SRE,2025-02-25 05:00:00,70.64,2026-01-09 05:00:00,88.74,0.25622876557191376,False,False,False,False,True,True,Utilities
SRE,2025-02-27 05:00:00,71.9,2026-01-09 05:00:00,88.74,0.23421418636995806,False,False,False,False,True,True,Utilities
SRE,2025-02-28 05:00:00,71.57,2026-01-09 05:00:00,88.74,0.23990498812351557,False,False,False,False,True,False,Utilities
SRE,2025-03-03 05:00:00,71.44,2026-01-09 05:00:00,88.74,0.2421612541993281,False,False,False,False,True,False,Utilities
SRE,2025-03-04 05:00:00,70.63,2026-01-09 05:00:00,88.74,0.25640662607956966,False,False,False,False,True,False,Utilities
SRE,2025-03-06 05:00:00,69.62,2026-01-09 05:00:00,88.74,0.27463372594082136,False,False,False,False,True,False,Utilities
SRE,2025-03-07 05:00:00,69.3,2026-01-09 05:00:00,88.74,0.2805194805194804,False,False,False,False,True,False,Utilities
SRE,2025-03-10 04:00:00,69.47,2026-01-09 05:00:00,88.74,0.2773859219807111,False,False,True,False,False,False,Utilities
SRE,2025-03-11 04:00:00,68.79,2026-01-09 05:00:00,88.74,0.2900130832969907,False,False,True,False,False,False,Utilities
SRE,2025-03-12 04:00:00,68.95,2026-01-09 05:00:00,88.74,0.28701957940536604,False,False,True,False,False,False,Utilities
SRE,2025-03-13 04:00:00,67.85,2026-01-09 05:00:00,88.74,0.3078850405305822,False,False,True,False,False,False,Utilities
SRE,2025-04-08 04:00:00,63.78,2026-01-09 05:00:00,88.74,0.3913452492944496,False,False,True,True,True,False,Utilities
PSX,2025-04-03 04:00:00,107.18,2026-01-09 05:00:00,142.52,0.32972569509236793,False,False,True,False,True,True,Energy
PSX,2025-04-04 04:00:00,98.81,2026-01-09 05:00:00,142.52,0.4423641331849004,False,True,True,False,True,False,Energy
PSX,2025-04-07 04:00:00,96.59,2026-01-09 05:00:00,142.52,0.47551506367118757,False,True,True,False,True,False,Energy
PSX,2025-04-08 04:00:00,92.87,2026-01-09 05:00:00,142.52,0.5346182836222677,False,True,True,False,True,False,Energy
CPRT,2025-05-29 04:00:00,51.42,2026-01-09 05:00:00,39.915,-0.22374562427071187,False,False,False,True,True,False,Other
CPRT,2025-05-30 04:00:00,51.48,2026-01-09 05:00:00,39.915,-0.22465034965034958,False,False,False,True,True,True,Other
CPRT,2025-06-02 04:00:00,50.8,2026-01-09 05:00:00,39.915,-0.21427165354330702,False,False,True,False,False,False,Other
CPRT,2025-06-03 04:00:00,51.01,2026-01-09 05:00:00,39.915,-0.21750637129974515,False,False,True,False,False,False,Other
CPRT,2025-06-04 04:00:00,50.38,2026-01-09 05:00:00,39.915,-0.20772131798332683,False,False,True,False,False,False,Other
CPRT,2025-06-05 04:00:00,50.14,2026-01-09 05:00:00,39.915,-0.2039289988033507,False,False,True,False,False,False,Other
CPRT,2025-06-06 04:00:00,50.13,2026-01-09 05:00:00,39.915,-0.20377019748653502,False,False,True,False,False,False,Other
CPRT,2025-06-09 04:00:00,50.15,2026-01-09 05:00:00,39.915,-0.2040877367896311,False,False,True,False,False,False,Other
CPRT,2025-06-10 04:00:00,50.28,2026-01-09 05:00:00,39.915,-0.206145584725537,False,False,True,False,False,False,Other
CPRT,2025-06-11 04:00:00,50.5,2026-01-09 05:00:00,39.915,-0.20960396039603957,False,False,True,False,False,False,Other
CPRT,2025-06-12 04:00:00,49.99,2026-01-09 05:00:00,39.915,-0.20154030806161238,False,False,True,False,False,False,Other
CPRT,2025-06-13 04:00:00,48.59,2026-01-09 05:00:00,39.915,-0.17853467791726696,False,False,True,False,False,False,Other
CPRT,2025-06-16 04:00:00,48.39,2026-01-09 05:00:00,39.915,-0.17513949163050224,False,False,True,False,True,False,Other
CPRT,2025-06-17 04:00:00,48.0,2026-01-09 05:00:00,39.915,-0.16843750000000002,False,False,True,False,True,False,Other
CPRT,2025-06-18 04:00:00,47.88,2026-01-09 05:00:00,39.915,-0.1663533834586467,False,False,True,False,True,False,Other
CPRT,2025-06-20 04:00:00,47.97,2026-01-09 05:00:00,39.915,-0.16791744840525324,False,False,True,False,True,False,Other
CPRT,2025-06-23 04:00:00,47.72,2026-01-09 05:00:00,39.915,-0.16355825649622802,False,False,True,False,True,False,Other
CPRT,2025-06-24 04:00:00,48.65,2026-01-09 05:00:00,39.915,-0.17954779033915724,False,False,True,False,True,False,Other
CPRT,2025-06-25 04:00:00,48.14,2026-01-09 05:00:00,39.915,-0.17085583714167019,False,False,True,False,True,False,Other
CPRT,2025-06-26 04:00:00,48.24,2026-01-09 05:00:00,39.915,-0.1725746268656717,False,False,True,False,True,False,Other
CPRT,2025-06-27 04:00:00,48.18,2026-01-09 05:00:00,39.915,-0.1715442092154421,False,False,True,False,True,False,Other
CPRT,2025-07-15 04:00:00,45.9,2026-01-09 05:00:00,39.915,-0.13039215686274508,False,False,False,False,True,True,Other
CPRT,2025-07-16 04:00:00,45.98,2026-01-09 05:00:00,39.915,-0.13190517616354935,False,False,False,False,True,False,Other
CPRT,2025-07-17 04:00:00,45.89,2026-01-09 05:00:00,39.915,-0.13020265853127044,False,False,False,False,True,False,Other
CPRT,2025-07-18 04:00:00,45.98,2026-01-09 05:00:00,39.915,-0.13190517616354935,False,False,False,False,True,False,Other
CPRT,2025-07-21 04:00:00,46.03,2026-01-09 05:00:00,39.915,-0.1328481425157506,False,False,True,False,True,False,Other
CPRT,2025-11-06 05:00:00,39.98,2026-01-09 05:00:00,39.915,-0.001625812906453139,False,False,False,False,True,True,Other
CPRT,2025-11-07 05:00:00,40.51,2026-01-09 05:00:00,39.915,-0.014687731424339656,False,False,False,False,True,False,Other
CPRT,2025-11-24 05:00:00,38.91,2026-01-09 05:00:00,39.915,0.025828835774865055,False,False,False,True,True,False,Other
CPRT,2025-11-25 05:00:00,39.06,2026-01-09 05:00:00,39.915,0.021889400921658808,False,False,False,True,True,False,Other
CPRT,2025-11-26 05:00:00,38.75,2026-01-09 05:00:00,39.915,0.03006451612903227,False,False,False,True,True,False,Other
CPRT,2025-11-28 05:00:00,38.98,2026-01-09 05:00:00,39.915,0.023986659825551593,False,False,False,True,True,False,Other
CPRT,2025-12-02 05:00:00,38.96,2026-01-09 05:00:00,39.915,0.024512320328542003,False,False,True,True,False,False,Other
CPRT,2025-12-03 05:00:00,38.85,2026-01-09 05:00:00,39.915,0.02741312741312729,False,False,True,True,False,False,Other
CPRT,2025-12-04 05:00:00,38.8,2026-01-09 05:00:00,39.915,0.028737113402061976,False,False,True,True,False,False,Other
CPRT,2025-12-05 05:00:00,38.72,2026-01-09 05:00:00,39.915,0.030862603305785052,False,False,True,True,False,False,Other
CPRT,2025-12-08 05:00:00,38.41,2026-01-09 05:00:00,39.915,0.03918250455610517,False,False,True,False,True,False,Other
CPRT,2025-12-09 05:00:00,38.44,2026-01-09 05:00:00,39.915,0.038371488033298595,False,False,True,False,True,False,Other
MPC,2025-04-04 04:00:00,121.07,2026-01-09 05:00:00,176.905,0.46117948294375166,False,True,False,False,False,False,Energy
MPC,2025-04-07 04:00:00,121.66,2026-01-09 05:00:00,176.905,0.4540933749794509,False,True,True,False,True,False,Energy
MPC,2025-04-08 04:00:00,118.55,2026-01-09 05:00:00,176.905,0.49223956136651204,False,True,True,False,True,False,Energy
NXPI,2025-04-03 04:00:00,171.88,2026-01-09 05:00:00,241.953,0.4076855946008844,False,True,True,False,True,True,Tech
NXPI,2025-04-04 04:00:00,160.81,2026-01-09 05:00:00,241.953,0.5045892668366394,False,True,True,False,True,True,Tech
NXPI,2025-04-07 04:00:00,163.29,2026-01-09 05:00:00,241.953,0.481738012125666,False,True,True,False,False,True,Tech
NXPI,2025-04-08 04:00:00,153.5,2026-01-09 05:00:00,241.953,0.5762410423452768,False,True,True,False,False,False,Tech
NXPI,2025-11-18 05:00:00,188.59,2026-01-09 05:00:00,241.953,0.282957739010552,False,False,True,True,True,False,Tech
NXPI,2025-11-20 05:00:00,184.19,2026-01-09 05:00:00,241.953,0.3136055160432163,False,False,True,True,True,False,Tech
PSA,2025-04-08 04:00:00,266.31,2026-01-09 05:00:00,277.69,0.04273215425631771,False,False,False,True,True,False,RealEstate
TFC,2025-04-03 04:00:00,37.04,2026-01-09 05:00:00,50.585,0.36568574514038876,False,False,False,False,True,False,Finance
TFC,2025-04-04 04:00:00,34.79,2026-01-09 05:00:00,50.585,0.45400977292325395,False,False,False,False,True,True,Finance
TFC,2025-04-07 04:00:00,35.14,2026-01-09 05:00:00,50.585,0.4395276038702334,False,False,True,False,False,True,Finance
TFC,2025-04-08 04:00:00,34.92,2026-01-09 05:00:00,50.585,0.4485967926689576,False,False,True,False,False,False,Finance
MET,2025-04-04 04:00:00,69.07,2026-01-09 05:00:00,79.225,0.14702475749239907,False,False,False,False,True,True,Finance
MET,2025-04-07 04:00:00,69.34,2026-01-09 05:00:00,79.225,0.14255840784539942,False,False,True,False,False,True,Finance
MET,2025-04-08 04:00:00,68.42,2026-01-09 05:00:00,79.225,0.15792166033323585,False,False,True,False,False,False,Finance
SPG,2025-04-04 04:00:00,146.05,2026-01-09 05:00:00,185.025,0.26686066415611087,False,False,True,False,True,False,RealEstate
SPG,2025-04-07 04:00:00,143.34,2026-01-09 05:00:00,185.025,0.29081205525324405,False,False,False,False,True,False,RealEstate
SPG,2025-04-08 04:00:00,140.37,2026-01-09 05:00:00,185.025,0.3181235306689463,False,False,False,False,True,False,RealEstate
FTNT,2025-04-04 04:00:00,84.71,2026-01-09 05:00:00,78.54,-0.07283673710305738,False,False,False,False,True,True,Tech
FTNT,2025-08-07 04:00:00,75.3,2026-01-09 05:00:00,78.54,0.04302788844621519,False,True,True,True,True,True,Tech
FTNT,2025-08-08 04:00:00,74.39,2026-01-09 05:00:00,78.54,0.055787068154321995,False,True,True,True,True,True,Tech
FTNT,2025-08-11 04:00:00,74.57,2026-01-09 05:00:00,78.54,0.0532385677886551,False,True,True,False,False,False,Tech
FTNT,2025-08-12 04:00:00,78.47,2026-01-09 05:00:00,78.54,0.000892060660125038,False,False,True,False,False,False,Tech
FTNT,2025-08-13 04:00:00,79.33,2026-01-09 05:00:00,78.54,-0.009958401613513024,False,False,True,False,False,False,Tech
FTNT,2025-08-14 04:00:00,77.25,2026-01-09 05:00:00,78.54,0.016699029126213683,False,False,True,False,False,False,Tech
FTNT,2025-08-15 04:00:00,79.11,2026-01-09 05:00:00,78.54,-0.0072051573758057375,False,False,True,False,False,False,Tech
VLO,2025-04-03 04:00:00,114.29,2026-01-09 05:00:00,184.6902,0.6159786508005949,False,False,False,False,True,True,Energy
VLO,2025-04-04 04:00:00,104.69,2026-01-09 05:00:00,184.6902,0.7641627662622983,False,True,False,False,True,False,Energy
VLO,2025-04-07 04:00:00,106.67,2026-01-09 05:00:00,184.6902,0.7314165182338053,False,True,False,False,True,False,Energy
VLO,2025-04-08 04:00:00,105.18,2026-01-09 05:00:00,184.6902,0.7559440958357102,False,True,False,False,True,False,Energy
HUM,2025-11-19 05:00:00,228.9,2026-01-09 05:00:00,277.6884,0.21314285714285708,False,False,True,False,False,False,Health
HUM,2025-11-20 05:00:00,223.29,2026-01-09 05:00:00,277.6884,0.2436221953513369,False,False,True,False,False,False,Health
PCG,2025-01-10 05:00:00,17.17,2026-01-09 05:00:00,15.885,-0.07483983692486906,False,False,False,False,True,True,Utilities
PCG,2025-01-13 05:00:00,16.22,2026-01-09 05:00:00,15.885,-0.02065351418002459,False,False,False,True,True,True,Utilities
PCG,2025-01-14 05:00:00,16.22,2026-01-09 05:00:00,15.885,-0.02065351418002459,False,False,False,True,True,True,Utilities
PCG,2025-01-15 05:00:00,16.87,2026-01-09 05:00:00,15.885,-0.058387670420865456,False,False,False,True,True,False,Utilities
PCG,2025-01-16 05:00:00,16.95,2026-01-09 05:00:00,15.885,-0.06283185840707961,False,False,False,True,True,False,Utilities
PCG,2025-01-17 05:00:00,17.01,2026-01-09 05:00:00,15.885,-0.06613756613756627,False,False,False,True,True,False,Utilities
PCG,2025-01-22 05:00:00,16.44,2026-01-09 05:00:00,15.885,-0.0337591240875913,False,False,True,False,False,False,Utilities
PCG,2025-01-23 05:00:00,16.24,2026-01-09 05:00:00,15.885,-0.02185960591132996,False,False,True,False,False,False,Utilities
PCG,2025-01-28 05:00:00,15.96,2026-01-09 05:00:00,15.885,-0.00469924812030087,False,False,True,True,False,False,Utilities
PCG,2025-01-29 05:00:00,15.79,2026-01-09 05:00:00,15.885,0.00601646611779616,False,False,True,True,False,False,Utilities
PCG,2025-01-30 05:00:00,15.69,2026-01-09 05:00:00,15.885,0.012428298279158811,False,False,True,True,False,False,Utilities
PCG,2025-01-31 05:00:00,15.65,2026-01-09 05:00:00,15.885,0.015015974440894642,False,False,True,True,False,False,Utilities
PCG,2025-02-03 05:00:00,15.16,2026-01-09 05:00:00,15.885,0.04782321899736153,False,False,True,False,False,False,Utilities
PCG,2025-02-04 05:00:00,15.18,2026-01-09 05:00:00,15.885,0.04644268774703564,False,False,True,False,False,False,Utilities
PCG,2025-06-06 04:00:00,15.64,2026-01-09 05:00:00,15.885,0.01566496163682851,False,False,True,False,True,True,Utilities
PCG,2025-06-09 04:00:00,14.58,2026-01-09 05:00:00,15.885,0.08950617283950613,False,False,True,False,True,True,Utilities
PCG,2025-06-10 04:00:00,14.79,2026-01-09 05:00:00,15.885,0.0740365111561867,False,False,True,False,True,True,Utilities
PCG,2025-06-11 04:00:00,14.39,2026-01-09 05:00:00,15.885,0.10389159138290482,False,False,True,False,True,True,Utilities
PCG,2025-06-12 04:00:00,14.3,2026-01-09 05:00:00,15.885,0.11083916083916079,False,False,True,False,True,False,Utilities
PCG,2025-06-13 04:00:00,13.64,2026-01-09 05:00:00,15.885,0.16458944281524923,False,True,True,False,True,False,Utilities
PCG,2025-06-16 04:00:00,13.6,2026-01-09 05:00:00,15.885,0.1680147058823529,False,True,True,False,False,False,Utilities
PCG,2025-06-17 04:00:00,13.55,2026-01-09 05:00:00,15.885,0.17232472324723247,False,True,True,False,False,False,Utilities
PCG,2025-06-18 04:00:00,14.07,2026-01-09 05:00:00,15.885,0.12899786780383793,False,False,True,False,False,False,Utilities
PCG,2025-06-20 04:00:00,13.87,2026-01-09 05:00:00,15.885,0.14527757750540737,False,False,True,False,False,False,Utilities
PCG,2025-06-23 04:00:00,13.81,2026-01-09 05:00:00,15.885,0.15025343953656756,False,False,True,False,False,False,Utilities
PCG,2025-07-15 04:00:00,13.0,2026-01-09 05:00:00,15.885,0.2219230769230769,False,True,True,False,True,False,Utilities
SLB,2025-04-04 04:00:00,34.78,2026-01-09 05:00:00,44.93,0.2918343875790683,False,False,True,True,True,True,Energy
SLB,2025-04-07 04:00:00,33.14,2026-01-09 05:00:00,44.93,0.3557634278817139,False,True,False,False,True,False,Energy
SLB,2025-04-08 04:00:00,31.95,2026-01-09 05:00:00,44.93,0.40625978090766823,False,True,False,False,True,False,Energy
PAYX,2025-09-25 04:00:00,126.69,2026-01-09 05:00:00,114.525,-0.09602178546057294,False,False,True,True,True,False,Other
PAYX,2025-10-01 04:00:00,124.01,2026-01-09 05:00:00,114.525,-0.07648576727683254,False,False,True,False,False,False,Other
PAYX,2025-10-02 04:00:00,123.42,2026-01-09 05:00:00,114.525,-0.07207097715119104,False,False,True,False,False,False,Other
PAYX,2025-10-29 04:00:00,117.4,2026-01-09 05:00:00,114.525,-0.024488926746166984,False,False,False,False,True,False,Other
PAYX,2025-10-30 04:00:00,117.23,2026-01-09 05:00:00,114.525,-0.02307429838778463,False,False,False,False,True,False,Other
PAYX,2025-10-31 04:00:00,117.03,2026-01-09 05:00:00,114.525,-0.021404768008203012,False,False,False,False,True,False,Other
PAYX,2025-11-03 05:00:00,115.11,2026-01-09 05:00:00,114.525,-0.0050820953870210905,False,False,True,False,True,False,Other
PAYX,2025-11-04 05:00:00,115.14,2026-01-09 05:00:00,114.525,-0.005341323606044779,False,False,True,False,True,False,Other
PAYX,2025-11-05 05:00:00,116.5,2026-01-09 05:00:00,114.525,-0.016952789699570814,False,False,True,False,True,False,Other
PAYX,2025-11-06 05:00:00,112.82,2026-01-09 05:00:00,114.525,0.015112568693494088,False,False,True,False,True,False,Other
PAYX,2025-11-07 05:00:00,111.96,2026-01-09 05:00:00,114.525,0.02290996784565924,False,False,True,False,True,False,Other
PAYX,2025-11-10 05:00:00,111.48,2026-01-09 05:00:00,114.525,0.02731431646932192,False,False,True,False,False,False,Other
PAYX,2025-11-11 05:00:00,111.64,2026-01-09 05:00:00,114.525,0.025841992117520585,False,False,True,False,False,False,Other
PAYX,2025-11-12 05:00:00,111.08,2026-01-09 05:00:00,114.525,0.03101368383147296,False,False,True,False,False,False,Other
PAYX,2025-11-13 05:00:00,111.8,2026-01-09 05:00:00,114.525,0.024373881932021613,False,False,True,False,False,False,Other
PAYX,2025-11-14 05:00:00,112.1,2026-01-09 05:00:00,114.525,0.021632471008028675,False,False,True,False,False,False,Other
PAYX,2025-11-17 05:00:00,110.48,2026-01-09 05:00:00,114.525,0.036612961622012996,False,False,True,False,False,False,Other
PAYX,2025-11-18 05:00:00,109.96,2026-01-09 05:00:00,114.525,0.041515096398690554,False,False,True,False,False,False,Other
PAYX,2025-11-19 05:00:00,109.55,2026-01-09 05:00:00,114.525,0.045413053400273906,False,False,True,False,False,False,Other
PAYX,2025-11-20 05:00:00,108.46,2026-01-09 05:00:00,114.525,0.05591923289692069,False,False,True,False,False,False,Other
CCI,2025-01-02 05:00:00,89.26,2026-01-06 05:00:00,87.13,-0.02386287250728225,True,False,True,False,False,False,RealEstate
CCI,2025-01-03 05:00:00,89.99,2026-01-07 05:00:00,85.09,-0.05445049449938877,True,False,True,False,False,False,RealEstate
CCI,2025-01-06 05:00:00,88.54,2026-01-08 05:00:00,84.52,-0.045403207589789996,True,False,False,False,True,False,RealEstate
CCI,2025-01-07 05:00:00,87.46,2026-01-09 05:00:00,83.86,-0.04116167390807224,True,False,False,False,True,False,RealEstate
CCI,2025-01-08 05:00:00,87.5,2026-01-09 05:00:00,83.86,-0.04159999999999997,False,False,False,False,True,False,RealEstate
CCI,2025-01-10 05:00:00,84.33,2026-01-09 05:00:00,83.86,-0.005573342819874316,False,False,False,False,True,False,RealEstate
CCI,2025-01-13 05:00:00,85.73,2026-01-09 05:00:00,83.86,-0.02181266767759249,False,False,True,True,True,False,RealEstate
CCI,2025-01-14 05:00:00,86.67,2026-01-09 05:00:00,83.86,-0.03242182992961806,False,False,True,True,True,False,RealEstate
CCI,2025-01-15 05:00:00,86.64,2026-01-09 05:00:00,83.86,-0.03208679593721142,False,False,True,True,True,False,RealEstate
CCI,2025-09-08 04:00:00,93.88,2026-01-09 05:00:00,83.86,-0.10673199829569657,False,False,True,False,False,True,RealEstate
CCI,2025-10-31 04:00:00,90.22,2026-01-09 05:00:00,83.86,-0.07049434715140768,False,False,False,False,True,False,RealEstate
CCI,2025-11-03 05:00:00,89.52,2026-01-09 05:00:00,83.86,-0.06322609472743512,False,False,False,True,False,False,RealEstate
CCI,2025-11-06 05:00:00,87.81,2026-01-09 05:00:00,83.86,-0.04498348707436517,False,False,False,True,False,False,RealEstate
CCI,2026-01-09 05:00:00,83.86,2026-01-09 05:00:00,83.86,0.0,False,False,False,False,True,False,RealEstate
MNST,2025-01-23 05:00:00,48.11,2026-01-09 05:00:00,77.28,0.606318852629391,False,False,True,False,False,False,Other
MNST,2025-01-24 05:00:00,48.28,2026-01-09 05:00:00,77.28,0.6006628003314001,False,False,True,False,False,False,Other
MNST,2025-02-04 05:00:00,46.61,2026-01-09 05:00:00,77.28,0.6580133018665524,False,False,True,False,False,False,Other
MNST,2025-02-05 05:00:00,46.16,2026-01-09 05:00:00,77.28,0.6741767764298094,False,False,True,False,False,False,Other
MNST,2025-02-06 05:00:00,46.3,2026-01-09 05:00:00,77.28,0.6691144708423327,False,False,True,False,False,False,Other
FAST,2025-11-17 05:00:00,39.7,2026-01-09 05:00:00,42.295,0.06536523929471039,False,False,True,False,True,False,Other
FAST,2025-11-19 05:00:00,39.55,2026-01-09 05:00:00,42.295,0.06940581542351465,False,False,True,False,True,False,Other
FAST,2025-11-20 05:00:00,39.15,2026-01-09 05:00:00,42.295,0.0803320561941252,False,False,True,False,True,False,Other
KMB,2025-11-03 05:00:00,102.27,2026-01-09 05:00:00,97.97,-0.04204556565952866,False,True,True,True,True,True,Staples
KMB,2025-11-04 05:00:00,100.64,2026-01-09 05:00:00,97.97,-0.026530206677265467,False,True,True,True,True,True,Staples
KMB,2025-11-05 05:00:00,100.05,2026-01-09 05:00:00,97.97,-0.02078960519740125,False,True,True,True,True,True,Staples
KMB,2025-11-06 05:00:00,100.77,2026-01-09 05:00:00,97.97,-0.027786047434752326,False,True,True,True,True,False,Staples
KMB,2025-11-07 05:00:00,103.85,2026-01-09 05:00:00,97.97,-0.05662012518054882,False,False,True,True,True,False,Staples
KMB,2025-11-10 05:00:00,103.09,2026-01-09 05:00:00,97.97,-0.04966534096420605,False,False,False,True,False,False,Staples
KMB,2025-11-11 05:00:00,103.03,2026-01-09 05:00:00,97.97,-0.04911190915267405,False,False,False,True,False,False,Staples
KMB,2025-11-19 05:00:00,102.37,2026-01-09 05:00:00,97.97,-0.04298134219009486,False,False,True,True,False,False,Staples
KMB,2026-01-06 05:00:00,97.64,2026-01-09 05:00:00,97.97,0.0033797623924620712,False,False,False,True,True,False,Staples
KMB,2026-01-07 05:00:00,97.56,2026-01-09 05:00:00,97.97,0.004202542025420142,False,False,False,True,True,False,Staples
PRU,2025-04-04 04:00:00,96.53,2026-01-09 05:00:00,119.0,0.23277737490935468,False,False,False,False,True,False,Finance
PRU,2025-04-07 04:00:00,95.78,2026-01-09 05:00:00,119.0,0.24243057005637914,False,False,True,False,False,False,Finance
PRU,2025-04-08 04:00:00,95.12,2026-01-09 05:00:00,119.0,0.2510513036164843,False,False,True,False,False,False,Finance
CMI,2025-04-03 04:00:00,295.35,2026-01-09 05:00:00,550.93,0.8653461994244114,False,False,False,False,True,False,Other
CMI,2025-04-04 04:00:00,277.62,2026-01-09 05:00:00,550.93,0.9844751819033208,False,False,False,False,True,False,Other
CMI,2025-04-07 04:00:00,275.67,2026-01-09 05:00:00,550.93,0.9985127144774546,False,False,True,False,False,False,Other
CMI,2025-04-08 04:00:00,267.12,2026-01-09 05:00:00,550.93,1.0624812818209044,False,False,True,False,False,False,Other
PWR,2025-02-24 05:00:00,259.36,2026-01-09 05:00:00,420.92,0.6229179518815546,False,False,True,False,False,False,Other
PWR,2025-03-03 05:00:00,250.91,2026-01-09 05:00:00,420.92,0.6775736319795944,False,False,True,False,False,False,Other
PWR,2025-03-04 05:00:00,249.63,2026-01-09 05:00:00,420.92,0.6861755397989024,False,False,True,False,False,False,Other
PWR,2025-03-06 05:00:00,240.88,2026-01-09 05:00:00,420.92,0.7474261042842911,False,False,True,False,False,False,Other
PWR,2025-03-10 04:00:00,236.71,2026-01-09 05:00:00,420.92,0.7782096235900469,False,False,True,False,True,False,Other
DHI,2025-01-02 05:00:00,137.64,2026-01-06 05:00:00,144.5,0.04984016274338865,True,False,True,False,False,False,Consumer
DHI,2025-01-07 05:00:00,137.84,2026-01-09 05:00:00,155.98,0.1316018572257689,True,False,False,True,True,False,Consumer
DHI,2025-11-17 05:00:00,137.76,2026-01-09 05:00:00,155.98,0.13225900116144018,False,False,True,True,True,False,Consumer
DHI,2025-11-18 05:00:00,138.45,2026-01-09 05:00:00,155.98,0.12661610689779712,False,False,True,True,True,False,Consumer
DHI,2025-11-19 05:00:00,137.53,2026-01-09 05:00:00,155.98,0.13415254853486513,False,False,True,True,True,False,Consumer
DHI,2025-11-20 05:00:00,137.32,2026-01-09 05:00:00,155.98,0.13588697931838034,False,False,True,True,True,False,Consumer
CTVA,2025-10-01 04:00:00,61.47,2026-01-09 05:00:00,68.965,0.1219293964535546,False,False,True,True,False,True,Other
AME,2025-04-04 04:00:00,152.66,2026-01-09 05:00:00,210.97,0.3819599109131404,False,False,True,False,True,False,Other
AME,2025-04-07 04:00:00,153.33,2026-01-09 05:00:00,210.97,0.3759212156786016,False,False,True,False,False,True,Other
AME,2025-04-08 04:00:00,151.41,2026-01-09 05:00:00,210.97,0.39336899808467085,False,False,True,False,False,False,Other
LEN,2025-01-02 05:00:00,130.0774,2026-01-06 05:00:00,106.36,-0.18233298021024413,True,False,True,False,False,False,Consumer
LEN,2025-01-03 05:00:00,131.5392,2026-01-07 05:00:00,103.93,-0.2098933245754877,True,False,True,False,False,False,Consumer
LEN,2025-01-06 05:00:00,130.7454,2026-01-08 05:00:00,109.55,-0.1621120131186259,True,False,True,False,True,False,Consumer
LEN,2025-01-07 05:00:00,128.8867,2026-01-09 05:00:00,117.915,-0.08512670430696101,True,False,True,False,True,False,Consumer
LEN,2025-01-08 05:00:00,129.274,2026-01-09 05:00:00,117.915,-0.08786762999520392,False,False,True,False,True,False,Consumer
LEN,2025-01-10 05:00:00,125.4211,2026-01-09 05:00:00,117.915,-0.05984718679711776,False,False,True,False,True,False,Consumer
LEN,2025-01-13 05:00:00,127.3766,2026-01-09 05:00:00,117.915,-0.07428051934185709,False,False,True,True,True,False,Consumer
LEN,2025-04-08 04:00:00,102.96,2026-01-09 05:00:00,117.915,0.14525058275058278,False,True,True,False,True,False,Consumer
LEN,2025-12-19 05:00:00,107.99,2026-01-09 05:00:00,117.915,0.0919066580238912,False,False,True,False,False,False,Consumer
LEN,2025-12-22 05:00:00,106.99,2026-01-09 05:00:00,117.915,0.10211234694831295,False,False,True,True,True,False,Consumer
LEN,2025-12-23 05:00:00,104.74,2026-01-09 05:00:00,117.915,0.12578766469352698,False,False,True,True,True,False,Consumer
LEN,2025-12-24 05:00:00,105.09,2026-01-09 05:00:00,117.915,0.1220382529260633,False,False,True,True,True,False,Consumer
LEN,2025-12-26 05:00:00,104.9,2026-01-09 05:00:00,117.915,0.12407054337464252,False,False,True,True,True,False,Consumer
LEN,2025-12-29 05:00:00,103.92,2026-01-09 05:00:00,117.915,0.1346709006928406,False,False,True,False,False,False,Consumer
LEN,2025-12-30 05:00:00,103.89,2026-01-09 05:00:00,117.915,0.13499855616517475,False,False,True,False,False,False,Consumer
LEN,2025-12-31 05:00:00,102.8,2026-01-09 05:00:00,117.915,0.14703307392996123,False,False,True,False,False,False,Consumer
LEN,2026-01-02 05:00:00,104.22,2026-01-09 05:00:00,117.915,0.13140472078295917,False,False,True,False,False,False,Consumer
A,2025-03-04 05:00:00,123.06,2026-01-09 05:00:00,149.1,0.21160409556313997,False,False,False,False,True,False,Other
A,2025-03-10 04:00:00,121.9,2026-01-09 05:00:00,149.1,0.22313371616078737,False,False,True,False,False,False,Other
A,2025-03-11 04:00:00,121.03,2026-01-09 05:00:00,149.1,0.23192596876807392,False,False,True,False,False,False,Other
A,2025-03-12 04:00:00,119.85,2026-01-09 05:00:00,149.1,0.244055068836045,False,False,True,False,False,False,Other
A,2025-03-13 04:00:00,117.33,2026-01-09 05:00:00,149.1,0.2707747379186909,False,False,True,False,False,False,Other
A,2025-03-28 04:00:00,116.69,2026-01-09 05:00:00,149.1,0.27774445110977797,False,False,True,True,False,False,Other
A,2025-04-01 04:00:00,114.05,2026-01-09 05:00:00,149.1,0.30732135028496277,False,False,True,True,True,False,Other
A,2025-04-03 04:00:00,109.67,2026-01-09 05:00:00,149.1,0.35953314488921295,False,False,True,True,True,False,Other
A,2025-04-04 04:00:00,103.0,2026-01-09 05:00:00,149.1,0.44757281553398043,False,True,True,True,True,False,Other
A,2025-04-07 04:00:00,103.59,2026-01-09 05:00:00,149.1,0.4393281204749493,False,True,True,False,False,False,Other
A,2025-04-08 04:00:00,99.29,2026-01-09 05:00:00,149.1,0.5016617987712759,False,True,True,False,False,False,Other
A,2025-04-10 04:00:00,99.95,2026-01-09 05:00:00,149.1,0.4917458729364681,False,True,True,False,False,False,Other
ODFL,2025-01-02 05:00:00,175.73,2026-01-06 05:00:00,168.88,-0.03898025379844072,True,False,True,False,False,False,Other
ODFL,2025-01-10 05:00:00,176.41,2026-01-09 05:00:00,172.43,-0.022561079303894283,False,False,True,True,True,False,Other
ODFL,2025-03-13 04:00:00,162.98,2026-01-09 05:00:00,172.43,0.05798257454902456,False,False,True,False,True,False,Other
ODFL,2025-03-14 04:00:00,162.5,2026-01-09 05:00:00,172.43,0.06110769230769231,False,False,True,False,True,False,Other
ODFL,2025-04-08 04:00:00,148.34,2026-01-09 05:00:00,172.43,0.162397195631657,False,True,True,False,True,False,Other
ODFL,2025-07-30 04:00:00,146.46,2026-01-09 05:00:00,172.43,0.17731803905503218,False,False,True,True,True,True,Other
ODFL,2025-08-01 04:00:00,141.85,2026-01-09 05:00:00,172.43,0.21557983785689117,False,False,True,True,True,False,Other
NUE,2025-01-02 05:00:00,114.48,2026-01-06 05:00:00,169.35,0.4792976939203353,True,True,True,False,False,False,Materials
NUE,2025-01-03 05:00:00,115.45,2026-01-07 05:00:00,164.81,0.4275443915114767,True,True,True,False,False,False,Materials
NUE,2025-04-03 04:00:00,109.79,2026-01-09 05:00:00,164.35,0.4969487202841787,False,True,True,False,False,False,Materials
NUE,2025-04-04 04:00:00,103.22,2026-01-09 05:00:00,164.35,0.592230187948072,False,True,True,False,False,False,Materials
NUE,2025-04-07 04:00:00,104.97,2026-01-09 05:00:00,164.35,0.5656854339335047,False,True,True,False,True,False,Materials
NUE,2025-04-08 04:00:00,103.68,2026-01-09 05:00:00,164.35,0.5851658950617282,False,True,True,False,True,False,Materials
RSG,2025-11-03 05:00:00,205.28,2026-01-09 05:00:00,213.175,0.03845966484801244,False,False,False,False,True,False,Industrial
RSG,2025-11-05 05:00:00,206.43,2026-01-09 05:00:00,213.175,0.03267451436322233,False,False,False,False,True,False,Industrial
RSG,2025-11-06 05:00:00,204.23,2026-01-09 05:00:00,213.175,0.04379865837536112,False,False,False,False,True,False,Industrial
RSG,2025-11-07 05:00:00,205.59,2026-01-09 05:00:00,213.175,0.036893817792694295,False,False,False,False,True,False,Industrial
RSG,2025-11-10 05:00:00,204.12,2026-01-09 05:00:00,213.175,0.04436116010190094,False,False,True,False,False,False,Industrial
FANG,2025-03-06 05:00:00,139.9,2026-01-09 05:00:00,147.0,0.05075053609721225,False,False,True,False,True,False,Energy
FANG,2025-03-07 05:00:00,140.11,2026-01-09 05:00:00,147.0,0.04917564770537419,False,False,True,False,True,False,Energy
FANG,2025-03-10 04:00:00,140.58,2026-01-09 05:00:00,147.0,0.04566794707639765,False,False,False,True,False,False,Energy
FANG,2025-04-04 04:00:00,123.37,2026-01-09 05:00:00,147.0,0.19153765096863085,False,True,False,False,True,False,Energy
FANG,2025-04-07 04:00:00,124.53,2026-01-09 05:00:00,147.0,0.1804384485666104,False,True,True,False,True,False,Energy
FANG,2025-04-08 04:00:00,119.25,2026-01-09 05:00:00,147.0,0.23270440251572322,False,True,True,False,True,False,Energy
